(CVXPY) Jul 17 01:16:55 PM: Encountered unexpected exception importing solver DIFFCP:
ImportError('DLL load failed while importing _diffcp: The specified module could not be found.')
Test set: 20 patients
Using canonical test set: 20 patients

  -- N=5, rho=1, method=kkt --
    Training: 5 patients
(CVXPY) Jul 17 01:16:56 PM: Encountered unexpected exception importing solver DIFFCP:
ImportError('DLL load failed while importing _diffcp: The specified module could not be found.')
  patients used=5  comp-slack resid=4.7519e+03
  alpha_hat (sign-constrained): [0.2069 0.2119 0.0633 0.4249 0.0349 0.0582]
  true alpha/sum (per function):[0.3175 0.3175 0.1587 0.0794 0.0794 0.0476]
  cond(M)=1.23e+02  per-patient leverage shares (N entries)=[0.006 0.151 0.283 0.231 0.329]
  unidentified direction (|smallest eigvec|, per function): [0.159 0.115 0.025 0.977 0.076 0.036]
    alpha_hat = [0.2069 0.2119 0.0633 0.4249 0.0349 0.0582]
    True alpha (per function) = [20. 20. 10.  5.  5.  3.]
(CVXPY) Jul 17 01:17:00 PM: Encountered unexpected exception importing solver DIFFCP:
ImportError('DLL load failed while importing _diffcp: The specified module could not be found.')
    test[ 0] Prostate_Patient_41: RelErr=0.2686  (3.2s)
(CVXPY) Jul 17 01:17:04 PM: Encountered unexpected exception importing solver DIFFCP:
ImportError('DLL load failed while importing _diffcp: The specified module could not be found.')
    test[ 1] Prostate_Patient_32: RelErr=0.3996  (1.9s)
(CVXPY) Jul 17 01:17:05 PM: Encountered unexpected exception importing solver DIFFCP:
ImportError('DLL load failed while importing _diffcp: The specified module could not be found.')
    test[ 2] Prostate_Patient_60: RelErr=0.3565  (1.6s)
(CVXPY) Jul 17 01:17:07 PM: Encountered unexpected exception importing solver DIFFCP:
ImportError('DLL load failed while importing _diffcp: The specified module could not be found.')
    test[ 3] Prostate_Patient_72: RelErr=0.4333  (0.9s)
(CVXPY) Jul 17 01:17:08 PM: Encountered unexpected exception importing solver DIFFCP:
ImportError('DLL load failed while importing _diffcp: The specified module could not be found.')
    test[ 4] Prostate_Patient_95: RelErr=0.3113  (1.7s)
(CVXPY) Jul 17 01:17:10 PM: Encountered unexpected exception importing solver DIFFCP:
ImportError('DLL load failed while importing _diffcp: The specified module could not be found.')
    test[ 5] Prostate_Patient_123: RelErr=0.3019  (2.5s)
(CVXPY) Jul 17 01:17:12 PM: Encountered unexpected exception importing solver DIFFCP:
ImportError('DLL load failed while importing _diffcp: The specified module could not be found.')
    test[ 6] Prostate_Patient_53: RelErr=0.2797  (2.9s)
(CVXPY) Jul 17 01:17:15 PM: Encountered unexpected exception importing solver DIFFCP:
ImportError('DLL load failed while importing _diffcp: The specified module could not be found.')
    test[ 7] Prostate_Patient_55: RelErr=0.2621  (1.7s)
(CVXPY) Jul 17 01:17:17 PM: Encountered unexpected exception importing solver DIFFCP:
ImportError('DLL load failed while importing _diffcp: The specified module could not be found.')
    test[ 8] Prostate_Patient_36: RelErr=0.3138  (1.1s)
(CVXPY) Jul 17 01:17:18 PM: Encountered unexpected exception importing solver DIFFCP:
ImportError('DLL load failed while importing _diffcp: The specified module could not be found.')
    test[ 9] Prostate_Patient_54: RelErr=0.3388  (1.4s)
(CVXPY) Jul 17 01:17:19 PM: Encountered unexpected exception importing solver DIFFCP:
ImportError('DLL load failed while importing _diffcp: The specified module could not be found.')
    test[10] Prostate_Patient_42: RelErr=0.3534  (1.8s)
(CVXPY) Jul 17 01:17:21 PM: Encountered unexpected exception importing solver DIFFCP:
ImportError('DLL load failed while importing _diffcp: The specified module could not be found.')
    test[11] Prostate_Patient_51: RelErr=0.3067  (2.0s)
(CVXPY) Jul 17 01:17:23 PM: Encountered unexpected exception importing solver DIFFCP:
ImportError('DLL load failed while importing _diffcp: The specified module could not be found.')
    test[12] Prostate_Patient_97: RelErr=0.3924  (1.1s)
(CVXPY) Jul 17 01:17:24 PM: Encountered unexpected exception importing solver DIFFCP:
ImportError('DLL load failed while importing _diffcp: The specified module could not be found.')
    test[13] Prostate_Patient_12: RelErr=0.2674  (5.8s)
(CVXPY) Jul 17 01:17:30 PM: Encountered unexpected exception importing solver DIFFCP:
ImportError('DLL load failed while importing _diffcp: The specified module could not be found.')
    test[14] Prostate_Patient_46: RelErr=0.2676  (1.7s)
(CVXPY) Jul 17 01:17:32 PM: Encountered unexpected exception importing solver DIFFCP:
ImportError('DLL load failed while importing _diffcp: The specified module could not be found.')
    test[15] Prostate_Patient_4: RelErr=0.2623  (3.0s)
(CVXPY) Jul 17 01:17:35 PM: Encountered unexpected exception importing solver DIFFCP:
ImportError('DLL load failed while importing _diffcp: The specified module could not be found.')
    test[16] Prostate_Patient_21: RelErr=0.2578  (4.3s)
(CVXPY) Jul 17 01:17:39 PM: Encountered unexpected exception importing solver DIFFCP:
ImportError('DLL load failed while importing _diffcp: The specified module could not be found.')
    test[17] Prostate_Patient_122: RelErr=0.2582  (6.5s)
(CVXPY) Jul 17 01:17:45 PM: Encountered unexpected exception importing solver DIFFCP:
ImportError('DLL load failed while importing _diffcp: The specified module could not be found.')
    test[18] Prostate_Patient_109: RelErr=0.3070  (2.0s)
(CVXPY) Jul 17 01:17:47 PM: Encountered unexpected exception importing solver DIFFCP:
ImportError('DLL load failed while importing _diffcp: The specified module could not be found.')
    test[19] Prostate_Patient_90: RelErr=0.3315  (1.1s)
    Mean RelErr = 0.3135  (20/20 valid, 53.0s total)

  -- N=5, rho=2, method=kkt --
    Training: 5 patients
(CVXPY) Jul 17 01:17:49 PM: Encountered unexpected exception importing solver DIFFCP:
ImportError('DLL load failed while importing _diffcp: The specified module could not be found.')
  patients used=5  comp-slack resid=1.8240e+00
  alpha_hat (sign-constrained): [0.3175 0.3174 0.1587 0.0793 0.0794 0.0476]
  true alpha/sum (per function):[0.3175 0.3175 0.1587 0.0794 0.0794 0.0476]
  cond(M)=9.43e+07  per-patient leverage shares (N entries)=[0.    0.205 0.27  0.181 0.344]
  unidentified direction (|smallest eigvec|, per function): [0.646 0.646 0.323 0.161 0.161 0.097]
    alpha_hat = [0.3175 0.3174 0.1587 0.0793 0.0794 0.0476]
    True alpha (per function) = [20. 20. 10.  5.  5.  3.]
(CVXPY) Jul 17 01:17:54 PM: Encountered unexpected exception importing solver DIFFCP:
ImportError('DLL load failed while importing _diffcp: The specified module could not be found.')
    test[ 0] Prostate_Patient_41: RelErr=0.0004  (5.9s)
(CVXPY) Jul 17 01:18:00 PM: Encountered unexpected exception importing solver DIFFCP:
ImportError('DLL load failed while importing _diffcp: The specified module could not be found.')
    test[ 1] Prostate_Patient_32: RelErr=0.0003  (3.1s)
(CVXPY) Jul 17 01:18:03 PM: Encountered unexpected exception importing solver DIFFCP:
ImportError('DLL load failed while importing _diffcp: The specified module could not be found.')
    test[ 2] Prostate_Patient_60: RelErr=0.0004  (3.0s)
(CVXPY) Jul 17 01:18:06 PM: Encountered unexpected exception importing solver DIFFCP:
ImportError('DLL load failed while importing _diffcp: The specified module could not be found.')
    test[ 3] Prostate_Patient_72: RelErr=0.0006  (2.3s)
(CVXPY) Jul 17 01:18:08 PM: Encountered unexpected exception importing solver DIFFCP:
ImportError('DLL load failed while importing _diffcp: The specified module could not be found.')
    test[ 4] Prostate_Patient_95: RelErr=0.0005  (2.8s)
(CVXPY) Jul 17 01:18:11 PM: Encountered unexpected exception importing solver DIFFCP:
ImportError('DLL load failed while importing _diffcp: The specified module could not be found.')
    test[ 5] Prostate_Patient_123: RelErr=0.0003  (3.7s)
(CVXPY) Jul 17 01:18:15 PM: Encountered unexpected exception importing solver DIFFCP:
ImportError('DLL load failed while importing _diffcp: The specified module could not be found.')
    test[ 6] Prostate_Patient_53: RelErr=0.0003  (3.5s)
(CVXPY) Jul 17 01:18:18 PM: Encountered unexpected exception importing solver DIFFCP:
ImportError('DLL load failed while importing _diffcp: The specified module could not be found.')
    test[ 7] Prostate_Patient_55: RelErr=0.0002  (1.6s)
(CVXPY) Jul 17 01:18:20 PM: Encountered unexpected exception importing solver DIFFCP:
ImportError('DLL load failed while importing _diffcp: The specified module could not be found.')
    test[ 8] Prostate_Patient_36: RelErr=0.0003  (1.8s)
(CVXPY) Jul 17 01:18:22 PM: Encountered unexpected exception importing solver DIFFCP:
ImportError('DLL load failed while importing _diffcp: The specified module could not be found.')
    test[ 9] Prostate_Patient_54: RelErr=0.0004  (1.9s)
(CVXPY) Jul 17 01:18:24 PM: Encountered unexpected exception importing solver DIFFCP:
ImportError('DLL load failed while importing _diffcp: The specified module could not be found.')
    test[10] Prostate_Patient_42: RelErr=0.0003  (2.8s)
(CVXPY) Jul 17 01:18:27 PM: Encountered unexpected exception importing solver DIFFCP:
ImportError('DLL load failed while importing _diffcp: The specified module could not be found.')
    test[11] Prostate_Patient_51: RelErr=0.0003  (2.6s)
(CVXPY) Jul 17 01:18:29 PM: Encountered unexpected exception importing solver DIFFCP:
ImportError('DLL load failed while importing _diffcp: The specified module could not be found.')
    test[12] Prostate_Patient_97: RelErr=0.0005  (2.6s)
(CVXPY) Jul 17 01:18:32 PM: Encountered unexpected exception importing solver DIFFCP:
ImportError('DLL load failed while importing _diffcp: The specified module could not be found.')
    test[13] Prostate_Patient_12: RelErr=0.0002  (9.4s)
(CVXPY) Jul 17 01:18:41 PM: Encountered unexpected exception importing solver DIFFCP:
ImportError('DLL load failed while importing _diffcp: The specified module could not be found.')
    test[14] Prostate_Patient_46: RelErr=0.0004  (2.9s)
(CVXPY) Jul 17 01:18:44 PM: Encountered unexpected exception importing solver DIFFCP:
ImportError('DLL load failed while importing _diffcp: The specified module could not be found.')
    test[15] Prostate_Patient_4: RelErr=0.0004  (4.5s)
(CVXPY) Jul 17 01:18:49 PM: Encountered unexpected exception importing solver DIFFCP:
ImportError('DLL load failed while importing _diffcp: The specified module could not be found.')
    test[16] Prostate_Patient_21: RelErr=0.0002  (8.6s)
(CVXPY) Jul 17 01:18:57 PM: Encountered unexpected exception importing solver DIFFCP:
ImportError('DLL load failed while importing _diffcp: The specified module could not be found.')
    test[17] Prostate_Patient_122: RelErr=0.0001  (19.3s)
(CVXPY) Jul 17 01:19:17 PM: Encountered unexpected exception importing solver DIFFCP:
ImportError('DLL load failed while importing _diffcp: The specified module could not be found.')
    test[18] Prostate_Patient_109: RelErr=0.0002  (4.3s)
(CVXPY) Jul 17 01:19:21 PM: Encountered unexpected exception importing solver DIFFCP:
ImportError('DLL load failed while importing _diffcp: The specified module could not be found.')
    test[19] Prostate_Patient_90: RelErr=0.0002  (2.5s)
    Mean RelErr = 0.0003  (20/20 valid, 94.8s total)

  -- N=5, rho=3, method=kkt --
    Training: 5 patients
(CVXPY) Jul 17 01:19:23 PM: Encountered unexpected exception importing solver DIFFCP:
ImportError('DLL load failed while importing _diffcp: The specified module could not be found.')
  patients used=5  comp-slack resid=9.3275e+09
  alpha_hat (sign-constrained): [0.2419 0.481  0.188  0.0474 0.0417 0.    ]
  true alpha/sum (per function):[0.3175 0.3175 0.1587 0.0794 0.0794 0.0476]
  cond(M)=3.67e+02  per-patient leverage shares (N entries)=[0.    0.299 0.281 0.166 0.253]
  unidentified direction (|smallest eigvec|, per function): [0.432 0.846 0.294 0.079 0.067 0.004]
    alpha_hat = [0.2419 0.481  0.188  0.0474 0.0417 0.    ]
    True alpha (per function) = [20. 20. 10.  5.  5.  3.]
(CVXPY) Jul 17 01:19:33 PM: Encountered unexpected exception importing solver DIFFCP:
ImportError('DLL load failed while importing _diffcp: The specified module could not be found.')
    test[ 0] Prostate_Patient_41: RelErr=0.0816  (9.2s)
(CVXPY) Jul 17 01:19:42 PM: Encountered unexpected exception importing solver DIFFCP:
ImportError('DLL load failed while importing _diffcp: The specified module could not be found.')
    test[ 1] Prostate_Patient_32: RelErr=0.1102  (3.7s)
(CVXPY) Jul 17 01:19:46 PM: Encountered unexpected exception importing solver DIFFCP:
ImportError('DLL load failed while importing _diffcp: The specified module could not be found.')
    test[ 2] Prostate_Patient_60: RelErr=0.1284  (4.4s)
(CVXPY) Jul 17 01:19:50 PM: Encountered unexpected exception importing solver DIFFCP:
ImportError('DLL load failed while importing _diffcp: The specified module could not be found.')
    test[ 3] Prostate_Patient_72: RelErr=0.1344  (2.3s)
(CVXPY) Jul 17 01:19:52 PM: Encountered unexpected exception importing solver DIFFCP:
ImportError('DLL load failed while importing _diffcp: The specified module could not be found.')
    test[ 4] Prostate_Patient_95: RelErr=0.1286  (3.0s)
(CVXPY) Jul 17 01:19:55 PM: Encountered unexpected exception importing solver DIFFCP:
ImportError('DLL load failed while importing _diffcp: The specified module could not be found.')
    test[ 5] Prostate_Patient_123: RelErr=0.1057  (4.9s)
(CVXPY) Jul 17 01:20:00 PM: Encountered unexpected exception importing solver DIFFCP:
ImportError('DLL load failed while importing _diffcp: The specified module could not be found.')
    test[ 6] Prostate_Patient_53: RelErr=0.0929  (6.5s)
(CVXPY) Jul 17 01:20:07 PM: Encountered unexpected exception importing solver DIFFCP:
ImportError('DLL load failed while importing _diffcp: The specified module could not be found.')
    test[ 7] Prostate_Patient_55: RelErr=0.1471  (3.0s)
(CVXPY) Jul 17 01:20:10 PM: Encountered unexpected exception importing solver DIFFCP:
ImportError('DLL load failed while importing _diffcp: The specified module could not be found.')
    test[ 8] Prostate_Patient_36: RelErr=0.1187  (3.3s)
(CVXPY) Jul 17 01:20:13 PM: Encountered unexpected exception importing solver DIFFCP:
ImportError('DLL load failed while importing _diffcp: The specified module could not be found.')
    test[ 9] Prostate_Patient_54: RelErr=0.1123  (3.5s)
(CVXPY) Jul 17 01:20:16 PM: Encountered unexpected exception importing solver DIFFCP:
ImportError('DLL load failed while importing _diffcp: The specified module could not be found.')
    test[10] Prostate_Patient_42: RelErr=0.1618  (4.1s)
(CVXPY) Jul 17 01:20:21 PM: Encountered unexpected exception importing solver DIFFCP:
ImportError('DLL load failed while importing _diffcp: The specified module could not be found.')
    test[11] Prostate_Patient_51: RelErr=0.0977  (6.0s)
(CVXPY) Jul 17 01:20:27 PM: Encountered unexpected exception importing solver DIFFCP:
ImportError('DLL load failed while importing _diffcp: The specified module could not be found.')
    test[12] Prostate_Patient_97: RelErr=0.1009  (4.5s)
(CVXPY) Jul 17 01:20:31 PM: Encountered unexpected exception importing solver DIFFCP:
ImportError('DLL load failed while importing _diffcp: The specified module could not be found.')
    test[13] Prostate_Patient_12: RelErr=0.0830  (13.6s)
(CVXPY) Jul 17 01:20:45 PM: Encountered unexpected exception importing solver DIFFCP:
ImportError('DLL load failed while importing _diffcp: The specified module could not be found.')
    test[14] Prostate_Patient_46: RelErr=0.1029  (4.4s)
(CVXPY) Jul 17 01:20:49 PM: Encountered unexpected exception importing solver DIFFCP:
ImportError('DLL load failed while importing _diffcp: The specified module could not be found.')
    test[15] Prostate_Patient_4: RelErr=0.1012  (9.0s)
(CVXPY) Jul 17 01:20:58 PM: Encountered unexpected exception importing solver DIFFCP:
ImportError('DLL load failed while importing _diffcp: The specified module could not be found.')
    test[16] Prostate_Patient_21: RelErr=0.0927  (10.5s)
(CVXPY) Jul 17 01:21:09 PM: Encountered unexpected exception importing solver DIFFCP:
ImportError('DLL load failed while importing _diffcp: The specified module could not be found.')
    test[17] Prostate_Patient_122: RelErr=0.1126  (17.4s)
(CVXPY) Jul 17 01:21:26 PM: Encountered unexpected exception importing solver DIFFCP:
ImportError('DLL load failed while importing _diffcp: The specified module could not be found.')
    test[18] Prostate_Patient_109: RelErr=0.1372  (4.3s)
(CVXPY) Jul 17 01:21:30 PM: Encountered unexpected exception importing solver DIFFCP:
ImportError('DLL load failed while importing _diffcp: The specified module could not be found.')
    test[19] Prostate_Patient_90: RelErr=0.1387  (1.9s)
    Mean RelErr = 0.1144  (20/20 valid, 128.8s total)

  -- N=6, rho=1, method=kkt --
    Training: 6 patients
(CVXPY) Jul 17 01:21:32 PM: Encountered unexpected exception importing solver DIFFCP:
ImportError('DLL load failed while importing _diffcp: The specified module could not be found.')
  patients used=6  comp-slack resid=5.8812e+03
  alpha_hat (sign-constrained): [0.1368 0.2331 0.0624 0.476  0.0361 0.0557]
  true alpha/sum (per function):[0.3175 0.3175 0.1587 0.0794 0.0794 0.0476]
  cond(M)=1.44e+02  per-patient leverage shares (N entries)=[0.005 0.112 0.211 0.172 0.245 0.256]
  unidentified direction (|smallest eigvec|, per function): [0.09  0.099 0.019 0.988 0.064 0.025]
    alpha_hat = [0.1368 0.2331 0.0624 0.476  0.0361 0.0557]
    True alpha (per function) = [20. 20. 10.  5.  5.  3.]
(CVXPY) Jul 17 01:21:38 PM: Encountered unexpected exception importing solver DIFFCP:
ImportError('DLL load failed while importing _diffcp: The specified module could not be found.')
    test[ 0] Prostate_Patient_41: RelErr=0.2726  (4.0s)
(CVXPY) Jul 17 01:21:42 PM: Encountered unexpected exception importing solver DIFFCP:
ImportError('DLL load failed while importing _diffcp: The specified module could not be found.')
    test[ 1] Prostate_Patient_32: RelErr=0.4023  (2.4s)
(CVXPY) Jul 17 01:21:45 PM: Encountered unexpected exception importing solver DIFFCP:
ImportError('DLL load failed while importing _diffcp: The specified module could not be found.')
    test[ 2] Prostate_Patient_60: RelErr=0.3545  (1.9s)
(CVXPY) Jul 17 01:21:46 PM: Encountered unexpected exception importing solver DIFFCP:
ImportError('DLL load failed while importing _diffcp: The specified module could not be found.')
    test[ 3] Prostate_Patient_72: RelErr=0.4260  (1.3s)
(CVXPY) Jul 17 01:21:48 PM: Encountered unexpected exception importing solver DIFFCP:
ImportError('DLL load failed while importing _diffcp: The specified module could not be found.')
    test[ 4] Prostate_Patient_95: RelErr=0.3267  (1.9s)
(CVXPY) Jul 17 01:21:50 PM: Encountered unexpected exception importing solver DIFFCP:
ImportError('DLL load failed while importing _diffcp: The specified module could not be found.')
    test[ 5] Prostate_Patient_123: RelErr=0.3081  (2.9s)
(CVXPY) Jul 17 01:21:53 PM: Encountered unexpected exception importing solver DIFFCP:
ImportError('DLL load failed while importing _diffcp: The specified module could not be found.')
    test[ 6] Prostate_Patient_53: RelErr=0.2706  (3.3s)
(CVXPY) Jul 17 01:21:56 PM: Encountered unexpected exception importing solver DIFFCP:
ImportError('DLL load failed while importing _diffcp: The specified module could not be found.')
    test[ 7] Prostate_Patient_55: RelErr=0.2744  (2.0s)
(CVXPY) Jul 17 01:21:58 PM: Encountered unexpected exception importing solver DIFFCP:
ImportError('DLL load failed while importing _diffcp: The specified module could not be found.')
    test[ 8] Prostate_Patient_36: RelErr=0.3130  (1.4s)
(CVXPY) Jul 17 01:21:59 PM: Encountered unexpected exception importing solver DIFFCP:
ImportError('DLL load failed while importing _diffcp: The specified module could not be found.')
    test[ 9] Prostate_Patient_54: RelErr=0.3419  (1.5s)
(CVXPY) Jul 17 01:22:01 PM: Encountered unexpected exception importing solver DIFFCP:
ImportError('DLL load failed while importing _diffcp: The specified module could not be found.')
    test[10] Prostate_Patient_42: RelErr=0.3442  (2.2s)
(CVXPY) Jul 17 01:22:03 PM: Encountered unexpected exception importing solver DIFFCP:
ImportError('DLL load failed while importing _diffcp: The specified module could not be found.')
    test[11] Prostate_Patient_51: RelErr=0.3080  (2.4s)
(CVXPY) Jul 17 01:22:05 PM: Encountered unexpected exception importing solver DIFFCP:
ImportError('DLL load failed while importing _diffcp: The specified module could not be found.')
    test[12] Prostate_Patient_97: RelErr=0.3607  (1.1s)
(CVXPY) Jul 17 01:22:06 PM: Encountered unexpected exception importing solver DIFFCP:
ImportError('DLL load failed while importing _diffcp: The specified module could not be found.')
    test[13] Prostate_Patient_12: RelErr=0.2650  (6.5s)
(CVXPY) Jul 17 01:22:13 PM: Encountered unexpected exception importing solver DIFFCP:
ImportError('DLL load failed while importing _diffcp: The specified module could not be found.')
    test[14] Prostate_Patient_46: RelErr=0.2612  (2.2s)
(CVXPY) Jul 17 01:22:15 PM: Encountered unexpected exception importing solver DIFFCP:
ImportError('DLL load failed while importing _diffcp: The specified module could not be found.')
    test[15] Prostate_Patient_4: RelErr=0.2724  (3.5s)
(CVXPY) Jul 17 01:22:19 PM: Encountered unexpected exception importing solver DIFFCP:
ImportError('DLL load failed while importing _diffcp: The specified module could not be found.')
    test[16] Prostate_Patient_21: RelErr=0.2486  (5.0s)
(CVXPY) Jul 17 01:22:24 PM: Encountered unexpected exception importing solver DIFFCP:
ImportError('DLL load failed while importing _diffcp: The specified module could not be found.')
    test[17] Prostate_Patient_122: RelErr=0.2512  (7.4s)
(CVXPY) Jul 17 01:22:31 PM: Encountered unexpected exception importing solver DIFFCP:
ImportError('DLL load failed while importing _diffcp: The specified module could not be found.')
    test[18] Prostate_Patient_109: RelErr=0.3214  (2.2s)
(CVXPY) Jul 17 01:22:33 PM: Encountered unexpected exception importing solver DIFFCP:
ImportError('DLL load failed while importing _diffcp: The specified module could not be found.')
    test[19] Prostate_Patient_90: RelErr=0.3376  (1.6s)
    Mean RelErr = 0.3130  (20/20 valid, 62.8s total)

  -- N=6, rho=2, method=kkt --
    Training: 6 patients
(CVXPY) Jul 17 01:22:35 PM: Encountered unexpected exception importing solver DIFFCP:
ImportError('DLL load failed while importing _diffcp: The specified module could not be found.')
  patients used=6  comp-slack resid=1.9680e+00
  alpha_hat (sign-constrained): [0.3175 0.3174 0.1587 0.0794 0.0794 0.0476]
  true alpha/sum (per function):[0.3175 0.3175 0.1587 0.0794 0.0794 0.0476]
  cond(M)=1.18e+08  per-patient leverage shares (N entries)=[0.    0.153 0.202 0.135 0.258 0.252]
  unidentified direction (|smallest eigvec|, per function): [0.646 0.646 0.323 0.161 0.161 0.097]
    alpha_hat = [0.3175 0.3174 0.1587 0.0794 0.0794 0.0476]
    True alpha (per function) = [20. 20. 10.  5.  5.  3.]
(CVXPY) Jul 17 01:22:43 PM: Encountered unexpected exception importing solver DIFFCP:
ImportError('DLL load failed while importing _diffcp: The specified module could not be found.')
    test[ 0] Prostate_Patient_41: RelErr=0.0002  (7.1s)
(CVXPY) Jul 17 01:22:51 PM: Encountered unexpected exception importing solver DIFFCP:
ImportError('DLL load failed while importing _diffcp: The specified module could not be found.')
    test[ 1] Prostate_Patient_32: RelErr=0.0003  (3.9s)
(CVXPY) Jul 17 01:22:55 PM: Encountered unexpected exception importing solver DIFFCP:
ImportError('DLL load failed while importing _diffcp: The specified module could not be found.')
    test[ 2] Prostate_Patient_60: RelErr=0.0004  (3.6s)
(CVXPY) Jul 17 01:22:58 PM: Encountered unexpected exception importing solver DIFFCP:
ImportError('DLL load failed while importing _diffcp: The specified module could not be found.')
    test[ 3] Prostate_Patient_72: RelErr=0.0006  (2.9s)
(CVXPY) Jul 17 01:23:01 PM: Encountered unexpected exception importing solver DIFFCP:
ImportError('DLL load failed while importing _diffcp: The specified module could not be found.')
    test[ 4] Prostate_Patient_95: RelErr=0.0006  (3.5s)
(CVXPY) Jul 17 01:23:05 PM: Encountered unexpected exception importing solver DIFFCP:
ImportError('DLL load failed while importing _diffcp: The specified module could not be found.')
    test[ 5] Prostate_Patient_123: RelErr=0.0004  (5.6s)
(CVXPY) Jul 17 01:23:10 PM: Encountered unexpected exception importing solver DIFFCP:
ImportError('DLL load failed while importing _diffcp: The specified module could not be found.')
    test[ 6] Prostate_Patient_53: RelErr=0.0005  (5.6s)
(CVXPY) Jul 17 01:23:16 PM: Encountered unexpected exception importing solver DIFFCP:
ImportError('DLL load failed while importing _diffcp: The specified module could not be found.')
    test[ 7] Prostate_Patient_55: RelErr=0.0002  (2.6s)
(CVXPY) Jul 17 01:23:18 PM: Encountered unexpected exception importing solver DIFFCP:
ImportError('DLL load failed while importing _diffcp: The specified module could not be found.')
    test[ 8] Prostate_Patient_36: RelErr=0.0002  (3.5s)
(CVXPY) Jul 17 01:23:22 PM: Encountered unexpected exception importing solver DIFFCP:
ImportError('DLL load failed while importing _diffcp: The specified module could not be found.')
    test[ 9] Prostate_Patient_54: RelErr=0.0003  (3.3s)
(CVXPY) Jul 17 01:23:25 PM: Encountered unexpected exception importing solver DIFFCP:
ImportError('DLL load failed while importing _diffcp: The specified module could not be found.')
    test[10] Prostate_Patient_42: RelErr=0.0003  (3.5s)
(CVXPY) Jul 17 01:23:29 PM: Encountered unexpected exception importing solver DIFFCP:
ImportError('DLL load failed while importing _diffcp: The specified module could not be found.')
    test[11] Prostate_Patient_51: RelErr=0.0004  (4.1s)
(CVXPY) Jul 17 01:23:33 PM: Encountered unexpected exception importing solver DIFFCP:
ImportError('DLL load failed while importing _diffcp: The specified module could not be found.')
    test[12] Prostate_Patient_97: RelErr=0.0004  (3.1s)
(CVXPY) Jul 17 01:23:36 PM: Encountered unexpected exception importing solver DIFFCP:
ImportError('DLL load failed while importing _diffcp: The specified module could not be found.')
    test[13] Prostate_Patient_12: RelErr=0.0002  (11.0s)
(CVXPY) Jul 17 01:23:47 PM: Encountered unexpected exception importing solver DIFFCP:
ImportError('DLL load failed while importing _diffcp: The specified module could not be found.')
    test[14] Prostate_Patient_46: RelErr=0.0003  (3.6s)
(CVXPY) Jul 17 01:23:50 PM: Encountered unexpected exception importing solver DIFFCP:
ImportError('DLL load failed while importing _diffcp: The specified module could not be found.')
    test[15] Prostate_Patient_4: RelErr=0.0006  (5.3s)
(CVXPY) Jul 17 01:23:56 PM: Encountered unexpected exception importing solver DIFFCP:
ImportError('DLL load failed while importing _diffcp: The specified module could not be found.')
    test[16] Prostate_Patient_21: RelErr=0.0002  (9.3s)
(CVXPY) Jul 17 01:24:05 PM: Encountered unexpected exception importing solver DIFFCP:
ImportError('DLL load failed while importing _diffcp: The specified module could not be found.')
    test[17] Prostate_Patient_122: RelErr=0.0002  (20.3s)
(CVXPY) Jul 17 01:24:25 PM: Encountered unexpected exception importing solver DIFFCP:
ImportError('DLL load failed while importing _diffcp: The specified module could not be found.')
    test[18] Prostate_Patient_109: RelErr=0.0003  (5.1s)
(CVXPY) Jul 17 01:24:30 PM: Encountered unexpected exception importing solver DIFFCP:
ImportError('DLL load failed while importing _diffcp: The specified module could not be found.')
    test[19] Prostate_Patient_90: RelErr=0.0002  (3.0s)
    Mean RelErr = 0.0003  (20/20 valid, 118.6s total)

  -- N=6, rho=3, method=kkt --
    Training: 6 patients
(CVXPY) Jul 17 01:24:34 PM: Encountered unexpected exception importing solver DIFFCP:
ImportError('DLL load failed while importing _diffcp: The specified module could not be found.')
  patients used=6  comp-slack resid=1.0623e+10
  alpha_hat (sign-constrained): [0.262  0.4868 0.1714 0.0415 0.0382 0.    ]
  true alpha/sum (per function):[0.3175 0.3175 0.1587 0.0794 0.0794 0.0476]
  cond(M)=3.89e+02  per-patient leverage shares (N entries)=[0.    0.235 0.221 0.131 0.199 0.213]
  unidentified direction (|smallest eigvec|, per function): [0.464 0.847 0.248 0.059 0.052 0.005]
    alpha_hat = [0.262  0.4868 0.1714 0.0415 0.0382 0.    ]
    True alpha (per function) = [20. 20. 10.  5.  5.  3.]
(CVXPY) Jul 17 01:24:45 PM: Encountered unexpected exception importing solver DIFFCP:
ImportError('DLL load failed while importing _diffcp: The specified module could not be found.')
    test[ 0] Prostate_Patient_41: RelErr=0.0847  (6.2s)
(CVXPY) Jul 17 01:24:51 PM: Encountered unexpected exception importing solver DIFFCP:
ImportError('DLL load failed while importing _diffcp: The specified module could not be found.')
    test[ 1] Prostate_Patient_32: RelErr=0.1105  (3.7s)
(CVXPY) Jul 17 01:24:55 PM: Encountered unexpected exception importing solver DIFFCP:
ImportError('DLL load failed while importing _diffcp: The specified module could not be found.')
    test[ 2] Prostate_Patient_60: RelErr=0.1293  (4.8s)
(CVXPY) Jul 17 01:25:00 PM: Encountered unexpected exception importing solver DIFFCP:
ImportError('DLL load failed while importing _diffcp: The specified module could not be found.')
    test[ 3] Prostate_Patient_72: RelErr=0.1376  (2.8s)
(CVXPY) Jul 17 01:25:03 PM: Encountered unexpected exception importing solver DIFFCP:
ImportError('DLL load failed while importing _diffcp: The specified module could not be found.')
    test[ 4] Prostate_Patient_95: RelErr=0.1309  (3.5s)
(CVXPY) Jul 17 01:25:06 PM: Encountered unexpected exception importing solver DIFFCP:
ImportError('DLL load failed while importing _diffcp: The specified module could not be found.')
    test[ 5] Prostate_Patient_123: RelErr=0.1053  (5.6s)
(CVXPY) Jul 17 01:25:12 PM: Encountered unexpected exception importing solver DIFFCP:
ImportError('DLL load failed while importing _diffcp: The specified module could not be found.')
    test[ 6] Prostate_Patient_53: RelErr=0.0946  (6.2s)
(CVXPY) Jul 17 01:25:18 PM: Encountered unexpected exception importing solver DIFFCP:
ImportError('DLL load failed while importing _diffcp: The specified module could not be found.')
    test[ 7] Prostate_Patient_55: RelErr=0.1532  (3.1s)
(CVXPY) Jul 17 01:25:21 PM: Encountered unexpected exception importing solver DIFFCP:
ImportError('DLL load failed while importing _diffcp: The specified module could not be found.')
    test[ 8] Prostate_Patient_36: RelErr=0.1255  (2.9s)
(CVXPY) Jul 17 01:25:24 PM: Encountered unexpected exception importing solver DIFFCP:
ImportError('DLL load failed while importing _diffcp: The specified module could not be found.')
    test[ 9] Prostate_Patient_54: RelErr=0.1131  (3.1s)
(CVXPY) Jul 17 01:25:27 PM: Encountered unexpected exception importing solver DIFFCP:
ImportError('DLL load failed while importing _diffcp: The specified module could not be found.')
    test[10] Prostate_Patient_42: RelErr=0.1661  (4.5s)
(CVXPY) Jul 17 01:25:32 PM: Encountered unexpected exception importing solver DIFFCP:
ImportError('DLL load failed while importing _diffcp: The specified module could not be found.')
    test[11] Prostate_Patient_51: RelErr=0.0968  (4.3s)
(CVXPY) Jul 17 01:25:36 PM: Encountered unexpected exception importing solver DIFFCP:
ImportError('DLL load failed while importing _diffcp: The specified module could not be found.')
    test[12] Prostate_Patient_97: RelErr=0.1025  (3.4s)
(CVXPY) Jul 17 01:25:39 PM: Encountered unexpected exception importing solver DIFFCP:
ImportError('DLL load failed while importing _diffcp: The specified module could not be found.')
    test[13] Prostate_Patient_12: RelErr=0.0851  (14.1s)
(CVXPY) Jul 17 01:25:53 PM: Encountered unexpected exception importing solver DIFFCP:
ImportError('DLL load failed while importing _diffcp: The specified module could not be found.')
    test[14] Prostate_Patient_46: RelErr=0.1051  (4.1s)
(CVXPY) Jul 17 01:25:57 PM: Encountered unexpected exception importing solver DIFFCP:
ImportError('DLL load failed while importing _diffcp: The specified module could not be found.')
    test[15] Prostate_Patient_4: RelErr=0.1044  (6.5s)
(CVXPY) Jul 17 01:26:04 PM: Encountered unexpected exception importing solver DIFFCP:
ImportError('DLL load failed while importing _diffcp: The specified module could not be found.')
    test[16] Prostate_Patient_21: RelErr=0.0959  (10.3s)
(CVXPY) Jul 17 01:26:14 PM: Encountered unexpected exception importing solver DIFFCP:
ImportError('DLL load failed while importing _diffcp: The specified module could not be found.')
    test[17] Prostate_Patient_122: RelErr=0.1146  (15.0s)
(CVXPY) Jul 17 01:26:29 PM: Encountered unexpected exception importing solver DIFFCP:
ImportError('DLL load failed while importing _diffcp: The specified module could not be found.')
    test[18] Prostate_Patient_109: RelErr=0.1384  (4.2s)
(CVXPY) Jul 17 01:26:33 PM: Encountered unexpected exception importing solver DIFFCP:
ImportError('DLL load failed while importing _diffcp: The specified module could not be found.')
    test[19] Prostate_Patient_90: RelErr=0.1408  (1.9s)
    Mean RelErr = 0.1167  (20/20 valid, 121.9s total)

  -- N=7, rho=1, method=kkt --
    Training: 7 patients
(CVXPY) Jul 17 01:26:36 PM: Encountered unexpected exception importing solver DIFFCP:
ImportError('DLL load failed while importing _diffcp: The specified module could not be found.')
  patients used=7  comp-slack resid=7.0603e+03
  alpha_hat (sign-constrained): [0.1327 0.2363 0.0599 0.49   0.028  0.0531]
  true alpha/sum (per function):[0.3175 0.3175 0.1587 0.0794 0.0794 0.0476]
  cond(M)=1.28e+02  per-patient leverage shares (N entries)=[0.004 0.094 0.177 0.144 0.206 0.216 0.158]
  unidentified direction (|smallest eigvec|, per function): [0.124 0.102 0.027 0.985 0.05  0.037]
    alpha_hat = [0.1327 0.2363 0.0599 0.49   0.028  0.0531]
    True alpha (per function) = [20. 20. 10.  5.  5.  3.]
(CVXPY) Jul 17 01:26:43 PM: Encountered unexpected exception importing solver DIFFCP:
ImportError('DLL load failed while importing _diffcp: The specified module could not be found.')
    test[ 0] Prostate_Patient_41: RelErr=0.2787  (4.4s)
(CVXPY) Jul 17 01:26:47 PM: Encountered unexpected exception importing solver DIFFCP:
ImportError('DLL load failed while importing _diffcp: The specified module could not be found.')
    test[ 1] Prostate_Patient_32: RelErr=0.3925  (2.6s)
(CVXPY) Jul 17 01:26:50 PM: Encountered unexpected exception importing solver DIFFCP:
ImportError('DLL load failed while importing _diffcp: The specified module could not be found.')
    test[ 2] Prostate_Patient_60: RelErr=0.3646  (2.0s)
(CVXPY) Jul 17 01:26:52 PM: Encountered unexpected exception importing solver DIFFCP:
ImportError('DLL load failed while importing _diffcp: The specified module could not be found.')
    test[ 3] Prostate_Patient_72: RelErr=0.4287  (1.3s)
(CVXPY) Jul 17 01:26:53 PM: Encountered unexpected exception importing solver DIFFCP:
ImportError('DLL load failed while importing _diffcp: The specified module could not be found.')
    test[ 4] Prostate_Patient_95: RelErr=0.3390  (2.3s)
(CVXPY) Jul 17 01:26:56 PM: Encountered unexpected exception importing solver DIFFCP:
ImportError('DLL load failed while importing _diffcp: The specified module could not be found.')
    test[ 5] Prostate_Patient_123: RelErr=0.3100  (3.2s)
(CVXPY) Jul 17 01:26:59 PM: Encountered unexpected exception importing solver DIFFCP:
ImportError('DLL load failed while importing _diffcp: The specified module could not be found.')
    test[ 6] Prostate_Patient_53: RelErr=0.2782  (3.2s)
(CVXPY) Jul 17 01:27:02 PM: Encountered unexpected exception importing solver DIFFCP:
ImportError('DLL load failed while importing _diffcp: The specified module could not be found.')
    test[ 7] Prostate_Patient_55: RelErr=0.2759  (2.0s)
(CVXPY) Jul 17 01:27:04 PM: Encountered unexpected exception importing solver DIFFCP:
ImportError('DLL load failed while importing _diffcp: The specified module could not be found.')
    test[ 8] Prostate_Patient_36: RelErr=0.3106  (1.5s)
(CVXPY) Jul 17 01:27:06 PM: Encountered unexpected exception importing solver DIFFCP:
ImportError('DLL load failed while importing _diffcp: The specified module could not be found.')
    test[ 9] Prostate_Patient_54: RelErr=0.3430  (1.7s)
(CVXPY) Jul 17 01:27:07 PM: Encountered unexpected exception importing solver DIFFCP:
ImportError('DLL load failed while importing _diffcp: The specified module could not be found.')
    test[10] Prostate_Patient_42: RelErr=0.3365  (1.9s)
(CVXPY) Jul 17 01:27:09 PM: Encountered unexpected exception importing solver DIFFCP:
ImportError('DLL load failed while importing _diffcp: The specified module could not be found.')
    test[11] Prostate_Patient_51: RelErr=0.3093  (2.3s)
(CVXPY) Jul 17 01:27:12 PM: Encountered unexpected exception importing solver DIFFCP:
ImportError('DLL load failed while importing _diffcp: The specified module could not be found.')
    test[12] Prostate_Patient_97: RelErr=0.3900  (1.3s)
(CVXPY) Jul 17 01:27:13 PM: Encountered unexpected exception importing solver DIFFCP:
ImportError('DLL load failed while importing _diffcp: The specified module could not be found.')
    test[13] Prostate_Patient_12: RelErr=0.2665  (6.7s)
(CVXPY) Jul 17 01:27:20 PM: Encountered unexpected exception importing solver DIFFCP:
ImportError('DLL load failed while importing _diffcp: The specified module could not be found.')
    test[14] Prostate_Patient_46: RelErr=0.2624  (2.0s)
(CVXPY) Jul 17 01:27:22 PM: Encountered unexpected exception importing solver DIFFCP:
ImportError('DLL load failed while importing _diffcp: The specified module could not be found.')
    test[15] Prostate_Patient_4: RelErr=0.2721  (3.8s)
(CVXPY) Jul 17 01:27:25 PM: Encountered unexpected exception importing solver DIFFCP:
ImportError('DLL load failed while importing _diffcp: The specified module could not be found.')
    test[16] Prostate_Patient_21: RelErr=0.2471  (5.1s)
(CVXPY) Jul 17 01:27:31 PM: Encountered unexpected exception importing solver DIFFCP:
ImportError('DLL load failed while importing _diffcp: The specified module could not be found.')
    test[17] Prostate_Patient_122: RelErr=0.2511  (7.6s)
(CVXPY) Jul 17 01:27:38 PM: Encountered unexpected exception importing solver DIFFCP:
ImportError('DLL load failed while importing _diffcp: The specified module could not be found.')
    test[18] Prostate_Patient_109: RelErr=0.3261  (2.2s)
(CVXPY) Jul 17 01:27:40 PM: Encountered unexpected exception importing solver DIFFCP:
ImportError('DLL load failed while importing _diffcp: The specified module could not be found.')
    test[19] Prostate_Patient_90: RelErr=0.3407  (1.5s)
    Mean RelErr = 0.3162  (20/20 valid, 66.5s total)

  -- N=7, rho=2, method=kkt --
    Training: 7 patients
(CVXPY) Jul 17 01:27:42 PM: Encountered unexpected exception importing solver DIFFCP:
ImportError('DLL load failed while importing _diffcp: The specified module could not be found.')
  patients used=7  comp-slack resid=3.6515e+00
  alpha_hat (sign-constrained): [0.3176 0.3175 0.1588 0.0792 0.0794 0.0476]
  true alpha/sum (per function):[0.3175 0.3175 0.1587 0.0794 0.0794 0.0476]
  cond(M)=8.86e+07  per-patient leverage shares (N entries)=[0.    0.133 0.175 0.117 0.223 0.218 0.134]
  unidentified direction (|smallest eigvec|, per function): [0.646 0.646 0.323 0.161 0.161 0.097]
    alpha_hat = [0.3176 0.3175 0.1588 0.0792 0.0794 0.0476]
    True alpha (per function) = [20. 20. 10.  5.  5.  3.]
(CVXPY) Jul 17 01:27:53 PM: Encountered unexpected exception importing solver DIFFCP:
ImportError('DLL load failed while importing _diffcp: The specified module could not be found.')
    test[ 0] Prostate_Patient_41: RelErr=0.0003  (7.1s)
(CVXPY) Jul 17 01:28:00 PM: Encountered unexpected exception importing solver DIFFCP:
ImportError('DLL load failed while importing _diffcp: The specified module could not be found.')
    test[ 1] Prostate_Patient_32: RelErr=0.0003  (3.9s)
(CVXPY) Jul 17 01:28:04 PM: Encountered unexpected exception importing solver DIFFCP:
ImportError('DLL load failed while importing _diffcp: The specified module could not be found.')
    test[ 2] Prostate_Patient_60: RelErr=0.0046  (4.1s)
(CVXPY) Jul 17 01:28:08 PM: Encountered unexpected exception importing solver DIFFCP:
ImportError('DLL load failed while importing _diffcp: The specified module could not be found.')
    test[ 3] Prostate_Patient_72: RelErr=0.0006  (3.0s)
(CVXPY) Jul 17 01:28:11 PM: Encountered unexpected exception importing solver DIFFCP:
ImportError('DLL load failed while importing _diffcp: The specified module could not be found.')
    test[ 4] Prostate_Patient_95: RelErr=0.0006  (3.7s)
(CVXPY) Jul 17 01:28:14 PM: Encountered unexpected exception importing solver DIFFCP:
ImportError('DLL load failed while importing _diffcp: The specified module could not be found.')
    test[ 5] Prostate_Patient_123: RelErr=0.0005  (5.0s)
(CVXPY) Jul 17 01:28:20 PM: Encountered unexpected exception importing solver DIFFCP:
ImportError('DLL load failed while importing _diffcp: The specified module could not be found.')
    test[ 6] Prostate_Patient_53: RelErr=0.0005  (5.5s)
(CVXPY) Jul 17 01:28:25 PM: Encountered unexpected exception importing solver DIFFCP:
ImportError('DLL load failed while importing _diffcp: The specified module could not be found.')
    test[ 7] Prostate_Patient_55: RelErr=0.0003  (2.6s)
(CVXPY) Jul 17 01:28:28 PM: Encountered unexpected exception importing solver DIFFCP:
ImportError('DLL load failed while importing _diffcp: The specified module could not be found.')
    test[ 8] Prostate_Patient_36: RelErr=0.0004  (3.6s)
(CVXPY) Jul 17 01:28:31 PM: Encountered unexpected exception importing solver DIFFCP:
ImportError('DLL load failed while importing _diffcp: The specified module could not be found.')
    test[ 9] Prostate_Patient_54: RelErr=0.0004  (3.4s)
(CVXPY) Jul 17 01:28:35 PM: Encountered unexpected exception importing solver DIFFCP:
ImportError('DLL load failed while importing _diffcp: The specified module could not be found.')
    test[10] Prostate_Patient_42: RelErr=0.0003  (3.7s)
(CVXPY) Jul 17 01:28:38 PM: Encountered unexpected exception importing solver DIFFCP:
ImportError('DLL load failed while importing _diffcp: The specified module could not be found.')
    test[11] Prostate_Patient_51: RelErr=0.0003  (3.9s)
(CVXPY) Jul 17 01:28:42 PM: Encountered unexpected exception importing solver DIFFCP:
ImportError('DLL load failed while importing _diffcp: The specified module could not be found.')
    test[12] Prostate_Patient_97: RelErr=0.0004  (3.3s)
(CVXPY) Jul 17 01:28:45 PM: Encountered unexpected exception importing solver DIFFCP:
ImportError('DLL load failed while importing _diffcp: The specified module could not be found.')
    test[13] Prostate_Patient_12: RelErr=0.0007  (11.2s)
(CVXPY) Jul 17 01:28:57 PM: Encountered unexpected exception importing solver DIFFCP:
ImportError('DLL load failed while importing _diffcp: The specified module could not be found.')
    test[14] Prostate_Patient_46: RelErr=0.0003  (3.6s)
(CVXPY) Jul 17 01:29:00 PM: Encountered unexpected exception importing solver DIFFCP:
ImportError('DLL load failed while importing _diffcp: The specified module could not be found.')
    test[15] Prostate_Patient_4: RelErr=0.0005  (5.5s)
(CVXPY) Jul 17 01:29:06 PM: Encountered unexpected exception importing solver DIFFCP:
ImportError('DLL load failed while importing _diffcp: The specified module could not be found.')
    test[16] Prostate_Patient_21: RelErr=0.0004  (10.9s)
(CVXPY) Jul 17 01:29:17 PM: Encountered unexpected exception importing solver DIFFCP:
ImportError('DLL load failed while importing _diffcp: The specified module could not be found.')
    test[17] Prostate_Patient_122: RelErr=0.0001  (20.6s)
(CVXPY) Jul 17 01:29:37 PM: Encountered unexpected exception importing solver DIFFCP:
ImportError('DLL load failed while importing _diffcp: The specified module could not be found.')
    test[18] Prostate_Patient_109: RelErr=0.0005  (4.9s)
(CVXPY) Jul 17 01:29:42 PM: Encountered unexpected exception importing solver DIFFCP:
ImportError('DLL load failed while importing _diffcp: The specified module could not be found.')
    test[19] Prostate_Patient_90: RelErr=0.0005  (2.8s)
    Mean RelErr = 0.0006  (20/20 valid, 123.0s total)

  -- N=7, rho=3, method=kkt --
    Training: 7 patients
(CVXPY) Jul 17 01:29:45 PM: Encountered unexpected exception importing solver DIFFCP:
ImportError('DLL load failed while importing _diffcp: The specified module could not be found.')
  patients used=7  comp-slack resid=1.7248e+10
  alpha_hat (sign-constrained): [0.2431 0.5547 0.1374 0.0305 0.0343 0.    ]
  true alpha/sum (per function):[0.3175 0.3175 0.1587 0.0794 0.0794 0.0476]
  cond(M)=3.08e+02  per-patient leverage shares (N entries)=[0.    0.195 0.183 0.108 0.165 0.176 0.173]
  unidentified direction (|smallest eigvec|, per function): [0.236 0.961 0.137 0.046 0.03  0.003]
    alpha_hat = [0.2431 0.5547 0.1374 0.0305 0.0343 0.    ]
    True alpha (per function) = [20. 20. 10.  5.  5.  3.]
(CVXPY) Jul 17 01:30:02 PM: Encountered unexpected exception importing solver DIFFCP:
ImportError('DLL load failed while importing _diffcp: The specified module could not be found.')
    test[ 0] Prostate_Patient_41: RelErr=0.0878  (10.2s)
(CVXPY) Jul 17 01:30:13 PM: Encountered unexpected exception importing solver DIFFCP:
ImportError('DLL load failed while importing _diffcp: The specified module could not be found.')
    test[ 1] Prostate_Patient_32: RelErr=0.1131  (2.7s)
(CVXPY) Jul 17 01:30:15 PM: Encountered unexpected exception importing solver DIFFCP:
ImportError('DLL load failed while importing _diffcp: The specified module could not be found.')
    test[ 2] Prostate_Patient_60: RelErr=0.1291  (2.9s)
(CVXPY) Jul 17 01:30:18 PM: Encountered unexpected exception importing solver DIFFCP:
ImportError('DLL load failed while importing _diffcp: The specified module could not be found.')
    test[ 3] Prostate_Patient_72: RelErr=0.1440  (2.6s)
(CVXPY) Jul 17 01:30:21 PM: Encountered unexpected exception importing solver DIFFCP:
ImportError('DLL load failed while importing _diffcp: The specified module could not be found.')
    test[ 4] Prostate_Patient_95: RelErr=0.1282  (5.3s)
(CVXPY) Jul 17 01:30:26 PM: Encountered unexpected exception importing solver DIFFCP:
ImportError('DLL load failed while importing _diffcp: The specified module could not be found.')
    test[ 5] Prostate_Patient_123: RelErr=0.1056  (3.9s)
(CVXPY) Jul 17 01:30:30 PM: Encountered unexpected exception importing solver DIFFCP:
ImportError('DLL load failed while importing _diffcp: The specified module could not be found.')
    test[ 6] Prostate_Patient_53: RelErr=0.0934  (3.9s)
(CVXPY) Jul 17 01:30:34 PM: Encountered unexpected exception importing solver DIFFCP:
ImportError('DLL load failed while importing _diffcp: The specified module could not be found.')
    test[ 7] Prostate_Patient_55: RelErr=0.1637  (1.6s)
(CVXPY) Jul 17 01:30:35 PM: Encountered unexpected exception importing solver DIFFCP:
ImportError('DLL load failed while importing _diffcp: The specified module could not be found.')
    test[ 8] Prostate_Patient_36: RelErr=0.1380  (3.4s)
(CVXPY) Jul 17 01:30:39 PM: Encountered unexpected exception importing solver DIFFCP:
ImportError('DLL load failed while importing _diffcp: The specified module could not be found.')
    test[ 9] Prostate_Patient_54: RelErr=0.1171  (2.2s)
(CVXPY) Jul 17 01:30:41 PM: Encountered unexpected exception importing solver DIFFCP:
ImportError('DLL load failed while importing _diffcp: The specified module could not be found.')
    test[10] Prostate_Patient_42: RelErr=0.1705  (2.0s)
(CVXPY) Jul 17 01:30:43 PM: Encountered unexpected exception importing solver DIFFCP:
ImportError('DLL load failed while importing _diffcp: The specified module could not be found.')
    test[11] Prostate_Patient_51: RelErr=0.0937  (5.4s)
(CVXPY) Jul 17 01:30:49 PM: Encountered unexpected exception importing solver DIFFCP:
ImportError('DLL load failed while importing _diffcp: The specified module could not be found.')
    test[12] Prostate_Patient_97: RelErr=0.1009  (1.8s)
(CVXPY) Jul 17 01:30:50 PM: Encountered unexpected exception importing solver DIFFCP:
ImportError('DLL load failed while importing _diffcp: The specified module could not be found.')
    test[13] Prostate_Patient_12: RelErr=0.0876  (16.2s)
(CVXPY) Jul 17 01:31:07 PM: Encountered unexpected exception importing solver DIFFCP:
ImportError('DLL load failed while importing _diffcp: The specified module could not be found.')
    test[14] Prostate_Patient_46: RelErr=0.1094  (3.2s)
(CVXPY) Jul 17 01:31:10 PM: Encountered unexpected exception importing solver DIFFCP:
ImportError('DLL load failed while importing _diffcp: The specified module could not be found.')
    test[15] Prostate_Patient_4: RelErr=0.1098  (4.8s)
(CVXPY) Jul 17 01:31:15 PM: Encountered unexpected exception importing solver DIFFCP:
ImportError('DLL load failed while importing _diffcp: The specified module could not be found.')
    test[16] Prostate_Patient_21: RelErr=0.0976  (5.0s)
(CVXPY) Jul 17 01:31:20 PM: Encountered unexpected exception importing solver DIFFCP:
ImportError('DLL load failed while importing _diffcp: The specified module could not be found.')
    test[17] Prostate_Patient_122: RelErr=0.1186  (10.0s)
(CVXPY) Jul 17 01:31:30 PM: Encountered unexpected exception importing solver DIFFCP:
ImportError('DLL load failed while importing _diffcp: The specified module could not be found.')
    test[18] Prostate_Patient_109: RelErr=0.1416  (4.5s)
(CVXPY) Jul 17 01:31:34 PM: Encountered unexpected exception importing solver DIFFCP:
ImportError('DLL load failed while importing _diffcp: The specified module could not be found.')
    test[19] Prostate_Patient_90: RelErr=0.1416  (2.4s)
    Mean RelErr = 0.1196  (20/20 valid, 111.6s total)

  -- N=8, rho=1, method=kkt --
    Training: 8 patients
(CVXPY) Jul 17 01:31:37 PM: Encountered unexpected exception importing solver DIFFCP:
ImportError('DLL load failed while importing _diffcp: The specified module could not be found.')
  patients used=8  comp-slack resid=7.9752e+03
  alpha_hat (sign-constrained): [0.1412 0.2219 0.0608 0.4935 0.0229 0.0597]
  true alpha/sum (per function):[0.3175 0.3175 0.1587 0.0794 0.0794 0.0476]
  cond(M)=1.29e+02  per-patient leverage shares (N entries)=[0.003 0.083 0.155 0.126 0.181 0.189 0.138 0.125]
  unidentified direction (|smallest eigvec|, per function): [0.126 0.106 0.033 0.983 0.058 0.045]
    alpha_hat = [0.1412 0.2219 0.0608 0.4935 0.0229 0.0597]
    True alpha (per function) = [20. 20. 10.  5.  5.  3.]
(CVXPY) Jul 17 01:31:44 PM: Encountered unexpected exception importing solver DIFFCP:
ImportError('DLL load failed while importing _diffcp: The specified module could not be found.')
    test[ 0] Prostate_Patient_41: RelErr=0.2697  (3.2s)
(CVXPY) Jul 17 01:31:47 PM: Encountered unexpected exception importing solver DIFFCP:
ImportError('DLL load failed while importing _diffcp: The specified module could not be found.')
    test[ 1] Prostate_Patient_32: RelErr=0.3732  (1.9s)
(CVXPY) Jul 17 01:31:49 PM: Encountered unexpected exception importing solver DIFFCP:
ImportError('DLL load failed while importing _diffcp: The specified module could not be found.')
    test[ 2] Prostate_Patient_60: RelErr=0.3745  (1.4s)
(CVXPY) Jul 17 01:31:51 PM: Encountered unexpected exception importing solver DIFFCP:
ImportError('DLL load failed while importing _diffcp: The specified module could not be found.')
    test[ 3] Prostate_Patient_72: RelErr=0.4245  (1.0s)
(CVXPY) Jul 17 01:31:52 PM: Encountered unexpected exception importing solver DIFFCP:
ImportError('DLL load failed while importing _diffcp: The specified module could not be found.')
    test[ 4] Prostate_Patient_95: RelErr=0.3473  (1.6s)
(CVXPY) Jul 17 01:31:53 PM: Encountered unexpected exception importing solver DIFFCP:
ImportError('DLL load failed while importing _diffcp: The specified module could not be found.')
    test[ 5] Prostate_Patient_123: RelErr=0.3041  (2.3s)
(CVXPY) Jul 17 01:31:56 PM: Encountered unexpected exception importing solver DIFFCP:
ImportError('DLL load failed while importing _diffcp: The specified module could not be found.')
    test[ 6] Prostate_Patient_53: RelErr=0.2760  (2.9s)
(CVXPY) Jul 17 01:31:58 PM: Encountered unexpected exception importing solver DIFFCP:
ImportError('DLL load failed while importing _diffcp: The specified module could not be found.')
    test[ 7] Prostate_Patient_55: RelErr=0.2725  (1.6s)
(CVXPY) Jul 17 01:32:00 PM: Encountered unexpected exception importing solver DIFFCP:
ImportError('DLL load failed while importing _diffcp: The specified module could not be found.')
    test[ 8] Prostate_Patient_36: RelErr=0.2966  (1.1s)
(CVXPY) Jul 17 01:32:01 PM: Encountered unexpected exception importing solver DIFFCP:
ImportError('DLL load failed while importing _diffcp: The specified module could not be found.')
    test[ 9] Prostate_Patient_54: RelErr=0.3413  (1.3s)
(CVXPY) Jul 17 01:32:02 PM: Encountered unexpected exception importing solver DIFFCP:
ImportError('DLL load failed while importing _diffcp: The specified module could not be found.')
    test[10] Prostate_Patient_42: RelErr=0.3378  (1.6s)
(CVXPY) Jul 17 01:32:04 PM: Encountered unexpected exception importing solver DIFFCP:
ImportError('DLL load failed while importing _diffcp: The specified module could not be found.')
    test[11] Prostate_Patient_51: RelErr=0.3090  (2.0s)
(CVXPY) Jul 17 01:32:06 PM: Encountered unexpected exception importing solver DIFFCP:
ImportError('DLL load failed while importing _diffcp: The specified module could not be found.')
    test[12] Prostate_Patient_97: RelErr=0.4306  (1.1s)
(CVXPY) Jul 17 01:32:07 PM: Encountered unexpected exception importing solver DIFFCP:
ImportError('DLL load failed while importing _diffcp: The specified module could not be found.')
    test[13] Prostate_Patient_12: RelErr=0.2659  (5.0s)
(CVXPY) Jul 17 01:32:12 PM: Encountered unexpected exception importing solver DIFFCP:
ImportError('DLL load failed while importing _diffcp: The specified module could not be found.')
    test[14] Prostate_Patient_46: RelErr=0.2636  (1.8s)
(CVXPY) Jul 17 01:32:14 PM: Encountered unexpected exception importing solver DIFFCP:
ImportError('DLL load failed while importing _diffcp: The specified module could not be found.')
    test[15] Prostate_Patient_4: RelErr=0.2699  (2.8s)
(CVXPY) Jul 17 01:32:17 PM: Encountered unexpected exception importing solver DIFFCP:
ImportError('DLL load failed while importing _diffcp: The specified module could not be found.')
    test[16] Prostate_Patient_21: RelErr=0.2434  (4.0s)
(CVXPY) Jul 17 01:32:21 PM: Encountered unexpected exception importing solver DIFFCP:
ImportError('DLL load failed while importing _diffcp: The specified module could not be found.')
    test[17] Prostate_Patient_122: RelErr=0.2554  (6.2s)
(CVXPY) Jul 17 01:32:27 PM: Encountered unexpected exception importing solver DIFFCP:
ImportError('DLL load failed while importing _diffcp: The specified module could not be found.')
    test[18] Prostate_Patient_109: RelErr=0.3126  (1.8s)
(CVXPY) Jul 17 01:32:29 PM: Encountered unexpected exception importing solver DIFFCP:
ImportError('DLL load failed while importing _diffcp: The specified module could not be found.')
    test[19] Prostate_Patient_90: RelErr=0.3546  (1.3s)
    Mean RelErr = 0.3161  (20/20 valid, 53.7s total)

  -- N=8, rho=2, method=kkt --
    Training: 8 patients
(CVXPY) Jul 17 01:32:30 PM: Encountered unexpected exception importing solver DIFFCP:
ImportError('DLL load failed while importing _diffcp: The specified module could not be found.')
  patients used=8  comp-slack resid=3.8295e+00
  alpha_hat (sign-constrained): [0.3176 0.3175 0.1588 0.0793 0.0794 0.0476]
  true alpha/sum (per function):[0.3175 0.3175 0.1587 0.0794 0.0794 0.0476]
  cond(M)=1.00e+08  per-patient leverage shares (N entries)=[0.    0.115 0.152 0.102 0.194 0.189 0.117 0.132]
  unidentified direction (|smallest eigvec|, per function): [0.646 0.646 0.323 0.161 0.161 0.097]
    alpha_hat = [0.3176 0.3175 0.1588 0.0793 0.0794 0.0476]
    True alpha (per function) = [20. 20. 10.  5.  5.  3.]
(CVXPY) Jul 17 01:32:40 PM: Encountered unexpected exception importing solver DIFFCP:
ImportError('DLL load failed while importing _diffcp: The specified module could not be found.')
    test[ 0] Prostate_Patient_41: RelErr=0.0004  (5.9s)
(CVXPY) Jul 17 01:32:45 PM: Encountered unexpected exception importing solver DIFFCP:
ImportError('DLL load failed while importing _diffcp: The specified module could not be found.')
    test[ 1] Prostate_Patient_32: RelErr=0.0003  (3.2s)
(CVXPY) Jul 17 01:32:49 PM: Encountered unexpected exception importing solver DIFFCP:
ImportError('DLL load failed while importing _diffcp: The specified module could not be found.')
    test[ 2] Prostate_Patient_60: RelErr=0.0004  (3.0s)
(CVXPY) Jul 17 01:32:52 PM: Encountered unexpected exception importing solver DIFFCP:
ImportError('DLL load failed while importing _diffcp: The specified module could not be found.')
    test[ 3] Prostate_Patient_72: RelErr=0.0006  (2.4s)
(CVXPY) Jul 17 01:32:54 PM: Encountered unexpected exception importing solver DIFFCP:
ImportError('DLL load failed while importing _diffcp: The specified module could not be found.')
    test[ 4] Prostate_Patient_95: RelErr=0.0005  (3.0s)
(CVXPY) Jul 17 01:32:57 PM: Encountered unexpected exception importing solver DIFFCP:
ImportError('DLL load failed while importing _diffcp: The specified module could not be found.')
    test[ 5] Prostate_Patient_123: RelErr=0.0005  (4.1s)
(CVXPY) Jul 17 01:33:01 PM: Encountered unexpected exception importing solver DIFFCP:
ImportError('DLL load failed while importing _diffcp: The specified module could not be found.')
    test[ 6] Prostate_Patient_53: RelErr=0.0005  (4.8s)
(CVXPY) Jul 17 01:33:06 PM: Encountered unexpected exception importing solver DIFFCP:
ImportError('DLL load failed while importing _diffcp: The specified module could not be found.')
    test[ 7] Prostate_Patient_55: RelErr=0.0003  (2.0s)
(CVXPY) Jul 17 01:33:08 PM: Encountered unexpected exception importing solver DIFFCP:
ImportError('DLL load failed while importing _diffcp: The specified module could not be found.')
    test[ 8] Prostate_Patient_36: RelErr=0.0004  (2.6s)
(CVXPY) Jul 17 01:33:11 PM: Encountered unexpected exception importing solver DIFFCP:
ImportError('DLL load failed while importing _diffcp: The specified module could not be found.')
    test[ 9] Prostate_Patient_54: RelErr=0.0004  (2.6s)
(CVXPY) Jul 17 01:33:13 PM: Encountered unexpected exception importing solver DIFFCP:
ImportError('DLL load failed while importing _diffcp: The specified module could not be found.')
    test[10] Prostate_Patient_42: RelErr=0.0004  (3.0s)
(CVXPY) Jul 17 01:33:16 PM: Encountered unexpected exception importing solver DIFFCP:
ImportError('DLL load failed while importing _diffcp: The specified module could not be found.')
    test[11] Prostate_Patient_51: RelErr=0.0004  (3.2s)
(CVXPY) Jul 17 01:33:19 PM: Encountered unexpected exception importing solver DIFFCP:
ImportError('DLL load failed while importing _diffcp: The specified module could not be found.')
    test[12] Prostate_Patient_97: RelErr=0.0004  (2.6s)
(CVXPY) Jul 17 01:33:22 PM: Encountered unexpected exception importing solver DIFFCP:
ImportError('DLL load failed while importing _diffcp: The specified module could not be found.')
    test[13] Prostate_Patient_12: RelErr=0.0007  (9.3s)
(CVXPY) Jul 17 01:33:31 PM: Encountered unexpected exception importing solver DIFFCP:
ImportError('DLL load failed while importing _diffcp: The specified module could not be found.')
    test[14] Prostate_Patient_46: RelErr=0.0002  (2.9s)
(CVXPY) Jul 17 01:33:34 PM: Encountered unexpected exception importing solver DIFFCP:
ImportError('DLL load failed while importing _diffcp: The specified module could not be found.')
    test[15] Prostate_Patient_4: RelErr=0.0003  (4.4s)
(CVXPY) Jul 17 01:33:39 PM: Encountered unexpected exception importing solver DIFFCP:
ImportError('DLL load failed while importing _diffcp: The specified module could not be found.')
    test[16] Prostate_Patient_21: RelErr=0.0002  (8.7s)
(CVXPY) Jul 17 01:33:47 PM: Encountered unexpected exception importing solver DIFFCP:
ImportError('DLL load failed while importing _diffcp: The specified module could not be found.')
    test[17] Prostate_Patient_122: RelErr=0.0003  (18.8s)
(CVXPY) Jul 17 01:34:06 PM: Encountered unexpected exception importing solver DIFFCP:
ImportError('DLL load failed while importing _diffcp: The specified module could not be found.')
    test[18] Prostate_Patient_109: RelErr=0.0003  (4.4s)
(CVXPY) Jul 17 01:34:11 PM: Encountered unexpected exception importing solver DIFFCP:
ImportError('DLL load failed while importing _diffcp: The specified module could not be found.')
    test[19] Prostate_Patient_90: RelErr=0.0002  (2.5s)
    Mean RelErr = 0.0004  (20/20 valid, 102.8s total)

  -- N=8, rho=3, method=kkt --
    Training: 8 patients
(CVXPY) Jul 17 01:34:13 PM: Encountered unexpected exception importing solver DIFFCP:
ImportError('DLL load failed while importing _diffcp: The specified module could not be found.')
  patients used=8  comp-slack resid=2.0027e+10
  alpha_hat (sign-constrained): [0.2639 0.5193 0.1449 0.0362 0.0358 0.    ]
  true alpha/sum (per function):[0.3175 0.3175 0.1587 0.0794 0.0794 0.0476]
  cond(M)=2.81e+02  per-patient leverage shares (N entries)=[0.    0.173 0.163 0.097 0.147 0.157 0.154 0.108]
  unidentified direction (|smallest eigvec|, per function): [0.277 0.945 0.16  0.056 0.034 0.002]
    alpha_hat = [0.2639 0.5193 0.1449 0.0362 0.0358 0.    ]
    True alpha (per function) = [20. 20. 10.  5.  5.  3.]
(CVXPY) Jul 17 01:34:28 PM: Encountered unexpected exception importing solver DIFFCP:
ImportError('DLL load failed while importing _diffcp: The specified module could not be found.')
    test[ 0] Prostate_Patient_41: RelErr=0.0870  (7.4s)
(CVXPY) Jul 17 01:34:35 PM: Encountered unexpected exception importing solver DIFFCP:
ImportError('DLL load failed while importing _diffcp: The specified module could not be found.')
    test[ 1] Prostate_Patient_32: RelErr=0.1103  (3.6s)
(CVXPY) Jul 17 01:34:39 PM: Encountered unexpected exception importing solver DIFFCP:
ImportError('DLL load failed while importing _diffcp: The specified module could not be found.')
    test[ 2] Prostate_Patient_60: RelErr=0.1284  (4.4s)
(CVXPY) Jul 17 01:34:43 PM: Encountered unexpected exception importing solver DIFFCP:
ImportError('DLL load failed while importing _diffcp: The specified module could not be found.')
    test[ 3] Prostate_Patient_72: RelErr=0.1408  (3.1s)
(CVXPY) Jul 17 01:34:46 PM: Encountered unexpected exception importing solver DIFFCP:
ImportError('DLL load failed while importing _diffcp: The specified module could not be found.')
    test[ 4] Prostate_Patient_95: RelErr=0.1290  (2.8s)
(CVXPY) Jul 17 01:34:49 PM: Encountered unexpected exception importing solver DIFFCP:
ImportError('DLL load failed while importing _diffcp: The specified module could not be found.')
    test[ 5] Prostate_Patient_123: RelErr=0.1040  (4.8s)
(CVXPY) Jul 17 01:34:54 PM: Encountered unexpected exception importing solver DIFFCP:
ImportError('DLL load failed while importing _diffcp: The specified module could not be found.')
    test[ 6] Prostate_Patient_53: RelErr=0.0937  (5.3s)
(CVXPY) Jul 17 01:34:59 PM: Encountered unexpected exception importing solver DIFFCP:
ImportError('DLL load failed while importing _diffcp: The specified module could not be found.')
    test[ 7] Prostate_Patient_55: RelErr=0.1603  (2.5s)
(CVXPY) Jul 17 01:35:02 PM: Encountered unexpected exception importing solver DIFFCP:
ImportError('DLL load failed while importing _diffcp: The specified module could not be found.')
    test[ 8] Prostate_Patient_36: RelErr=0.1331  (2.5s)
(CVXPY) Jul 17 01:35:04 PM: Encountered unexpected exception importing solver DIFFCP:
ImportError('DLL load failed while importing _diffcp: The specified module could not be found.')
    test[ 9] Prostate_Patient_54: RelErr=0.1143  (2.6s)
(CVXPY) Jul 17 01:35:07 PM: Encountered unexpected exception importing solver DIFFCP:
ImportError('DLL load failed while importing _diffcp: The specified module could not be found.')
    test[10] Prostate_Patient_42: RelErr=0.1688  (4.6s)
(CVXPY) Jul 17 01:35:11 PM: Encountered unexpected exception importing solver DIFFCP:
ImportError('DLL load failed while importing _diffcp: The specified module could not be found.')
    test[11] Prostate_Patient_51: RelErr=0.0934  (3.9s)
(CVXPY) Jul 17 01:35:15 PM: Encountered unexpected exception importing solver DIFFCP:
ImportError('DLL load failed while importing _diffcp: The specified module could not be found.')
    test[12] Prostate_Patient_97: RelErr=0.1010  (3.7s)
(CVXPY) Jul 17 01:35:19 PM: Encountered unexpected exception importing solver DIFFCP:
ImportError('DLL load failed while importing _diffcp: The specified module could not be found.')
    test[13] Prostate_Patient_12: RelErr=0.0858  (12.0s)
(CVXPY) Jul 17 01:35:31 PM: Encountered unexpected exception importing solver DIFFCP:
ImportError('DLL load failed while importing _diffcp: The specified module could not be found.')
    test[14] Prostate_Patient_46: RelErr=0.1071  (2.9s)
(CVXPY) Jul 17 01:35:34 PM: Encountered unexpected exception importing solver DIFFCP:
ImportError('DLL load failed while importing _diffcp: The specified module could not be found.')
    test[15] Prostate_Patient_4: RelErr=0.1072  (3.1s)
(CVXPY) Jul 17 01:35:37 PM: Encountered unexpected exception importing solver DIFFCP:
ImportError('DLL load failed while importing _diffcp: The specified module could not be found.')
    test[16] Prostate_Patient_21: RelErr=0.0971  (6.8s)
(CVXPY) Jul 17 01:35:44 PM: Encountered unexpected exception importing solver DIFFCP:
ImportError('DLL load failed while importing _diffcp: The specified module could not be found.')
    test[17] Prostate_Patient_122: RelErr=0.1159  (11.9s)
(CVXPY) Jul 17 01:35:56 PM: Encountered unexpected exception importing solver DIFFCP:
ImportError('DLL load failed while importing _diffcp: The specified module could not be found.')
    test[18] Prostate_Patient_109: RelErr=0.1401  (5.8s)
(CVXPY) Jul 17 01:36:01 PM: Encountered unexpected exception importing solver DIFFCP:
ImportError('DLL load failed while importing _diffcp: The specified module could not be found.')
    test[19] Prostate_Patient_90: RelErr=0.1398  (3.6s)
    Mean RelErr = 0.1179  (20/20 valid, 112.0s total)

  -- N=9, rho=1, method=kkt --
    Training: 9 patients
(CVXPY) Jul 17 01:36:05 PM: Encountered unexpected exception importing solver DIFFCP:
ImportError('DLL load failed while importing _diffcp: The specified module could not be found.')
  patients used=9  comp-slack resid=8.9739e+03
  alpha_hat (sign-constrained): [0.1333 0.2236 0.0594 0.4968 0.0251 0.0618]
  true alpha/sum (per function):[0.3175 0.3175 0.1587 0.0794 0.0794 0.0476]
  cond(M)=1.23e+02  per-patient leverage shares (N entries)=[0.003 0.076 0.142 0.116 0.165 0.172 0.126 0.114 0.086]
  unidentified direction (|smallest eigvec|, per function): [0.107 0.09  0.032 0.987 0.049 0.045]
    alpha_hat = [0.1333 0.2236 0.0594 0.4968 0.0251 0.0618]
    True alpha (per function) = [20. 20. 10.  5.  5.  3.]
(CVXPY) Jul 17 01:36:16 PM: Encountered unexpected exception importing solver DIFFCP:
ImportError('DLL load failed while importing _diffcp: The specified module could not be found.')
    test[ 0] Prostate_Patient_41: RelErr=0.2693  (4.0s)
(CVXPY) Jul 17 01:36:20 PM: Encountered unexpected exception importing solver DIFFCP:
ImportError('DLL load failed while importing _diffcp: The specified module could not be found.')
    test[ 1] Prostate_Patient_32: RelErr=0.3746  (2.3s)
(CVXPY) Jul 17 01:36:22 PM: Encountered unexpected exception importing solver DIFFCP:
ImportError('DLL load failed while importing _diffcp: The specified module could not be found.')
    test[ 2] Prostate_Patient_60: RelErr=0.3673  (2.1s)
(CVXPY) Jul 17 01:36:24 PM: Encountered unexpected exception importing solver DIFFCP:
ImportError('DLL load failed while importing _diffcp: The specified module could not be found.')
    test[ 3] Prostate_Patient_72: RelErr=0.4230  (1.1s)
(CVXPY) Jul 17 01:36:25 PM: Encountered unexpected exception importing solver DIFFCP:
ImportError('DLL load failed while importing _diffcp: The specified module could not be found.')
    test[ 4] Prostate_Patient_95: RelErr=0.3437  (1.9s)
(CVXPY) Jul 17 01:36:27 PM: Encountered unexpected exception importing solver DIFFCP:
ImportError('DLL load failed while importing _diffcp: The specified module could not be found.')
    test[ 5] Prostate_Patient_123: RelErr=0.3026  (2.8s)
(CVXPY) Jul 17 01:36:30 PM: Encountered unexpected exception importing solver DIFFCP:
ImportError('DLL load failed while importing _diffcp: The specified module could not be found.')
    test[ 6] Prostate_Patient_53: RelErr=0.2708  (3.4s)
(CVXPY) Jul 17 01:36:33 PM: Encountered unexpected exception importing solver DIFFCP:
ImportError('DLL load failed while importing _diffcp: The specified module could not be found.')
    test[ 7] Prostate_Patient_55: RelErr=0.2773  (2.1s)
(CVXPY) Jul 17 01:36:35 PM: Encountered unexpected exception importing solver DIFFCP:
ImportError('DLL load failed while importing _diffcp: The specified module could not be found.')
    test[ 8] Prostate_Patient_36: RelErr=0.2986  (1.4s)
(CVXPY) Jul 17 01:36:37 PM: Encountered unexpected exception importing solver DIFFCP:
ImportError('DLL load failed while importing _diffcp: The specified module could not be found.')
    test[ 9] Prostate_Patient_54: RelErr=0.3430  (1.4s)
(CVXPY) Jul 17 01:36:38 PM: Encountered unexpected exception importing solver DIFFCP:
ImportError('DLL load failed while importing _diffcp: The specified module could not be found.')
    test[10] Prostate_Patient_42: RelErr=0.3408  (2.5s)
(CVXPY) Jul 17 01:36:41 PM: Encountered unexpected exception importing solver DIFFCP:
ImportError('DLL load failed while importing _diffcp: The specified module could not be found.')
    test[11] Prostate_Patient_51: RelErr=0.3138  (2.5s)
(CVXPY) Jul 17 01:36:43 PM: Encountered unexpected exception importing solver DIFFCP:
ImportError('DLL load failed while importing _diffcp: The specified module could not be found.')
    test[12] Prostate_Patient_97: RelErr=0.4214  (1.3s)
(CVXPY) Jul 17 01:36:45 PM: Encountered unexpected exception importing solver DIFFCP:
ImportError('DLL load failed while importing _diffcp: The specified module could not be found.')
    test[13] Prostate_Patient_12: RelErr=0.2666  (6.4s)
(CVXPY) Jul 17 01:36:51 PM: Encountered unexpected exception importing solver DIFFCP:
ImportError('DLL load failed while importing _diffcp: The specified module could not be found.')
    test[14] Prostate_Patient_46: RelErr=0.2625  (2.0s)
(CVXPY) Jul 17 01:36:53 PM: Encountered unexpected exception importing solver DIFFCP:
ImportError('DLL load failed while importing _diffcp: The specified module could not be found.')
    test[15] Prostate_Patient_4: RelErr=0.2676  (3.5s)
(CVXPY) Jul 17 01:36:56 PM: Encountered unexpected exception importing solver DIFFCP:
ImportError('DLL load failed while importing _diffcp: The specified module could not be found.')
    test[16] Prostate_Patient_21: RelErr=0.2484  (5.2s)
(CVXPY) Jul 17 01:37:02 PM: Encountered unexpected exception importing solver DIFFCP:
ImportError('DLL load failed while importing _diffcp: The specified module could not be found.')
    test[17] Prostate_Patient_122: RelErr=0.2540  (7.7s)
(CVXPY) Jul 17 01:37:09 PM: Encountered unexpected exception importing solver DIFFCP:
ImportError('DLL load failed while importing _diffcp: The specified module could not be found.')
    test[18] Prostate_Patient_109: RelErr=0.3097  (2.0s)
(CVXPY) Jul 17 01:37:11 PM: Encountered unexpected exception importing solver DIFFCP:
ImportError('DLL load failed while importing _diffcp: The specified module could not be found.')
    test[19] Prostate_Patient_90: RelErr=0.3592  (1.6s)
    Mean RelErr = 0.3157  (20/20 valid, 67.9s total)

  -- N=9, rho=2, method=kkt --
    Training: 9 patients
(CVXPY) Jul 17 01:37:13 PM: Encountered unexpected exception importing solver DIFFCP:
ImportError('DLL load failed while importing _diffcp: The specified module could not be found.')
  patients used=9  comp-slack resid=4.4595e+00
  alpha_hat (sign-constrained): [0.3176 0.3174 0.1587 0.0793 0.0794 0.0476]
  true alpha/sum (per function):[0.3175 0.3175 0.1587 0.0794 0.0794 0.0476]
  cond(M)=1.01e+08  per-patient leverage shares (N entries)=[0.    0.105 0.138 0.092 0.176 0.172 0.106 0.12  0.092]
  unidentified direction (|smallest eigvec|, per function): [0.646 0.646 0.323 0.161 0.161 0.097]
    alpha_hat = [0.3176 0.3174 0.1587 0.0793 0.0794 0.0476]
    True alpha (per function) = [20. 20. 10.  5.  5.  3.]
(CVXPY) Jul 17 01:37:26 PM: Encountered unexpected exception importing solver DIFFCP:
ImportError('DLL load failed while importing _diffcp: The specified module could not be found.')
    test[ 0] Prostate_Patient_41: RelErr=0.0002  (7.3s)
(CVXPY) Jul 17 01:37:33 PM: Encountered unexpected exception importing solver DIFFCP:
ImportError('DLL load failed while importing _diffcp: The specified module could not be found.')
    test[ 1] Prostate_Patient_32: RelErr=0.0003  (3.9s)
(CVXPY) Jul 17 01:37:37 PM: Encountered unexpected exception importing solver DIFFCP:
ImportError('DLL load failed while importing _diffcp: The specified module could not be found.')
    test[ 2] Prostate_Patient_60: RelErr=0.0004  (3.9s)
(CVXPY) Jul 17 01:37:41 PM: Encountered unexpected exception importing solver DIFFCP:
ImportError('DLL load failed while importing _diffcp: The specified module could not be found.')
    test[ 3] Prostate_Patient_72: RelErr=0.0006  (3.3s)
(CVXPY) Jul 17 01:37:44 PM: Encountered unexpected exception importing solver DIFFCP:
ImportError('DLL load failed while importing _diffcp: The specified module could not be found.')
    test[ 4] Prostate_Patient_95: RelErr=0.0005  (3.5s)
(CVXPY) Jul 17 01:37:48 PM: Encountered unexpected exception importing solver DIFFCP:
ImportError('DLL load failed while importing _diffcp: The specified module could not be found.')
    test[ 5] Prostate_Patient_123: RelErr=0.0005  (5.3s)
(CVXPY) Jul 17 01:37:53 PM: Encountered unexpected exception importing solver DIFFCP:
ImportError('DLL load failed while importing _diffcp: The specified module could not be found.')
    test[ 6] Prostate_Patient_53: RelErr=0.0004  (5.9s)
(CVXPY) Jul 17 01:37:59 PM: Encountered unexpected exception importing solver DIFFCP:
ImportError('DLL load failed while importing _diffcp: The specified module could not be found.')
    test[ 7] Prostate_Patient_55: RelErr=0.0003  (2.5s)
(CVXPY) Jul 17 01:38:02 PM: Encountered unexpected exception importing solver DIFFCP:
ImportError('DLL load failed while importing _diffcp: The specified module could not be found.')
    test[ 8] Prostate_Patient_36: RelErr=0.0005  (4.1s)
(CVXPY) Jul 17 01:38:06 PM: Encountered unexpected exception importing solver DIFFCP:
ImportError('DLL load failed while importing _diffcp: The specified module could not be found.')
    test[ 9] Prostate_Patient_54: RelErr=0.0004  (3.5s)
(CVXPY) Jul 17 01:38:09 PM: Encountered unexpected exception importing solver DIFFCP:
ImportError('DLL load failed while importing _diffcp: The specified module could not be found.')
    test[10] Prostate_Patient_42: RelErr=0.0003  (3.6s)
(CVXPY) Jul 17 01:38:13 PM: Encountered unexpected exception importing solver DIFFCP:
ImportError('DLL load failed while importing _diffcp: The specified module could not be found.')
    test[11] Prostate_Patient_51: RelErr=0.0003  (4.1s)
(CVXPY) Jul 17 01:38:17 PM: Encountered unexpected exception importing solver DIFFCP:
ImportError('DLL load failed while importing _diffcp: The specified module could not be found.')
    test[12] Prostate_Patient_97: RelErr=0.0004  (3.7s)
(CVXPY) Jul 17 01:38:21 PM: Encountered unexpected exception importing solver DIFFCP:
ImportError('DLL load failed while importing _diffcp: The specified module could not be found.')
    test[13] Prostate_Patient_12: RelErr=0.0004  (11.7s)
(CVXPY) Jul 17 01:38:32 PM: Encountered unexpected exception importing solver DIFFCP:
ImportError('DLL load failed while importing _diffcp: The specified module could not be found.')
    test[14] Prostate_Patient_46: RelErr=0.0003  (3.6s)
(CVXPY) Jul 17 01:38:36 PM: Encountered unexpected exception importing solver DIFFCP:
ImportError('DLL load failed while importing _diffcp: The specified module could not be found.')
    test[15] Prostate_Patient_4: RelErr=0.0002  (5.8s)
(CVXPY) Jul 17 01:38:42 PM: Encountered unexpected exception importing solver DIFFCP:
ImportError('DLL load failed while importing _diffcp: The specified module could not be found.')
    test[16] Prostate_Patient_21: RelErr=0.0002  (11.4s)
(CVXPY) Jul 17 01:38:53 PM: Encountered unexpected exception importing solver DIFFCP:
ImportError('DLL load failed while importing _diffcp: The specified module could not be found.')
    test[17] Prostate_Patient_122: RelErr=0.0002  (16.4s)
(CVXPY) Jul 17 01:39:09 PM: Encountered unexpected exception importing solver DIFFCP:
ImportError('DLL load failed while importing _diffcp: The specified module could not be found.')
    test[18] Prostate_Patient_109: RelErr=0.0004  (3.3s)
(CVXPY) Jul 17 01:39:13 PM: Encountered unexpected exception importing solver DIFFCP:
ImportError('DLL load failed while importing _diffcp: The specified module could not be found.')
    test[19] Prostate_Patient_90: RelErr=0.0004  (1.9s)
    Mean RelErr = 0.0004  (20/20 valid, 121.8s total)

  -- N=9, rho=3, method=kkt --
    Training: 9 patients
(CVXPY) Jul 17 01:39:15 PM: Encountered unexpected exception importing solver DIFFCP:
ImportError('DLL load failed while importing _diffcp: The specified module could not be found.')
D:\more tests with new functions\portpy_experiment\parametric_io.py:489: UserWarning: Solution may be inaccurate. Try another solver, adjusting the solver settings, or solve with verbose=True for more information.
  prob_i.solve(solver=getattr(cp, slv), verbose=False)
  patients used=9  comp-slack resid=2.1431e+10
  alpha_hat (sign-constrained): [0.2762 0.5014 0.1464 0.0406 0.0353 0.    ]
  true alpha/sum (per function):[0.3175 0.3175 0.1587 0.0794 0.0794 0.0476]
  cond(M)=3.17e+02  per-patient leverage shares (N entries)=[0.    0.149 0.14  0.083 0.126 0.135 0.132 0.093 0.141]
  unidentified direction (|smallest eigvec|, per function): [0.329 0.924 0.174 0.078 0.04  0.001]
    alpha_hat = [0.2762 0.5014 0.1464 0.0406 0.0353 0.    ]
    True alpha (per function) = [20. 20. 10.  5.  5.  3.]
(CVXPY) Jul 17 01:39:39 PM: Encountered unexpected exception importing solver DIFFCP:
ImportError('DLL load failed while importing _diffcp: The specified module could not be found.')
    test[ 0] Prostate_Patient_41: RelErr=0.0875  (11.5s)
(CVXPY) Jul 17 01:39:51 PM: Encountered unexpected exception importing solver DIFFCP:
ImportError('DLL load failed while importing _diffcp: The specified module could not be found.')
    test[ 1] Prostate_Patient_32: RelErr=0.1099  (4.4s)
(CVXPY) Jul 17 01:39:55 PM: Encountered unexpected exception importing solver DIFFCP:
ImportError('DLL load failed while importing _diffcp: The specified module could not be found.')
    test[ 2] Prostate_Patient_60: RelErr=0.1292  (5.0s)
(CVXPY) Jul 17 01:40:00 PM: Encountered unexpected exception importing solver DIFFCP:
ImportError('DLL load failed while importing _diffcp: The specified module could not be found.')
    test[ 3] Prostate_Patient_72: RelErr=0.1404  (2.8s)
(CVXPY) Jul 17 01:40:03 PM: Encountered unexpected exception importing solver DIFFCP:
ImportError('DLL load failed while importing _diffcp: The specified module could not be found.')
    test[ 4] Prostate_Patient_95: RelErr=0.1310  (7.1s)
(CVXPY) Jul 17 01:40:10 PM: Encountered unexpected exception importing solver DIFFCP:
ImportError('DLL load failed while importing _diffcp: The specified module could not be found.')
    test[ 5] Prostate_Patient_123: RelErr=0.1043  (5.2s)
(CVXPY) Jul 17 01:40:15 PM: Encountered unexpected exception importing solver DIFFCP:
ImportError('DLL load failed while importing _diffcp: The specified module could not be found.')
    test[ 6] Prostate_Patient_53: RelErr=0.0954  (6.1s)
(CVXPY) Jul 17 01:40:21 PM: Encountered unexpected exception importing solver DIFFCP:
ImportError('DLL load failed while importing _diffcp: The specified module could not be found.')
    test[ 7] Prostate_Patient_55: RelErr=0.1601  (2.6s)
(CVXPY) Jul 17 01:40:24 PM: Encountered unexpected exception importing solver DIFFCP:
ImportError('DLL load failed while importing _diffcp: The specified module could not be found.')
    test[ 8] Prostate_Patient_36: RelErr=0.1323  (2.7s)
(CVXPY) Jul 17 01:40:27 PM: Encountered unexpected exception importing solver DIFFCP:
ImportError('DLL load failed while importing _diffcp: The specified module could not be found.')
    test[ 9] Prostate_Patient_54: RelErr=0.1136  (2.9s)
(CVXPY) Jul 17 01:40:30 PM: Encountered unexpected exception importing solver DIFFCP:
ImportError('DLL load failed while importing _diffcp: The specified module could not be found.')
    test[10] Prostate_Patient_42: RelErr=0.1705  (5.0s)
(CVXPY) Jul 17 01:40:35 PM: Encountered unexpected exception importing solver DIFFCP:
ImportError('DLL load failed while importing _diffcp: The specified module could not be found.')
    test[11] Prostate_Patient_51: RelErr=0.0945  (5.9s)
(CVXPY) Jul 17 01:40:41 PM: Encountered unexpected exception importing solver DIFFCP:
ImportError('DLL load failed while importing _diffcp: The specified module could not be found.')
    test[12] Prostate_Patient_97: RelErr=0.1022  (2.8s)
(CVXPY) Jul 17 01:40:43 PM: Encountered unexpected exception importing solver DIFFCP:
ImportError('DLL load failed while importing _diffcp: The specified module could not be found.')
    test[13] Prostate_Patient_12: RelErr=0.0864  (14.2s)
(CVXPY) Jul 17 01:40:58 PM: Encountered unexpected exception importing solver DIFFCP:
ImportError('DLL load failed while importing _diffcp: The specified module could not be found.')
    test[14] Prostate_Patient_46: RelErr=0.1069  (4.8s)
(CVXPY) Jul 17 01:41:02 PM: Encountered unexpected exception importing solver DIFFCP:
ImportError('DLL load failed while importing _diffcp: The specified module could not be found.')
    test[15] Prostate_Patient_4: RelErr=0.1076  (8.3s)
(CVXPY) Jul 17 01:41:11 PM: Encountered unexpected exception importing solver DIFFCP:
ImportError('DLL load failed while importing _diffcp: The specified module could not be found.')
    test[16] Prostate_Patient_21: RelErr=0.0978  (9.5s)
(CVXPY) Jul 17 01:41:20 PM: Encountered unexpected exception importing solver DIFFCP:
ImportError('DLL load failed while importing _diffcp: The specified module could not be found.')
    test[17] Prostate_Patient_122: RelErr=0.1160  (16.6s)
(CVXPY) Jul 17 01:41:37 PM: Encountered unexpected exception importing solver DIFFCP:
ImportError('DLL load failed while importing _diffcp: The specified module could not be found.')
    test[18] Prostate_Patient_109: RelErr=0.1398  (5.3s)
(CVXPY) Jul 17 01:41:42 PM: Encountered unexpected exception importing solver DIFFCP:
ImportError('DLL load failed while importing _diffcp: The specified module could not be found.')
    test[19] Prostate_Patient_90: RelErr=0.1406  (5.1s)
    Mean RelErr = 0.1183  (20/20 valid, 152.5s total)

  -- N=10, rho=1, method=kkt --
    Training: 10 patients
(CVXPY) Jul 17 01:41:48 PM: Encountered unexpected exception importing solver DIFFCP:
ImportError('DLL load failed while importing _diffcp: The specified module could not be found.')
  patients used=10  comp-slack resid=1.1006e+04
  alpha_hat (sign-constrained): [0.1142 0.2274 0.057  0.5182 0.0236 0.0596]
  true alpha/sum (per function):[0.3175 0.3175 0.1587 0.0794 0.0794 0.0476]
  cond(M)=1.31e+02  per-patient leverage shares (N entries)=[0.003 0.063 0.117 0.096 0.137 0.143 0.105 0.094 0.071 0.172]
  unidentified direction (|smallest eigvec|, per function): [0.094 0.067 0.025 0.99  0.057 0.042]
    alpha_hat = [0.1142 0.2274 0.057  0.5182 0.0236 0.0596]
    True alpha (per function) = [20. 20. 10.  5.  5.  3.]
(CVXPY) Jul 17 01:41:58 PM: Encountered unexpected exception importing solver DIFFCP:
ImportError('DLL load failed while importing _diffcp: The specified module could not be found.')
    test[ 0] Prostate_Patient_41: RelErr=0.2744  (3.6s)
(CVXPY) Jul 17 01:42:02 PM: Encountered unexpected exception importing solver DIFFCP:
ImportError('DLL load failed while importing _diffcp: The specified module could not be found.')
    test[ 1] Prostate_Patient_32: RelErr=0.3784  (2.4s)
(CVXPY) Jul 17 01:42:04 PM: Encountered unexpected exception importing solver DIFFCP:
ImportError('DLL load failed while importing _diffcp: The specified module could not be found.')
    test[ 2] Prostate_Patient_60: RelErr=0.3679  (1.5s)
(CVXPY) Jul 17 01:42:06 PM: Encountered unexpected exception importing solver DIFFCP:
ImportError('DLL load failed while importing _diffcp: The specified module could not be found.')
    test[ 3] Prostate_Patient_72: RelErr=0.4256  (1.3s)
(CVXPY) Jul 17 01:42:07 PM: Encountered unexpected exception importing solver DIFFCP:
ImportError('DLL load failed while importing _diffcp: The specified module could not be found.')
    test[ 4] Prostate_Patient_95: RelErr=0.3476  (1.7s)
(CVXPY) Jul 17 01:42:09 PM: Encountered unexpected exception importing solver DIFFCP:
ImportError('DLL load failed while importing _diffcp: The specified module could not be found.')
    test[ 5] Prostate_Patient_123: RelErr=0.3071  (2.8s)
(CVXPY) Jul 17 01:42:12 PM: Encountered unexpected exception importing solver DIFFCP:
ImportError('DLL load failed while importing _diffcp: The specified module could not be found.')
    test[ 6] Prostate_Patient_53: RelErr=0.2718  (3.1s)
(CVXPY) Jul 17 01:42:15 PM: Encountered unexpected exception importing solver DIFFCP:
ImportError('DLL load failed while importing _diffcp: The specified module could not be found.')
    test[ 7] Prostate_Patient_55: RelErr=0.2816  (1.7s)
(CVXPY) Jul 17 01:42:17 PM: Encountered unexpected exception importing solver DIFFCP:
ImportError('DLL load failed while importing _diffcp: The specified module could not be found.')
    test[ 8] Prostate_Patient_36: RelErr=0.2975  (1.4s)
(CVXPY) Jul 17 01:42:18 PM: Encountered unexpected exception importing solver DIFFCP:
ImportError('DLL load failed while importing _diffcp: The specified module could not be found.')
    test[ 9] Prostate_Patient_54: RelErr=0.3429  (1.5s)
(CVXPY) Jul 17 01:42:19 PM: Encountered unexpected exception importing solver DIFFCP:
ImportError('DLL load failed while importing _diffcp: The specified module could not be found.')
    test[10] Prostate_Patient_42: RelErr=0.3394  (2.0s)
(CVXPY) Jul 17 01:42:22 PM: Encountered unexpected exception importing solver DIFFCP:
ImportError('DLL load failed while importing _diffcp: The specified module could not be found.')
    test[11] Prostate_Patient_51: RelErr=0.3130  (1.9s)
(CVXPY) Jul 17 01:42:23 PM: Encountered unexpected exception importing solver DIFFCP:
ImportError('DLL load failed while importing _diffcp: The specified module could not be found.')
    test[12] Prostate_Patient_97: RelErr=0.4278  (1.2s)
(CVXPY) Jul 17 01:42:25 PM: Encountered unexpected exception importing solver DIFFCP:
ImportError('DLL load failed while importing _diffcp: The specified module could not be found.')
    test[13] Prostate_Patient_12: RelErr=0.2697  (5.9s)
(CVXPY) Jul 17 01:42:30 PM: Encountered unexpected exception importing solver DIFFCP:
ImportError('DLL load failed while importing _diffcp: The specified module could not be found.')
    test[14] Prostate_Patient_46: RelErr=0.2636  (1.9s)
(CVXPY) Jul 17 01:42:32 PM: Encountered unexpected exception importing solver DIFFCP:
ImportError('DLL load failed while importing _diffcp: The specified module could not be found.')
    test[15] Prostate_Patient_4: RelErr=0.2711  (3.2s)
(CVXPY) Jul 17 01:42:36 PM: Encountered unexpected exception importing solver DIFFCP:
ImportError('DLL load failed while importing _diffcp: The specified module could not be found.')
    test[16] Prostate_Patient_21: RelErr=0.2503  (4.3s)
(CVXPY) Jul 17 01:42:40 PM: Encountered unexpected exception importing solver DIFFCP:
ImportError('DLL load failed while importing _diffcp: The specified module could not be found.')
    test[17] Prostate_Patient_122: RelErr=0.2520  (7.1s)
(CVXPY) Jul 17 01:42:47 PM: Encountered unexpected exception importing solver DIFFCP:
ImportError('DLL load failed while importing _diffcp: The specified module could not be found.')
    test[18] Prostate_Patient_109: RelErr=0.3187  (2.1s)
(CVXPY) Jul 17 01:42:49 PM: Encountered unexpected exception importing solver DIFFCP:
ImportError('DLL load failed while importing _diffcp: The specified module could not be found.')
    test[19] Prostate_Patient_90: RelErr=0.3528  (1.3s)
    Mean RelErr = 0.3177  (20/20 valid, 63.1s total)

  -- N=10, rho=2, method=kkt --
    Training: 10 patients
(CVXPY) Jul 17 01:42:51 PM: Encountered unexpected exception importing solver DIFFCP:
ImportError('DLL load failed while importing _diffcp: The specified module could not be found.')
  patients used=10  comp-slack resid=5.5923e+00
  alpha_hat (sign-constrained): [0.3175 0.3174 0.1587 0.0793 0.0794 0.0476]
  true alpha/sum (per function):[0.3175 0.3175 0.1587 0.0794 0.0794 0.0476]
  cond(M)=1.06e+08  per-patient leverage shares (N entries)=[0.    0.079 0.104 0.07  0.133 0.13  0.08  0.09  0.069 0.245]
  unidentified direction (|smallest eigvec|, per function): [0.646 0.646 0.323 0.161 0.161 0.097]
    alpha_hat = [0.3175 0.3174 0.1587 0.0793 0.0794 0.0476]
    True alpha (per function) = [20. 20. 10.  5.  5.  3.]
(CVXPY) Jul 17 01:43:02 PM: Encountered unexpected exception importing solver DIFFCP:
ImportError('DLL load failed while importing _diffcp: The specified module could not be found.')
    test[ 0] Prostate_Patient_41: RelErr=0.0002  (6.4s)
(CVXPY) Jul 17 01:43:08 PM: Encountered unexpected exception importing solver DIFFCP:
ImportError('DLL load failed while importing _diffcp: The specified module could not be found.')
    test[ 1] Prostate_Patient_32: RelErr=0.0003  (3.3s)
(CVXPY) Jul 17 01:43:11 PM: Encountered unexpected exception importing solver DIFFCP:
ImportError('DLL load failed while importing _diffcp: The specified module could not be found.')
    test[ 2] Prostate_Patient_60: RelErr=0.0002  (3.4s)
(CVXPY) Jul 17 01:43:15 PM: Encountered unexpected exception importing solver DIFFCP:
ImportError('DLL load failed while importing _diffcp: The specified module could not be found.')
    test[ 3] Prostate_Patient_72: RelErr=0.0006  (2.7s)
(CVXPY) Jul 17 01:43:18 PM: Encountered unexpected exception importing solver DIFFCP:
ImportError('DLL load failed while importing _diffcp: The specified module could not be found.')
    test[ 4] Prostate_Patient_95: RelErr=0.0006  (3.3s)
(CVXPY) Jul 17 01:43:21 PM: Encountered unexpected exception importing solver DIFFCP:
ImportError('DLL load failed while importing _diffcp: The specified module could not be found.')
    test[ 5] Prostate_Patient_123: RelErr=0.0005  (4.5s)
(CVXPY) Jul 17 01:43:25 PM: Encountered unexpected exception importing solver DIFFCP:
ImportError('DLL load failed while importing _diffcp: The specified module could not be found.')
    test[ 6] Prostate_Patient_53: RelErr=0.0005  (4.8s)
(CVXPY) Jul 17 01:43:30 PM: Encountered unexpected exception importing solver DIFFCP:
ImportError('DLL load failed while importing _diffcp: The specified module could not be found.')
    test[ 7] Prostate_Patient_55: RelErr=0.0003  (2.4s)
(CVXPY) Jul 17 01:43:33 PM: Encountered unexpected exception importing solver DIFFCP:
ImportError('DLL load failed while importing _diffcp: The specified module could not be found.')
    test[ 8] Prostate_Patient_36: RelErr=0.0007  (2.5s)
(CVXPY) Jul 17 01:43:35 PM: Encountered unexpected exception importing solver DIFFCP:
ImportError('DLL load failed while importing _diffcp: The specified module could not be found.')
    test[ 9] Prostate_Patient_54: RelErr=0.0004  (3.0s)
(CVXPY) Jul 17 01:43:38 PM: Encountered unexpected exception importing solver DIFFCP:
ImportError('DLL load failed while importing _diffcp: The specified module could not be found.')
    test[10] Prostate_Patient_42: RelErr=0.0003  (3.3s)
(CVXPY) Jul 17 01:43:41 PM: Encountered unexpected exception importing solver DIFFCP:
ImportError('DLL load failed while importing _diffcp: The specified module could not be found.')
    test[11] Prostate_Patient_51: RelErr=0.0004  (3.6s)
(CVXPY) Jul 17 01:43:45 PM: Encountered unexpected exception importing solver DIFFCP:
ImportError('DLL load failed while importing _diffcp: The specified module could not be found.')
    test[12] Prostate_Patient_97: RelErr=0.0004  (2.8s)
(CVXPY) Jul 17 01:43:48 PM: Encountered unexpected exception importing solver DIFFCP:
ImportError('DLL load failed while importing _diffcp: The specified module could not be found.')
    test[13] Prostate_Patient_12: RelErr=0.0002  (9.7s)
(CVXPY) Jul 17 01:43:58 PM: Encountered unexpected exception importing solver DIFFCP:
ImportError('DLL load failed while importing _diffcp: The specified module could not be found.')
    test[14] Prostate_Patient_46: RelErr=0.0003  (3.1s)
(CVXPY) Jul 17 01:44:01 PM: Encountered unexpected exception importing solver DIFFCP:
ImportError('DLL load failed while importing _diffcp: The specified module could not be found.')
    test[15] Prostate_Patient_4: RelErr=0.0002  (5.0s)
(CVXPY) Jul 17 01:44:06 PM: Encountered unexpected exception importing solver DIFFCP:
ImportError('DLL load failed while importing _diffcp: The specified module could not be found.')
    test[16] Prostate_Patient_21: RelErr=0.0003  (8.8s)
(CVXPY) Jul 17 01:44:15 PM: Encountered unexpected exception importing solver DIFFCP:
ImportError('DLL load failed while importing _diffcp: The specified module could not be found.')
    test[17] Prostate_Patient_122: RelErr=0.0001  (19.4s)
(CVXPY) Jul 17 01:44:34 PM: Encountered unexpected exception importing solver DIFFCP:
ImportError('DLL load failed while importing _diffcp: The specified module could not be found.')
    test[18] Prostate_Patient_109: RelErr=0.0004  (4.6s)
(CVXPY) Jul 17 01:44:39 PM: Encountered unexpected exception importing solver DIFFCP:
ImportError('DLL load failed while importing _diffcp: The specified module could not be found.')
    test[19] Prostate_Patient_90: RelErr=0.0004  (2.6s)
    Mean RelErr = 0.0004  (20/20 valid, 110.9s total)

  -- N=10, rho=3, method=kkt --
    Training: 10 patients
(CVXPY) Jul 17 01:44:42 PM: Encountered unexpected exception importing solver DIFFCP:
ImportError('DLL load failed while importing _diffcp: The specified module could not be found.')
  patients used=10  comp-slack resid=2.9808e+10
  alpha_hat (sign-constrained): [0.2771 0.5086 0.1459 0.034  0.0344 0.    ]
  true alpha/sum (per function):[0.3175 0.3175 0.1587 0.0794 0.0794 0.0476]
  cond(M)=3.85e+02  per-patient leverage shares (N entries)=[0.    0.1   0.094 0.056 0.085 0.091 0.089 0.062 0.095 0.329]
  unidentified direction (|smallest eigvec|, per function): [0.184 0.969 0.145 0.07  0.037 0.001]
    alpha_hat = [0.2771 0.5086 0.1459 0.034  0.0344 0.    ]
    True alpha (per function) = [20. 20. 10.  5.  5.  3.]
(CVXPY) Jul 17 01:45:02 PM: Encountered unexpected exception importing solver DIFFCP:
ImportError('DLL load failed while importing _diffcp: The specified module could not be found.')
    test[ 0] Prostate_Patient_41: RelErr=0.0885  (7.9s)
(CVXPY) Jul 17 01:45:10 PM: Encountered unexpected exception importing solver DIFFCP:
ImportError('DLL load failed while importing _diffcp: The specified module could not be found.')
    test[ 1] Prostate_Patient_32: RelErr=0.1110  (3.7s)
(CVXPY) Jul 17 01:45:13 PM: Encountered unexpected exception importing solver DIFFCP:
ImportError('DLL load failed while importing _diffcp: The specified module could not be found.')
    test[ 2] Prostate_Patient_60: RelErr=0.1296  (3.0s)
(CVXPY) Jul 17 01:45:16 PM: Encountered unexpected exception importing solver DIFFCP:
ImportError('DLL load failed while importing _diffcp: The specified module could not be found.')
    test[ 3] Prostate_Patient_72: RelErr=0.1421  (2.6s)
(CVXPY) Jul 17 01:45:19 PM: Encountered unexpected exception importing solver DIFFCP:
ImportError('DLL load failed while importing _diffcp: The specified module could not be found.')
    test[ 4] Prostate_Patient_95: RelErr=0.1325  (4.4s)
(CVXPY) Jul 17 01:45:24 PM: Encountered unexpected exception importing solver DIFFCP:
ImportError('DLL load failed while importing _diffcp: The specified module could not be found.')
    test[ 5] Prostate_Patient_123: RelErr=0.1044  (5.4s)
(CVXPY) Jul 17 01:45:29 PM: Encountered unexpected exception importing solver DIFFCP:
ImportError('DLL load failed while importing _diffcp: The specified module could not be found.')
    test[ 6] Prostate_Patient_53: RelErr=0.0958  (5.8s)
(CVXPY) Jul 17 01:45:35 PM: Encountered unexpected exception importing solver DIFFCP:
ImportError('DLL load failed while importing _diffcp: The specified module could not be found.')
    test[ 7] Prostate_Patient_55: RelErr=0.1626  (2.7s)
(CVXPY) Jul 17 01:45:37 PM: Encountered unexpected exception importing solver DIFFCP:
ImportError('DLL load failed while importing _diffcp: The specified module could not be found.')
    test[ 8] Prostate_Patient_36: RelErr=0.1344  (2.7s)
(CVXPY) Jul 17 01:45:40 PM: Encountered unexpected exception importing solver DIFFCP:
ImportError('DLL load failed while importing _diffcp: The specified module could not be found.')
    test[ 9] Prostate_Patient_54: RelErr=0.1151  (3.4s)
(CVXPY) Jul 17 01:45:43 PM: Encountered unexpected exception importing solver DIFFCP:
ImportError('DLL load failed while importing _diffcp: The specified module could not be found.')
    test[10] Prostate_Patient_42: RelErr=0.1714  (3.5s)
(CVXPY) Jul 17 01:45:47 PM: Encountered unexpected exception importing solver DIFFCP:
ImportError('DLL load failed while importing _diffcp: The specified module could not be found.')
    test[11] Prostate_Patient_51: RelErr=0.0952  (6.1s)
(CVXPY) Jul 17 01:45:53 PM: Encountered unexpected exception importing solver DIFFCP:
ImportError('DLL load failed while importing _diffcp: The specified module could not be found.')
    test[12] Prostate_Patient_97: RelErr=0.1034  (2.9s)
(CVXPY) Jul 17 01:45:56 PM: Encountered unexpected exception importing solver DIFFCP:
ImportError('DLL load failed while importing _diffcp: The specified module could not be found.')
    test[13] Prostate_Patient_12: RelErr=0.0883  (13.4s)
(CVXPY) Jul 17 01:46:09 PM: Encountered unexpected exception importing solver DIFFCP:
ImportError('DLL load failed while importing _diffcp: The specified module could not be found.')
    test[14] Prostate_Patient_46: RelErr=0.1077  (5.1s)
(CVXPY) Jul 17 01:46:14 PM: Encountered unexpected exception importing solver DIFFCP:
ImportError('DLL load failed while importing _diffcp: The specified module could not be found.')
    test[15] Prostate_Patient_4: RelErr=0.1087  (8.3s)
(CVXPY) Jul 17 01:46:23 PM: Encountered unexpected exception importing solver DIFFCP:
ImportError('DLL load failed while importing _diffcp: The specified module could not be found.')
    test[16] Prostate_Patient_21: RelErr=0.0991  (10.7s)
(CVXPY) Jul 17 01:46:33 PM: Encountered unexpected exception importing solver DIFFCP:
ImportError('DLL load failed while importing _diffcp: The specified module could not be found.')
    test[17] Prostate_Patient_122: RelErr=0.1178  (16.5s)
(CVXPY) Jul 17 01:46:50 PM: Encountered unexpected exception importing solver DIFFCP:
ImportError('DLL load failed while importing _diffcp: The specified module could not be found.')
    test[18] Prostate_Patient_109: RelErr=0.1399  (5.3s)
(CVXPY) Jul 17 01:46:55 PM: Encountered unexpected exception importing solver DIFFCP:
ImportError('DLL load failed while importing _diffcp: The specified module could not be found.')
    test[19] Prostate_Patient_90: RelErr=0.1416  (2.3s)
    Mean RelErr = 0.1195  (20/20 valid, 136.2s total)
Saved CSV: results/parametric_comparison\parametric_mape_nested_dose_kkt.csv
Saved figure: results/parametric_comparison\parametric_mape_figure_dose_kkt.pdf

===== SUMMARY =====
   N         rho=1         rho=2         rho=3
   5         0.313%       0.000%       0.114%
   6         0.313%       0.000%       0.117%
   7         0.316%       0.001%       0.120%
   8         0.316%       0.000%       0.118%
   9         0.316%       0.000%       0.118%
  10         0.318%       0.000%       0.119%
