START Fri Jul 17 20:36:13 EDT 2026
(CVXPY) Jul 17 08:36:14 PM: Encountered unexpected exception importing solver DIFFCP:
ImportError('DLL load failed while importing _diffcp: The specified module could not be found.')
Test set: 20 patients
Using canonical test set: 20 patients

  -- N=3, rho=1, method=kkt --
    Training: 3 patients
(CVXPY) Jul 17 08:36:15 PM: Encountered unexpected exception importing solver DIFFCP:
ImportError('DLL load failed while importing _diffcp: The specified module could not be found.')
  patients used=3  comp-slack resid=3.1605e+03
  alpha_hat (sign-constrained): [0.2123 0.232  0.0719 0.3806 0.0346 0.0685]
  true alpha/sum (per function):[0.3175 0.3175 0.1587 0.0794 0.0794 0.0476]
  cond(M)=6.85e+01  per-patient leverage shares (N entries)=[0.014 0.343 0.643]
  unidentified direction (|smallest eigvec|, per function): [0.221 0.15  0.047 0.955 0.097 0.079]
    alpha_hat = [0.2123 0.232  0.0719 0.3806 0.0346 0.0685]
    True alpha (per function) = [20. 20. 10.  5.  5.  3.]
(CVXPY) Jul 17 08:36:17 PM: Encountered unexpected exception importing solver DIFFCP:
ImportError('DLL load failed while importing _diffcp: The specified module could not be found.')
    test[ 0] Prostate_Patient_41: RelErr=0.2647  (2.9s)
(CVXPY) Jul 17 08:36:20 PM: Encountered unexpected exception importing solver DIFFCP:
ImportError('DLL load failed while importing _diffcp: The specified module could not be found.')
    test[ 1] Prostate_Patient_32: RelErr=0.3968  (1.6s)
(CVXPY) Jul 17 08:36:22 PM: Encountered unexpected exception importing solver DIFFCP:
ImportError('DLL load failed while importing _diffcp: The specified module could not be found.')
    test[ 2] Prostate_Patient_60: RelErr=0.3740  (1.3s)
(CVXPY) Jul 17 08:36:23 PM: Encountered unexpected exception importing solver DIFFCP:
ImportError('DLL load failed while importing _diffcp: The specified module could not be found.')
    test[ 3] Prostate_Patient_72: RelErr=0.4370  (0.9s)
(CVXPY) Jul 17 08:36:24 PM: Encountered unexpected exception importing solver DIFFCP:
ImportError('DLL load failed while importing _diffcp: The specified module could not be found.')
    test[ 4] Prostate_Patient_95: RelErr=0.3273  (1.2s)
(CVXPY) Jul 17 08:36:25 PM: Encountered unexpected exception importing solver DIFFCP:
ImportError('DLL load failed while importing _diffcp: The specified module could not be found.')
    test[ 5] Prostate_Patient_123: RelErr=0.2951  (2.2s)
(CVXPY) Jul 17 08:36:27 PM: Encountered unexpected exception importing solver DIFFCP:
ImportError('DLL load failed while importing _diffcp: The specified module could not be found.')
    test[ 6] Prostate_Patient_53: RelErr=0.2739  (2.3s)
(CVXPY) Jul 17 08:36:30 PM: Encountered unexpected exception importing solver DIFFCP:
ImportError('DLL load failed while importing _diffcp: The specified module could not be found.')
    test[ 7] Prostate_Patient_55: RelErr=0.2587  (1.3s)
(CVXPY) Jul 17 08:36:31 PM: Encountered unexpected exception importing solver DIFFCP:
ImportError('DLL load failed while importing _diffcp: The specified module could not be found.')
    test[ 8] Prostate_Patient_36: RelErr=0.3140  (1.1s)
(CVXPY) Jul 17 08:36:32 PM: Encountered unexpected exception importing solver DIFFCP:
ImportError('DLL load failed while importing _diffcp: The specified module could not be found.')
    test[ 9] Prostate_Patient_54: RelErr=0.3336  (1.2s)
(CVXPY) Jul 17 08:36:33 PM: Encountered unexpected exception importing solver DIFFCP:
ImportError('DLL load failed while importing _diffcp: The specified module could not be found.')
    test[10] Prostate_Patient_42: RelErr=0.3735  (1.4s)
(CVXPY) Jul 17 08:36:35 PM: Encountered unexpected exception importing solver DIFFCP:
ImportError('DLL load failed while importing _diffcp: The specified module could not be found.')
    test[11] Prostate_Patient_51: RelErr=0.3073  (1.7s)
(CVXPY) Jul 17 08:36:36 PM: Encountered unexpected exception importing solver DIFFCP:
ImportError('DLL load failed while importing _diffcp: The specified module could not be found.')
    test[12] Prostate_Patient_97: RelErr=0.3801  (0.9s)
(CVXPY) Jul 17 08:36:37 PM: Encountered unexpected exception importing solver DIFFCP:
ImportError('DLL load failed while importing _diffcp: The specified module could not be found.')
    test[13] Prostate_Patient_12: RelErr=0.2706  (4.2s)
(CVXPY) Jul 17 08:36:41 PM: Encountered unexpected exception importing solver DIFFCP:
ImportError('DLL load failed while importing _diffcp: The specified module could not be found.')
    test[14] Prostate_Patient_46: RelErr=0.2706  (1.5s)
(CVXPY) Jul 17 08:36:43 PM: Encountered unexpected exception importing solver DIFFCP:
ImportError('DLL load failed while importing _diffcp: The specified module could not be found.')
    test[15] Prostate_Patient_4: RelErr=0.2604  (2.4s)
(CVXPY) Jul 17 08:36:45 PM: Encountered unexpected exception importing solver DIFFCP:
ImportError('DLL load failed while importing _diffcp: The specified module could not be found.')
    test[16] Prostate_Patient_21: RelErr=0.2594  (3.3s)
(CVXPY) Jul 17 08:36:49 PM: Encountered unexpected exception importing solver DIFFCP:
ImportError('DLL load failed while importing _diffcp: The specified module could not be found.')
    test[17] Prostate_Patient_122: RelErr=0.2634  (5.3s)
(CVXPY) Jul 17 08:36:54 PM: Encountered unexpected exception importing solver DIFFCP:
ImportError('DLL load failed while importing _diffcp: The specified module could not be found.')
    test[18] Prostate_Patient_109: RelErr=0.2881  (1.5s)
(CVXPY) Jul 17 08:36:55 PM: Encountered unexpected exception importing solver DIFFCP:
ImportError('DLL load failed while importing _diffcp: The specified module could not be found.')
    test[19] Prostate_Patient_90: RelErr=0.3486  (1.1s)
    Mean RelErr = 0.3149  (20/20 valid, 41.8s total)

  -- N=3, rho=2, method=kkt --
    Training: 3 patients
(CVXPY) Jul 17 08:36:57 PM: Encountered unexpected exception importing solver DIFFCP:
ImportError('DLL load failed while importing _diffcp: The specified module could not be found.')
  patients used=3  comp-slack resid=1.2814e+00
  alpha_hat (sign-constrained): [0.3175 0.3175 0.1587 0.0794 0.0794 0.0476]
  true alpha/sum (per function):[0.3175 0.3175 0.1587 0.0794 0.0794 0.0476]
  cond(M)=4.64e+07  per-patient leverage shares (N entries)=[0.    0.431 0.569]
  unidentified direction (|smallest eigvec|, per function): [0.646 0.646 0.323 0.161 0.161 0.097]
    alpha_hat = [0.3175 0.3175 0.1587 0.0794 0.0794 0.0476]
    True alpha (per function) = [20. 20. 10.  5.  5.  3.]
(CVXPY) Jul 17 08:37:00 PM: Encountered unexpected exception importing solver DIFFCP:
ImportError('DLL load failed while importing _diffcp: The specified module could not be found.')
    test[ 0] Prostate_Patient_41: RelErr=0.0004  (4.9s)
(CVXPY) Jul 17 08:37:05 PM: Encountered unexpected exception importing solver DIFFCP:
ImportError('DLL load failed while importing _diffcp: The specified module could not be found.')
    test[ 1] Prostate_Patient_32: RelErr=0.0004  (2.6s)
(CVXPY) Jul 17 08:37:07 PM: Encountered unexpected exception importing solver DIFFCP:
ImportError('DLL load failed while importing _diffcp: The specified module could not be found.')
    test[ 2] Prostate_Patient_60: RelErr=0.0004  (2.5s)
(CVXPY) Jul 17 08:37:10 PM: Encountered unexpected exception importing solver DIFFCP:
ImportError('DLL load failed while importing _diffcp: The specified module could not be found.')
    test[ 3] Prostate_Patient_72: RelErr=0.0006  (2.0s)
(CVXPY) Jul 17 08:37:12 PM: Encountered unexpected exception importing solver DIFFCP:
ImportError('DLL load failed while importing _diffcp: The specified module could not be found.')
    test[ 4] Prostate_Patient_95: RelErr=0.0004  (2.5s)
(CVXPY) Jul 17 08:37:14 PM: Encountered unexpected exception importing solver DIFFCP:
ImportError('DLL load failed while importing _diffcp: The specified module could not be found.')
    test[ 5] Prostate_Patient_123: RelErr=0.0003  (3.4s)
(CVXPY) Jul 17 08:37:18 PM: Encountered unexpected exception importing solver DIFFCP:
ImportError('DLL load failed while importing _diffcp: The specified module could not be found.')
    test[ 6] Prostate_Patient_53: RelErr=0.0003  (3.9s)
(CVXPY) Jul 17 08:37:22 PM: Encountered unexpected exception importing solver DIFFCP:
ImportError('DLL load failed while importing _diffcp: The specified module could not be found.')
    test[ 7] Prostate_Patient_55: RelErr=0.0003  (1.7s)
(CVXPY) Jul 17 08:37:23 PM: Encountered unexpected exception importing solver DIFFCP:
ImportError('DLL load failed while importing _diffcp: The specified module could not be found.')
    test[ 8] Prostate_Patient_36: RelErr=0.0003  (2.2s)
(CVXPY) Jul 17 08:37:25 PM: Encountered unexpected exception importing solver DIFFCP:
ImportError('DLL load failed while importing _diffcp: The specified module could not be found.')
    test[ 9] Prostate_Patient_54: RelErr=0.0003  (2.2s)
(CVXPY) Jul 17 08:37:28 PM: Encountered unexpected exception importing solver DIFFCP:
ImportError('DLL load failed while importing _diffcp: The specified module could not be found.')
    test[10] Prostate_Patient_42: RelErr=0.0005  (2.3s)
(CVXPY) Jul 17 08:37:30 PM: Encountered unexpected exception importing solver DIFFCP:
ImportError('DLL load failed while importing _diffcp: The specified module could not be found.')
    test[11] Prostate_Patient_51: RelErr=0.0004  (2.7s)
(CVXPY) Jul 17 08:37:33 PM: Encountered unexpected exception importing solver DIFFCP:
ImportError('DLL load failed while importing _diffcp: The specified module could not be found.')
    test[12] Prostate_Patient_97: RelErr=0.0005  (2.0s)
(CVXPY) Jul 17 08:37:35 PM: Encountered unexpected exception importing solver DIFFCP:
ImportError('DLL load failed while importing _diffcp: The specified module could not be found.')
    test[13] Prostate_Patient_12: RelErr=0.0007  (7.6s)
(CVXPY) Jul 17 08:37:42 PM: Encountered unexpected exception importing solver DIFFCP:
ImportError('DLL load failed while importing _diffcp: The specified module could not be found.')
    test[14] Prostate_Patient_46: RelErr=0.0004  (2.4s)
(CVXPY) Jul 17 08:37:45 PM: Encountered unexpected exception importing solver DIFFCP:
ImportError('DLL load failed while importing _diffcp: The specified module could not be found.')
    test[15] Prostate_Patient_4: RelErr=0.0009  (3.7s)
(CVXPY) Jul 17 08:37:48 PM: Encountered unexpected exception importing solver DIFFCP:
ImportError('DLL load failed while importing _diffcp: The specified module could not be found.')
    test[16] Prostate_Patient_21: RelErr=0.0002  (7.6s)
(CVXPY) Jul 17 08:37:56 PM: Encountered unexpected exception importing solver DIFFCP:
ImportError('DLL load failed while importing _diffcp: The specified module could not be found.')
    test[17] Prostate_Patient_122: RelErr=0.0001  (15.4s)
(CVXPY) Jul 17 08:38:11 PM: Encountered unexpected exception importing solver DIFFCP:
ImportError('DLL load failed while importing _diffcp: The specified module could not be found.')
    test[18] Prostate_Patient_109: RelErr=0.0002  (3.3s)
(CVXPY) Jul 17 08:38:15 PM: Encountered unexpected exception importing solver DIFFCP:
ImportError('DLL load failed while importing _diffcp: The specified module could not be found.')
    test[19] Prostate_Patient_90: RelErr=0.0002  (1.9s)
    Mean RelErr = 0.0004  (20/20 valid, 80.1s total)

  -- N=3, rho=3, method=kkt --
    Training: 3 patients
(CVXPY) Jul 17 08:38:17 PM: Encountered unexpected exception importing solver DIFFCP:
ImportError('DLL load failed while importing _diffcp: The specified module could not be found.')
  patients used=3  comp-slack resid=5.9647e+09
  alpha_hat (sign-constrained): [0.2163 0.4729 0.2364 0.0293 0.0452 0.    ]
  true alpha/sum (per function):[0.3175 0.3175 0.1587 0.0794 0.0794 0.0476]
  cond(M)=4.23e+02  per-patient leverage shares (N entries)=[0.    0.515 0.485]
  unidentified direction (|smallest eigvec|, per function): [0.47  0.788 0.39  0.012 0.071 0.003]
    alpha_hat = [0.2163 0.4729 0.2364 0.0293 0.0452 0.    ]
    True alpha (per function) = [20. 20. 10.  5.  5.  3.]
(CVXPY) Jul 17 08:38:19 PM: Encountered unexpected exception importing solver DIFFCP:
ImportError('DLL load failed while importing _diffcp: The specified module could not be found.')
    test[ 0] Prostate_Patient_41: RelErr=0.0808  (6.9s)
(CVXPY) Jul 17 08:38:26 PM: Encountered unexpected exception importing solver DIFFCP:
ImportError('DLL load failed while importing _diffcp: The specified module could not be found.')
    test[ 1] Prostate_Patient_32: RelErr=0.1139  (2.8s)
(CVXPY) Jul 17 08:38:29 PM: Encountered unexpected exception importing solver DIFFCP:
ImportError('DLL load failed while importing _diffcp: The specified module could not be found.')
    test[ 2] Prostate_Patient_60: RelErr=0.1296  (2.4s)
(CVXPY) Jul 17 08:38:32 PM: Encountered unexpected exception importing solver DIFFCP:
ImportError('DLL load failed while importing _diffcp: The specified module could not be found.')
    test[ 3] Prostate_Patient_72: RelErr=0.1353  (2.2s)
(CVXPY) Jul 17 08:38:34 PM: Encountered unexpected exception importing solver DIFFCP:
ImportError('DLL load failed while importing _diffcp: The specified module could not be found.')
    test[ 4] Prostate_Patient_95: RelErr=0.1323  (3.4s)
(CVXPY) Jul 17 08:38:37 PM: Encountered unexpected exception importing solver DIFFCP:
ImportError('DLL load failed while importing _diffcp: The specified module could not be found.')
    test[ 5] Prostate_Patient_123: RelErr=0.1103  (3.8s)
(CVXPY) Jul 17 08:38:41 PM: Encountered unexpected exception importing solver DIFFCP:
ImportError('DLL load failed while importing _diffcp: The specified module could not be found.')
    test[ 6] Prostate_Patient_53: RelErr=0.0938  (4.4s)
(CVXPY) Jul 17 08:38:45 PM: Encountered unexpected exception importing solver DIFFCP:
ImportError('DLL load failed while importing _diffcp: The specified module could not be found.')
    test[ 7] Prostate_Patient_55: RelErr=0.1421  (2.7s)
(CVXPY) Jul 17 08:38:48 PM: Encountered unexpected exception importing solver DIFFCP:
ImportError('DLL load failed while importing _diffcp: The specified module could not be found.')
    test[ 8] Prostate_Patient_36: RelErr=0.1150  (3.2s)
(CVXPY) Jul 17 08:38:51 PM: Encountered unexpected exception importing solver DIFFCP:
ImportError('DLL load failed while importing _diffcp: The specified module could not be found.')
    test[ 9] Prostate_Patient_54: RelErr=0.1167  (2.1s)
(CVXPY) Jul 17 08:38:53 PM: Encountered unexpected exception importing solver DIFFCP:
ImportError('DLL load failed while importing _diffcp: The specified module could not be found.')
    test[10] Prostate_Patient_42: RelErr=0.1570  (3.6s)
(CVXPY) Jul 17 08:38:57 PM: Encountered unexpected exception importing solver DIFFCP:
ImportError('DLL load failed while importing _diffcp: The specified module could not be found.')
    test[11] Prostate_Patient_51: RelErr=0.1042  (5.2s)
(CVXPY) Jul 17 08:39:02 PM: Encountered unexpected exception importing solver DIFFCP:
ImportError('DLL load failed while importing _diffcp: The specified module could not be found.')
    test[12] Prostate_Patient_97: RelErr=0.1056  (3.6s)
(CVXPY) Jul 17 08:39:06 PM: Encountered unexpected exception importing solver DIFFCP:
ImportError('DLL load failed while importing _diffcp: The specified module could not be found.')
    test[13] Prostate_Patient_12: RelErr=0.0870  (9.8s)
(CVXPY) Jul 17 08:39:15 PM: Encountered unexpected exception importing solver DIFFCP:
ImportError('DLL load failed while importing _diffcp: The specified module could not be found.')
    test[14] Prostate_Patient_46: RelErr=0.1023  (2.6s)
(CVXPY) Jul 17 08:39:18 PM: Encountered unexpected exception importing solver DIFFCP:
ImportError('DLL load failed while importing _diffcp: The specified module could not be found.')
    test[15] Prostate_Patient_4: RelErr=0.1002  (4.4s)
(CVXPY) Jul 17 08:39:22 PM: Encountered unexpected exception importing solver DIFFCP:
ImportError('DLL load failed while importing _diffcp: The specified module could not be found.')
    test[16] Prostate_Patient_21: RelErr=0.0944  (7.2s)
(CVXPY) Jul 17 08:39:30 PM: Encountered unexpected exception importing solver DIFFCP:
ImportError('DLL load failed while importing _diffcp: The specified module could not be found.')
    test[17] Prostate_Patient_122: RelErr=0.1163  (12.3s)
(CVXPY) Jul 17 08:39:42 PM: Encountered unexpected exception importing solver DIFFCP:
ImportError('DLL load failed while importing _diffcp: The specified module could not be found.')
    test[18] Prostate_Patient_109: RelErr=0.1346  (3.8s)
(CVXPY) Jul 17 08:39:46 PM: Encountered unexpected exception importing solver DIFFCP:
ImportError('DLL load failed while importing _diffcp: The specified module could not be found.')
    test[19] Prostate_Patient_90: RelErr=0.1414  (2.2s)
    Mean RelErr = 0.1156  (20/20 valid, 91.2s total)

  -- N=4, rho=1, method=kkt --
    Training: 4 patients
(CVXPY) Jul 17 08:39:48 PM: Encountered unexpected exception importing solver DIFFCP:
ImportError('DLL load failed while importing _diffcp: The specified module could not be found.')
  patients used=4  comp-slack resid=3.9127e+03
  alpha_hat (sign-constrained): [0.2262 0.2014 0.0649 0.4061 0.0295 0.072 ]
  true alpha/sum (per function):[0.3175 0.3175 0.1587 0.0794 0.0794 0.0476]
  cond(M)=9.31e+01  per-patient leverage shares (N entries)=[0.009 0.225 0.422 0.344]
  unidentified direction (|smallest eigvec|, per function): [0.207 0.084 0.032 0.967 0.097 0.075]
    alpha_hat = [0.2262 0.2014 0.0649 0.4061 0.0295 0.072 ]
    True alpha (per function) = [20. 20. 10.  5.  5.  3.]
(CVXPY) Jul 17 08:39:52 PM: Encountered unexpected exception importing solver DIFFCP:
ImportError('DLL load failed while importing _diffcp: The specified module could not be found.')
    test[ 0] Prostate_Patient_41: RelErr=0.2645  (2.8s)
(CVXPY) Jul 17 08:39:54 PM: Encountered unexpected exception importing solver DIFFCP:
ImportError('DLL load failed while importing _diffcp: The specified module could not be found.')
    test[ 1] Prostate_Patient_32: RelErr=0.3766  (1.5s)
(CVXPY) Jul 17 08:39:56 PM: Encountered unexpected exception importing solver DIFFCP:
ImportError('DLL load failed while importing _diffcp: The specified module could not be found.')
    test[ 2] Prostate_Patient_60: RelErr=0.3829  (1.2s)
(CVXPY) Jul 17 08:39:57 PM: Encountered unexpected exception importing solver DIFFCP:
ImportError('DLL load failed while importing _diffcp: The specified module could not be found.')
    test[ 3] Prostate_Patient_72: RelErr=0.4241  (0.8s)
(CVXPY) Jul 17 08:39:58 PM: Encountered unexpected exception importing solver DIFFCP:
ImportError('DLL load failed while importing _diffcp: The specified module could not be found.')
    test[ 4] Prostate_Patient_95: RelErr=0.3207  (1.3s)
(CVXPY) Jul 17 08:39:59 PM: Encountered unexpected exception importing solver DIFFCP:
ImportError('DLL load failed while importing _diffcp: The specified module could not be found.')
    test[ 5] Prostate_Patient_123: RelErr=0.3052  (2.1s)
(CVXPY) Jul 17 08:40:01 PM: Encountered unexpected exception importing solver DIFFCP:
ImportError('DLL load failed while importing _diffcp: The specified module could not be found.')
    test[ 6] Prostate_Patient_53: RelErr=0.2715  (2.3s)
(CVXPY) Jul 17 08:40:04 PM: Encountered unexpected exception importing solver DIFFCP:
ImportError('DLL load failed while importing _diffcp: The specified module could not be found.')
    test[ 7] Prostate_Patient_55: RelErr=0.2651  (1.3s)
(CVXPY) Jul 17 08:40:05 PM: Encountered unexpected exception importing solver DIFFCP:
ImportError('DLL load failed while importing _diffcp: The specified module could not be found.')
    test[ 8] Prostate_Patient_36: RelErr=0.2972  (1.0s)
(CVXPY) Jul 17 08:40:06 PM: Encountered unexpected exception importing solver DIFFCP:
ImportError('DLL load failed while importing _diffcp: The specified module could not be found.')
    test[ 9] Prostate_Patient_54: RelErr=0.3321  (1.1s)
(CVXPY) Jul 17 08:40:07 PM: Encountered unexpected exception importing solver DIFFCP:
ImportError('DLL load failed while importing _diffcp: The specified module could not be found.')
    test[10] Prostate_Patient_42: RelErr=0.3784  (1.4s)
(CVXPY) Jul 17 08:40:08 PM: Encountered unexpected exception importing solver DIFFCP:
ImportError('DLL load failed while importing _diffcp: The specified module could not be found.')
    test[11] Prostate_Patient_51: RelErr=0.3133  (1.6s)
(CVXPY) Jul 17 08:40:10 PM: Encountered unexpected exception importing solver DIFFCP:
ImportError('DLL load failed while importing _diffcp: The specified module could not be found.')
    test[12] Prostate_Patient_97: RelErr=0.4047  (0.9s)
(CVXPY) Jul 17 08:40:11 PM: Encountered unexpected exception importing solver DIFFCP:
ImportError('DLL load failed while importing _diffcp: The specified module could not be found.')
    test[13] Prostate_Patient_12: RelErr=0.2726  (4.2s)
(CVXPY) Jul 17 08:40:15 PM: Encountered unexpected exception importing solver DIFFCP:
ImportError('DLL load failed while importing _diffcp: The specified module could not be found.')
    test[14] Prostate_Patient_46: RelErr=0.2721  (1.5s)
(CVXPY) Jul 17 08:40:17 PM: Encountered unexpected exception importing solver DIFFCP:
ImportError('DLL load failed while importing _diffcp: The specified module could not be found.')
    test[15] Prostate_Patient_4: RelErr=0.2541  (2.5s)
(CVXPY) Jul 17 08:40:19 PM: Encountered unexpected exception importing solver DIFFCP:
ImportError('DLL load failed while importing _diffcp: The specified module could not be found.')
    test[16] Prostate_Patient_21: RelErr=0.2571  (3.3s)
(CVXPY) Jul 17 08:40:22 PM: Encountered unexpected exception importing solver DIFFCP:
ImportError('DLL load failed while importing _diffcp: The specified module could not be found.')
    test[17] Prostate_Patient_122: RelErr=0.2625  (5.3s)
(CVXPY) Jul 17 08:40:28 PM: Encountered unexpected exception importing solver DIFFCP:
ImportError('DLL load failed while importing _diffcp: The specified module could not be found.')
    test[18] Prostate_Patient_109: RelErr=0.2841  (1.4s)
(CVXPY) Jul 17 08:40:29 PM: Encountered unexpected exception importing solver DIFFCP:
ImportError('DLL load failed while importing _diffcp: The specified module could not be found.')
    test[19] Prostate_Patient_90: RelErr=0.3454  (1.0s)
    Mean RelErr = 0.3142  (20/20 valid, 42.2s total)

  -- N=4, rho=2, method=kkt --
    Training: 4 patients
(CVXPY) Jul 17 08:40:30 PM: Encountered unexpected exception importing solver DIFFCP:
ImportError('DLL load failed while importing _diffcp: The specified module could not be found.')
  patients used=4  comp-slack resid=1.6579e+00
  alpha_hat (sign-constrained): [0.3175 0.3175 0.1587 0.0793 0.0794 0.0476]
  true alpha/sum (per function):[0.3175 0.3175 0.1587 0.0794 0.0794 0.0476]
  cond(M)=5.98e+07  per-patient leverage shares (N entries)=[0.    0.312 0.412 0.276]
  unidentified direction (|smallest eigvec|, per function): [0.646 0.646 0.323 0.161 0.161 0.097]
    alpha_hat = [0.3175 0.3175 0.1587 0.0793 0.0794 0.0476]
    True alpha (per function) = [20. 20. 10.  5.  5.  3.]
(CVXPY) Jul 17 08:40:34 PM: Encountered unexpected exception importing solver DIFFCP:
ImportError('DLL load failed while importing _diffcp: The specified module could not be found.')
    test[ 0] Prostate_Patient_41: RelErr=0.0002  (4.7s)
(CVXPY) Jul 17 08:40:39 PM: Encountered unexpected exception importing solver DIFFCP:
ImportError('DLL load failed while importing _diffcp: The specified module could not be found.')
    test[ 1] Prostate_Patient_32: RelErr=0.0003  (2.6s)
(CVXPY) Jul 17 08:40:41 PM: Encountered unexpected exception importing solver DIFFCP:
ImportError('DLL load failed while importing _diffcp: The specified module could not be found.')
    test[ 2] Prostate_Patient_60: RelErr=0.0005  (2.9s)
(CVXPY) Jul 17 08:40:44 PM: Encountered unexpected exception importing solver DIFFCP:
ImportError('DLL load failed while importing _diffcp: The specified module could not be found.')
    test[ 3] Prostate_Patient_72: RelErr=0.0006  (2.0s)
(CVXPY) Jul 17 08:40:46 PM: Encountered unexpected exception importing solver DIFFCP:
ImportError('DLL load failed while importing _diffcp: The specified module could not be found.')
    test[ 4] Prostate_Patient_95: RelErr=0.0006  (2.4s)
(CVXPY) Jul 17 08:40:49 PM: Encountered unexpected exception importing solver DIFFCP:
ImportError('DLL load failed while importing _diffcp: The specified module could not be found.')
    test[ 5] Prostate_Patient_123: RelErr=0.0004  (3.4s)
(CVXPY) Jul 17 08:40:52 PM: Encountered unexpected exception importing solver DIFFCP:
ImportError('DLL load failed while importing _diffcp: The specified module could not be found.')
    test[ 6] Prostate_Patient_53: RelErr=0.0005  (3.9s)
(CVXPY) Jul 17 08:40:56 PM: Encountered unexpected exception importing solver DIFFCP:
ImportError('DLL load failed while importing _diffcp: The specified module could not be found.')
    test[ 7] Prostate_Patient_55: RelErr=0.0003  (1.8s)
(CVXPY) Jul 17 08:40:58 PM: Encountered unexpected exception importing solver DIFFCP:
ImportError('DLL load failed while importing _diffcp: The specified module could not be found.')
    test[ 8] Prostate_Patient_36: RelErr=0.0002  (2.0s)
(CVXPY) Jul 17 08:41:00 PM: Encountered unexpected exception importing solver DIFFCP:
ImportError('DLL load failed while importing _diffcp: The specified module could not be found.')
    test[ 9] Prostate_Patient_54: RelErr=0.0004  (2.3s)
(CVXPY) Jul 17 08:41:02 PM: Encountered unexpected exception importing solver DIFFCP:
ImportError('DLL load failed while importing _diffcp: The specified module could not be found.')
    test[10] Prostate_Patient_42: RelErr=0.0005  (2.6s)
(CVXPY) Jul 17 08:41:05 PM: Encountered unexpected exception importing solver DIFFCP:
ImportError('DLL load failed while importing _diffcp: The specified module could not be found.')
    test[11] Prostate_Patient_51: RelErr=0.0003  (2.8s)
(CVXPY) Jul 17 08:41:08 PM: Encountered unexpected exception importing solver DIFFCP:
ImportError('DLL load failed while importing _diffcp: The specified module could not be found.')
    test[12] Prostate_Patient_97: RelErr=0.0002  (2.4s)
(CVXPY) Jul 17 08:41:10 PM: Encountered unexpected exception importing solver DIFFCP:
ImportError('DLL load failed while importing _diffcp: The specified module could not be found.')
    test[13] Prostate_Patient_12: RelErr=0.0002  (7.2s)
(CVXPY) Jul 17 08:41:17 PM: Encountered unexpected exception importing solver DIFFCP:
ImportError('DLL load failed while importing _diffcp: The specified module could not be found.')
    test[14] Prostate_Patient_46: RelErr=0.0004  (2.4s)
(CVXPY) Jul 17 08:41:20 PM: Encountered unexpected exception importing solver DIFFCP:
ImportError('DLL load failed while importing _diffcp: The specified module could not be found.')
    test[15] Prostate_Patient_4: RelErr=0.0003  (3.6s)
(CVXPY) Jul 17 08:41:23 PM: Encountered unexpected exception importing solver DIFFCP:
ImportError('DLL load failed while importing _diffcp: The specified module could not be found.')
    test[16] Prostate_Patient_21: RelErr=0.0003  (6.6s)
(CVXPY) Jul 17 08:41:30 PM: Encountered unexpected exception importing solver DIFFCP:
ImportError('DLL load failed while importing _diffcp: The specified module could not be found.')
    test[17] Prostate_Patient_122: RelErr=0.0001  (15.2s)
(CVXPY) Jul 17 08:41:45 PM: Encountered unexpected exception importing solver DIFFCP:
ImportError('DLL load failed while importing _diffcp: The specified module could not be found.')
    test[18] Prostate_Patient_109: RelErr=0.0002  (3.4s)
(CVXPY) Jul 17 08:41:48 PM: Encountered unexpected exception importing solver DIFFCP:
ImportError('DLL load failed while importing _diffcp: The specified module could not be found.')
    test[19] Prostate_Patient_90: RelErr=0.0003  (1.9s)
    Mean RelErr = 0.0003  (20/20 valid, 80.2s total)

  -- N=4, rho=3, method=kkt --
    Training: 4 patients
(CVXPY) Jul 17 08:41:50 PM: Encountered unexpected exception importing solver DIFFCP:
ImportError('DLL load failed while importing _diffcp: The specified module could not be found.')
  patients used=4  comp-slack resid=6.4002e+09
  alpha_hat (sign-constrained): [0.2118 0.4818 0.2318 0.0297 0.0449 0.    ]
  true alpha/sum (per function):[0.3175 0.3175 0.1587 0.0794 0.0794 0.0476]
  cond(M)=4.23e+02  per-patient leverage shares (N entries)=[0.    0.4   0.377 0.223]
  unidentified direction (|smallest eigvec|, per function): [0.37  0.849 0.368 0.052 0.068 0.   ]
    alpha_hat = [0.2118 0.4818 0.2318 0.0297 0.0449 0.    ]
    True alpha (per function) = [20. 20. 10.  5.  5.  3.]
(CVXPY) Jul 17 08:41:54 PM: Encountered unexpected exception importing solver DIFFCP:
ImportError('DLL load failed while importing _diffcp: The specified module could not be found.')
    test[ 0] Prostate_Patient_41: RelErr=0.0807  (7.5s)
(CVXPY) Jul 17 08:42:01 PM: Encountered unexpected exception importing solver DIFFCP:
ImportError('DLL load failed while importing _diffcp: The specified module could not be found.')
    test[ 1] Prostate_Patient_32: RelErr=0.1140  (4.0s)
(CVXPY) Jul 17 08:42:05 PM: Encountered unexpected exception importing solver DIFFCP:
ImportError('DLL load failed while importing _diffcp: The specified module could not be found.')
    test[ 2] Prostate_Patient_60: RelErr=0.1294  (2.2s)
(CVXPY) Jul 17 08:42:07 PM: Encountered unexpected exception importing solver DIFFCP:
ImportError('DLL load failed while importing _diffcp: The specified module could not be found.')
    test[ 3] Prostate_Patient_72: RelErr=0.1353  (1.8s)
(CVXPY) Jul 17 08:42:09 PM: Encountered unexpected exception importing solver DIFFCP:
ImportError('DLL load failed while importing _diffcp: The specified module could not be found.')
    test[ 4] Prostate_Patient_95: RelErr=0.1316  (3.1s)
(CVXPY) Jul 17 08:42:12 PM: Encountered unexpected exception importing solver DIFFCP:
ImportError('DLL load failed while importing _diffcp: The specified module could not be found.')
    test[ 5] Prostate_Patient_123: RelErr=0.1101  (3.8s)
(CVXPY) Jul 17 08:42:16 PM: Encountered unexpected exception importing solver DIFFCP:
ImportError('DLL load failed while importing _diffcp: The specified module could not be found.')
    test[ 6] Prostate_Patient_53: RelErr=0.0935  (4.4s)
(CVXPY) Jul 17 08:42:20 PM: Encountered unexpected exception importing solver DIFFCP:
ImportError('DLL load failed while importing _diffcp: The specified module could not be found.')
    test[ 7] Prostate_Patient_55: RelErr=0.1428  (2.0s)
(CVXPY) Jul 17 08:42:22 PM: Encountered unexpected exception importing solver DIFFCP:
ImportError('DLL load failed while importing _diffcp: The specified module could not be found.')
    test[ 8] Prostate_Patient_36: RelErr=0.1161  (2.8s)
(CVXPY) Jul 17 08:42:25 PM: Encountered unexpected exception importing solver DIFFCP:
ImportError('DLL load failed while importing _diffcp: The specified module could not be found.')
    test[ 9] Prostate_Patient_54: RelErr=0.1168  (2.1s)
(CVXPY) Jul 17 08:42:27 PM: Encountered unexpected exception importing solver DIFFCP:
ImportError('DLL load failed while importing _diffcp: The specified module could not be found.')
    test[10] Prostate_Patient_42: RelErr=0.1573  (2.6s)
(CVXPY) Jul 17 08:42:30 PM: Encountered unexpected exception importing solver DIFFCP:
ImportError('DLL load failed while importing _diffcp: The specified module could not be found.')
    test[11] Prostate_Patient_51: RelErr=0.1036  (3.0s)
(CVXPY) Jul 17 08:42:33 PM: Encountered unexpected exception importing solver DIFFCP:
ImportError('DLL load failed while importing _diffcp: The specified module could not be found.')
    test[12] Prostate_Patient_97: RelErr=0.1052  (2.6s)
(CVXPY) Jul 17 08:42:36 PM: Encountered unexpected exception importing solver DIFFCP:
ImportError('DLL load failed while importing _diffcp: The specified module could not be found.')
    test[13] Prostate_Patient_12: RelErr=0.0868  (9.9s)
(CVXPY) Jul 17 08:42:46 PM: Encountered unexpected exception importing solver DIFFCP:
ImportError('DLL load failed while importing _diffcp: The specified module could not be found.')
    test[14] Prostate_Patient_46: RelErr=0.1025  (3.1s)
(CVXPY) Jul 17 08:42:49 PM: Encountered unexpected exception importing solver DIFFCP:
ImportError('DLL load failed while importing _diffcp: The specified module could not be found.')
    test[15] Prostate_Patient_4: RelErr=0.1003  (6.9s)
(CVXPY) Jul 17 08:42:56 PM: Encountered unexpected exception importing solver DIFFCP:
ImportError('DLL load failed while importing _diffcp: The specified module could not be found.')
    test[16] Prostate_Patient_21: RelErr=0.0942  (7.1s)
(CVXPY) Jul 17 08:43:03 PM: Encountered unexpected exception importing solver DIFFCP:
ImportError('DLL load failed while importing _diffcp: The specified module could not be found.')
    test[17] Prostate_Patient_122: RelErr=0.1163  (12.6s)
(CVXPY) Jul 17 08:43:15 PM: Encountered unexpected exception importing solver DIFFCP:
ImportError('DLL load failed while importing _diffcp: The specified module could not be found.')
    test[18] Prostate_Patient_109: RelErr=0.1349  (3.8s)
(CVXPY) Jul 17 08:43:19 PM: Encountered unexpected exception importing solver DIFFCP:
ImportError('DLL load failed while importing _diffcp: The specified module could not be found.')
    test[19] Prostate_Patient_90: RelErr=0.1414  (1.8s)
    Mean RelErr = 0.1156  (20/20 valid, 90.6s total)

  -- N=5, rho=1, method=kkt --
    Training: 5 patients
(CVXPY) Jul 17 08:43:21 PM: Encountered unexpected exception importing solver DIFFCP:
ImportError('DLL load failed while importing _diffcp: The specified module could not be found.')
  patients used=5  comp-slack resid=4.7519e+03
  alpha_hat (sign-constrained): [0.2069 0.2119 0.0633 0.4249 0.0349 0.0582]
  true alpha/sum (per function):[0.3175 0.3175 0.1587 0.0794 0.0794 0.0476]
  cond(M)=1.23e+02  per-patient leverage shares (N entries)=[0.006 0.151 0.283 0.231 0.329]
  unidentified direction (|smallest eigvec|, per function): [0.159 0.115 0.025 0.977 0.076 0.036]
    alpha_hat = [0.2069 0.2119 0.0633 0.4249 0.0349 0.0582]
    True alpha (per function) = [20. 20. 10.  5.  5.  3.]
(CVXPY) Jul 17 08:43:25 PM: Encountered unexpected exception importing solver DIFFCP:
ImportError('DLL load failed while importing _diffcp: The specified module could not be found.')
    test[ 0] Prostate_Patient_41: RelErr=0.2686  (2.8s)
(CVXPY) Jul 17 08:43:28 PM: Encountered unexpected exception importing solver DIFFCP:
ImportError('DLL load failed while importing _diffcp: The specified module could not be found.')
    test[ 1] Prostate_Patient_32: RelErr=0.3996  (1.6s)
(CVXPY) Jul 17 08:43:29 PM: Encountered unexpected exception importing solver DIFFCP:
ImportError('DLL load failed while importing _diffcp: The specified module could not be found.')
    test[ 2] Prostate_Patient_60: RelErr=0.3565  (1.2s)
(CVXPY) Jul 17 08:43:31 PM: Encountered unexpected exception importing solver DIFFCP:
ImportError('DLL load failed while importing _diffcp: The specified module could not be found.')
    test[ 3] Prostate_Patient_72: RelErr=0.4333  (0.8s)
(CVXPY) Jul 17 08:43:31 PM: Encountered unexpected exception importing solver DIFFCP:
ImportError('DLL load failed while importing _diffcp: The specified module could not be found.')
    test[ 4] Prostate_Patient_95: RelErr=0.3113  (1.3s)
(CVXPY) Jul 17 08:43:33 PM: Encountered unexpected exception importing solver DIFFCP:
ImportError('DLL load failed while importing _diffcp: The specified module could not be found.')
    test[ 5] Prostate_Patient_123: RelErr=0.3019  (2.1s)
(CVXPY) Jul 17 08:43:35 PM: Encountered unexpected exception importing solver DIFFCP:
ImportError('DLL load failed while importing _diffcp: The specified module could not be found.')
    test[ 6] Prostate_Patient_53: RelErr=0.2797  (2.3s)
(CVXPY) Jul 17 08:43:37 PM: Encountered unexpected exception importing solver DIFFCP:
ImportError('DLL load failed while importing _diffcp: The specified module could not be found.')
    test[ 7] Prostate_Patient_55: RelErr=0.2621  (1.4s)
(CVXPY) Jul 17 08:43:39 PM: Encountered unexpected exception importing solver DIFFCP:
ImportError('DLL load failed while importing _diffcp: The specified module could not be found.')
    test[ 8] Prostate_Patient_36: RelErr=0.3138  (1.0s)
(CVXPY) Jul 17 08:43:40 PM: Encountered unexpected exception importing solver DIFFCP:
ImportError('DLL load failed while importing _diffcp: The specified module could not be found.')
    test[ 9] Prostate_Patient_54: RelErr=0.3388  (1.1s)
(CVXPY) Jul 17 08:43:41 PM: Encountered unexpected exception importing solver DIFFCP:
ImportError('DLL load failed while importing _diffcp: The specified module could not be found.')
    test[10] Prostate_Patient_42: RelErr=0.3534  (1.4s)
(CVXPY) Jul 17 08:43:42 PM: Encountered unexpected exception importing solver DIFFCP:
ImportError('DLL load failed while importing _diffcp: The specified module could not be found.')
    test[11] Prostate_Patient_51: RelErr=0.3067  (1.6s)
(CVXPY) Jul 17 08:43:44 PM: Encountered unexpected exception importing solver DIFFCP:
ImportError('DLL load failed while importing _diffcp: The specified module could not be found.')
    test[12] Prostate_Patient_97: RelErr=0.3924  (0.8s)
(CVXPY) Jul 17 08:43:44 PM: Encountered unexpected exception importing solver DIFFCP:
ImportError('DLL load failed while importing _diffcp: The specified module could not be found.')
    test[13] Prostate_Patient_12: RelErr=0.2674  (4.3s)
(CVXPY) Jul 17 08:43:49 PM: Encountered unexpected exception importing solver DIFFCP:
ImportError('DLL load failed while importing _diffcp: The specified module could not be found.')
    test[14] Prostate_Patient_46: RelErr=0.2676  (1.4s)
(CVXPY) Jul 17 08:43:50 PM: Encountered unexpected exception importing solver DIFFCP:
ImportError('DLL load failed while importing _diffcp: The specified module could not be found.')
    test[15] Prostate_Patient_4: RelErr=0.2623  (2.5s)
(CVXPY) Jul 17 08:43:53 PM: Encountered unexpected exception importing solver DIFFCP:
ImportError('DLL load failed while importing _diffcp: The specified module could not be found.')
    test[16] Prostate_Patient_21: RelErr=0.2578  (3.3s)
(CVXPY) Jul 17 08:43:56 PM: Encountered unexpected exception importing solver DIFFCP:
ImportError('DLL load failed while importing _diffcp: The specified module could not be found.')
    test[17] Prostate_Patient_122: RelErr=0.2582  (5.0s)
(CVXPY) Jul 17 08:44:01 PM: Encountered unexpected exception importing solver DIFFCP:
ImportError('DLL load failed while importing _diffcp: The specified module could not be found.')
    test[18] Prostate_Patient_109: RelErr=0.3070  (1.6s)
(CVXPY) Jul 17 08:44:03 PM: Encountered unexpected exception importing solver DIFFCP:
ImportError('DLL load failed while importing _diffcp: The specified module could not be found.')
    test[19] Prostate_Patient_90: RelErr=0.3315  (1.0s)
    Mean RelErr = 0.3135  (20/20 valid, 42.8s total)

  -- N=5, rho=2, method=kkt --
    Training: 5 patients
(CVXPY) Jul 17 08:44:04 PM: Encountered unexpected exception importing solver DIFFCP:
ImportError('DLL load failed while importing _diffcp: The specified module could not be found.')
  patients used=5  comp-slack resid=1.8240e+00
  alpha_hat (sign-constrained): [0.3175 0.3174 0.1587 0.0793 0.0794 0.0476]
  true alpha/sum (per function):[0.3175 0.3175 0.1587 0.0794 0.0794 0.0476]
  cond(M)=9.43e+07  per-patient leverage shares (N entries)=[0.    0.205 0.27  0.181 0.344]
  unidentified direction (|smallest eigvec|, per function): [0.646 0.646 0.323 0.161 0.161 0.097]
    alpha_hat = [0.3175 0.3174 0.1587 0.0793 0.0794 0.0476]
    True alpha (per function) = [20. 20. 10.  5.  5.  3.]
(CVXPY) Jul 17 08:44:09 PM: Encountered unexpected exception importing solver DIFFCP:
ImportError('DLL load failed while importing _diffcp: The specified module could not be found.')
    test[ 0] Prostate_Patient_41: RelErr=0.0004  (4.9s)
(CVXPY) Jul 17 08:44:13 PM: Encountered unexpected exception importing solver DIFFCP:
ImportError('DLL load failed while importing _diffcp: The specified module could not be found.')
    test[ 1] Prostate_Patient_32: RelErr=0.0003  (2.6s)
(CVXPY) Jul 17 08:44:16 PM: Encountered unexpected exception importing solver DIFFCP:
ImportError('DLL load failed while importing _diffcp: The specified module could not be found.')
    test[ 2] Prostate_Patient_60: RelErr=0.0004  (2.6s)
(CVXPY) Jul 17 08:44:19 PM: Encountered unexpected exception importing solver DIFFCP:
ImportError('DLL load failed while importing _diffcp: The specified module could not be found.')
    test[ 3] Prostate_Patient_72: RelErr=0.0006  (2.0s)
(CVXPY) Jul 17 08:44:21 PM: Encountered unexpected exception importing solver DIFFCP:
ImportError('DLL load failed while importing _diffcp: The specified module could not be found.')
    test[ 4] Prostate_Patient_95: RelErr=0.0005  (2.4s)
(CVXPY) Jul 17 08:44:23 PM: Encountered unexpected exception importing solver DIFFCP:
ImportError('DLL load failed while importing _diffcp: The specified module could not be found.')
    test[ 5] Prostate_Patient_123: RelErr=0.0003  (3.4s)
(CVXPY) Jul 17 08:44:26 PM: Encountered unexpected exception importing solver DIFFCP:
ImportError('DLL load failed while importing _diffcp: The specified module could not be found.')
    test[ 6] Prostate_Patient_53: RelErr=0.0003  (3.8s)
(CVXPY) Jul 17 08:44:30 PM: Encountered unexpected exception importing solver DIFFCP:
ImportError('DLL load failed while importing _diffcp: The specified module could not be found.')
    test[ 7] Prostate_Patient_55: RelErr=0.0002  (1.9s)
(CVXPY) Jul 17 08:44:32 PM: Encountered unexpected exception importing solver DIFFCP:
ImportError('DLL load failed while importing _diffcp: The specified module could not be found.')
    test[ 8] Prostate_Patient_36: RelErr=0.0003  (2.0s)
(CVXPY) Jul 17 08:44:34 PM: Encountered unexpected exception importing solver DIFFCP:
ImportError('DLL load failed while importing _diffcp: The specified module could not be found.')
    test[ 9] Prostate_Patient_54: RelErr=0.0004  (2.3s)
(CVXPY) Jul 17 08:44:36 PM: Encountered unexpected exception importing solver DIFFCP:
ImportError('DLL load failed while importing _diffcp: The specified module could not be found.')
    test[10] Prostate_Patient_42: RelErr=0.0003  (2.4s)
(CVXPY) Jul 17 08:44:39 PM: Encountered unexpected exception importing solver DIFFCP:
ImportError('DLL load failed while importing _diffcp: The specified module could not be found.')
    test[11] Prostate_Patient_51: RelErr=0.0003  (2.7s)
(CVXPY) Jul 17 08:44:41 PM: Encountered unexpected exception importing solver DIFFCP:
ImportError('DLL load failed while importing _diffcp: The specified module could not be found.')
    test[12] Prostate_Patient_97: RelErr=0.0005  (2.0s)
(CVXPY) Jul 17 08:44:44 PM: Encountered unexpected exception importing solver DIFFCP:
ImportError('DLL load failed while importing _diffcp: The specified module could not be found.')
    test[13] Prostate_Patient_12: RelErr=0.0002  (7.2s)
(CVXPY) Jul 17 08:44:51 PM: Encountered unexpected exception importing solver DIFFCP:
ImportError('DLL load failed while importing _diffcp: The specified module could not be found.')
    test[14] Prostate_Patient_46: RelErr=0.0004  (2.3s)
(CVXPY) Jul 17 08:44:53 PM: Encountered unexpected exception importing solver DIFFCP:
ImportError('DLL load failed while importing _diffcp: The specified module could not be found.')
    test[15] Prostate_Patient_4: RelErr=0.0004  (3.6s)
(CVXPY) Jul 17 08:44:57 PM: Encountered unexpected exception importing solver DIFFCP:
ImportError('DLL load failed while importing _diffcp: The specified module could not be found.')
    test[16] Prostate_Patient_21: RelErr=0.0002  (6.6s)
(CVXPY) Jul 17 08:45:03 PM: Encountered unexpected exception importing solver DIFFCP:
ImportError('DLL load failed while importing _diffcp: The specified module could not be found.')
    test[17] Prostate_Patient_122: RelErr=0.0001  (15.5s)
(CVXPY) Jul 17 08:45:19 PM: Encountered unexpected exception importing solver DIFFCP:
ImportError('DLL load failed while importing _diffcp: The specified module could not be found.')
    test[18] Prostate_Patient_109: RelErr=0.0002  (3.3s)
(CVXPY) Jul 17 08:45:22 PM: Encountered unexpected exception importing solver DIFFCP:
ImportError('DLL load failed while importing _diffcp: The specified module could not be found.')
    test[19] Prostate_Patient_90: RelErr=0.0002  (2.0s)
    Mean RelErr = 0.0003  (20/20 valid, 80.4s total)

  -- N=5, rho=3, method=kkt --
    Training: 5 patients
(CVXPY) Jul 17 08:45:24 PM: Encountered unexpected exception importing solver DIFFCP:
ImportError('DLL load failed while importing _diffcp: The specified module could not be found.')
  patients used=5  comp-slack resid=9.3275e+09
  alpha_hat (sign-constrained): [0.2419 0.481  0.188  0.0474 0.0417 0.    ]
  true alpha/sum (per function):[0.3175 0.3175 0.1587 0.0794 0.0794 0.0476]
  cond(M)=3.67e+02  per-patient leverage shares (N entries)=[0.    0.299 0.281 0.166 0.253]
  unidentified direction (|smallest eigvec|, per function): [0.432 0.846 0.294 0.079 0.067 0.004]
    alpha_hat = [0.2419 0.481  0.188  0.0474 0.0417 0.    ]
    True alpha (per function) = [20. 20. 10.  5.  5.  3.]
(CVXPY) Jul 17 08:45:31 PM: Encountered unexpected exception importing solver DIFFCP:
ImportError('DLL load failed while importing _diffcp: The specified module could not be found.')
    test[ 0] Prostate_Patient_41: RelErr=0.0816  (6.9s)
(CVXPY) Jul 17 08:45:38 PM: Encountered unexpected exception importing solver DIFFCP:
ImportError('DLL load failed while importing _diffcp: The specified module could not be found.')
    test[ 1] Prostate_Patient_32: RelErr=0.1102  (2.9s)
(CVXPY) Jul 17 08:45:41 PM: Encountered unexpected exception importing solver DIFFCP:
ImportError('DLL load failed while importing _diffcp: The specified module could not be found.')
    test[ 2] Prostate_Patient_60: RelErr=0.1284  (3.2s)
(CVXPY) Jul 17 08:45:44 PM: Encountered unexpected exception importing solver DIFFCP:
ImportError('DLL load failed while importing _diffcp: The specified module could not be found.')
    test[ 3] Prostate_Patient_72: RelErr=0.1344  (1.9s)
(CVXPY) Jul 17 08:45:46 PM: Encountered unexpected exception importing solver DIFFCP:
ImportError('DLL load failed while importing _diffcp: The specified module could not be found.')
    test[ 4] Prostate_Patient_95: RelErr=0.1286  (2.2s)
(CVXPY) Jul 17 08:45:48 PM: Encountered unexpected exception importing solver DIFFCP:
ImportError('DLL load failed while importing _diffcp: The specified module could not be found.')
    test[ 5] Prostate_Patient_123: RelErr=0.1057  (3.8s)
(CVXPY) Jul 17 08:45:52 PM: Encountered unexpected exception importing solver DIFFCP:
ImportError('DLL load failed while importing _diffcp: The specified module could not be found.')
    test[ 6] Prostate_Patient_53: RelErr=0.0929  (4.1s)
(CVXPY) Jul 17 08:45:56 PM: Encountered unexpected exception importing solver DIFFCP:
ImportError('DLL load failed while importing _diffcp: The specified module could not be found.')
    test[ 7] Prostate_Patient_55: RelErr=0.1471  (2.0s)
(CVXPY) Jul 17 08:45:58 PM: Encountered unexpected exception importing solver DIFFCP:
ImportError('DLL load failed while importing _diffcp: The specified module could not be found.')
    test[ 8] Prostate_Patient_36: RelErr=0.1187  (2.2s)
(CVXPY) Jul 17 08:46:00 PM: Encountered unexpected exception importing solver DIFFCP:
ImportError('DLL load failed while importing _diffcp: The specified module could not be found.')
    test[ 9] Prostate_Patient_54: RelErr=0.1123  (2.4s)
(CVXPY) Jul 17 08:46:03 PM: Encountered unexpected exception importing solver DIFFCP:
ImportError('DLL load failed while importing _diffcp: The specified module could not be found.')
    test[10] Prostate_Patient_42: RelErr=0.1618  (2.6s)
(CVXPY) Jul 17 08:46:05 PM: Encountered unexpected exception importing solver DIFFCP:
ImportError('DLL load failed while importing _diffcp: The specified module could not be found.')
    test[11] Prostate_Patient_51: RelErr=0.0977  (3.8s)
(CVXPY) Jul 17 08:46:09 PM: Encountered unexpected exception importing solver DIFFCP:
ImportError('DLL load failed while importing _diffcp: The specified module could not be found.')
    test[12] Prostate_Patient_97: RelErr=0.1009  (2.8s)
(CVXPY) Jul 17 08:46:12 PM: Encountered unexpected exception importing solver DIFFCP:
ImportError('DLL load failed while importing _diffcp: The specified module could not be found.')
    test[13] Prostate_Patient_12: RelErr=0.0830  (9.6s)
(CVXPY) Jul 17 08:46:22 PM: Encountered unexpected exception importing solver DIFFCP:
ImportError('DLL load failed while importing _diffcp: The specified module could not be found.')
    test[14] Prostate_Patient_46: RelErr=0.1029  (2.6s)
(CVXPY) Jul 17 08:46:24 PM: Encountered unexpected exception importing solver DIFFCP:
ImportError('DLL load failed while importing _diffcp: The specified module could not be found.')
    test[15] Prostate_Patient_4: RelErr=0.1012  (6.0s)
(CVXPY) Jul 17 08:46:30 PM: Encountered unexpected exception importing solver DIFFCP:
ImportError('DLL load failed while importing _diffcp: The specified module could not be found.')
    test[16] Prostate_Patient_21: RelErr=0.0927  (7.0s)
(CVXPY) Jul 17 08:46:37 PM: Encountered unexpected exception importing solver DIFFCP:
ImportError('DLL load failed while importing _diffcp: The specified module could not be found.')
    test[17] Prostate_Patient_122: RelErr=0.1126  (13.9s)
(CVXPY) Jul 17 08:46:51 PM: Encountered unexpected exception importing solver DIFFCP:
ImportError('DLL load failed while importing _diffcp: The specified module could not be found.')
    test[18] Prostate_Patient_109: RelErr=0.1372  (3.8s)
(CVXPY) Jul 17 08:46:55 PM: Encountered unexpected exception importing solver DIFFCP:
ImportError('DLL load failed while importing _diffcp: The specified module could not be found.')
    test[19] Prostate_Patient_90: RelErr=0.1387  (1.9s)
    Mean RelErr = 0.1144  (20/20 valid, 92.7s total)

  -- N=6, rho=1, method=kkt --
    Training: 6 patients
(CVXPY) Jul 17 08:46:57 PM: Encountered unexpected exception importing solver DIFFCP:
ImportError('DLL load failed while importing _diffcp: The specified module could not be found.')
  patients used=6  comp-slack resid=5.8812e+03
  alpha_hat (sign-constrained): [0.1368 0.2331 0.0624 0.476  0.0361 0.0557]
  true alpha/sum (per function):[0.3175 0.3175 0.1587 0.0794 0.0794 0.0476]
  cond(M)=1.44e+02  per-patient leverage shares (N entries)=[0.005 0.112 0.211 0.172 0.245 0.256]
  unidentified direction (|smallest eigvec|, per function): [0.09  0.099 0.019 0.988 0.064 0.025]
    alpha_hat = [0.1368 0.2331 0.0624 0.476  0.0361 0.0557]
    True alpha (per function) = [20. 20. 10.  5.  5.  3.]
(CVXPY) Jul 17 08:47:02 PM: Encountered unexpected exception importing solver DIFFCP:
ImportError('DLL load failed while importing _diffcp: The specified module could not be found.')
    test[ 0] Prostate_Patient_41: RelErr=0.2726  (2.8s)
(CVXPY) Jul 17 08:47:05 PM: Encountered unexpected exception importing solver DIFFCP:
ImportError('DLL load failed while importing _diffcp: The specified module could not be found.')
    test[ 1] Prostate_Patient_32: RelErr=0.4023  (1.6s)
(CVXPY) Jul 17 08:47:06 PM: Encountered unexpected exception importing solver DIFFCP:
ImportError('DLL load failed while importing _diffcp: The specified module could not be found.')
    test[ 2] Prostate_Patient_60: RelErr=0.3545  (1.4s)
(CVXPY) Jul 17 08:47:08 PM: Encountered unexpected exception importing solver DIFFCP:
ImportError('DLL load failed while importing _diffcp: The specified module could not be found.')
    test[ 3] Prostate_Patient_72: RelErr=0.4260  (0.8s)
(CVXPY) Jul 17 08:47:08 PM: Encountered unexpected exception importing solver DIFFCP:
ImportError('DLL load failed while importing _diffcp: The specified module could not be found.')
    test[ 4] Prostate_Patient_95: RelErr=0.3267  (1.3s)
(CVXPY) Jul 17 08:47:10 PM: Encountered unexpected exception importing solver DIFFCP:
ImportError('DLL load failed while importing _diffcp: The specified module could not be found.')
    test[ 5] Prostate_Patient_123: RelErr=0.3081  (2.0s)
(CVXPY) Jul 17 08:47:12 PM: Encountered unexpected exception importing solver DIFFCP:
ImportError('DLL load failed while importing _diffcp: The specified module could not be found.')
    test[ 6] Prostate_Patient_53: RelErr=0.2706  (2.2s)
(CVXPY) Jul 17 08:47:14 PM: Encountered unexpected exception importing solver DIFFCP:
ImportError('DLL load failed while importing _diffcp: The specified module could not be found.')
    test[ 7] Prostate_Patient_55: RelErr=0.2744  (1.3s)
(CVXPY) Jul 17 08:47:15 PM: Encountered unexpected exception importing solver DIFFCP:
ImportError('DLL load failed while importing _diffcp: The specified module could not be found.')
    test[ 8] Prostate_Patient_36: RelErr=0.3130  (1.0s)
(CVXPY) Jul 17 08:47:16 PM: Encountered unexpected exception importing solver DIFFCP:
ImportError('DLL load failed while importing _diffcp: The specified module could not be found.')
    test[ 9] Prostate_Patient_54: RelErr=0.3419  (1.1s)
(CVXPY) Jul 17 08:47:17 PM: Encountered unexpected exception importing solver DIFFCP:
ImportError('DLL load failed while importing _diffcp: The specified module could not be found.')
    test[10] Prostate_Patient_42: RelErr=0.3442  (1.4s)
(CVXPY) Jul 17 08:47:19 PM: Encountered unexpected exception importing solver DIFFCP:
ImportError('DLL load failed while importing _diffcp: The specified module could not be found.')
    test[11] Prostate_Patient_51: RelErr=0.3080  (1.6s)
(CVXPY) Jul 17 08:47:20 PM: Encountered unexpected exception importing solver DIFFCP:
ImportError('DLL load failed while importing _diffcp: The specified module could not be found.')
    test[12] Prostate_Patient_97: RelErr=0.3607  (0.8s)
(CVXPY) Jul 17 08:47:21 PM: Encountered unexpected exception importing solver DIFFCP:
ImportError('DLL load failed while importing _diffcp: The specified module could not be found.')
    test[13] Prostate_Patient_12: RelErr=0.2650  (4.5s)
(CVXPY) Jul 17 08:47:26 PM: Encountered unexpected exception importing solver DIFFCP:
ImportError('DLL load failed while importing _diffcp: The specified module could not be found.')
    test[14] Prostate_Patient_46: RelErr=0.2612  (1.5s)
(CVXPY) Jul 17 08:47:27 PM: Encountered unexpected exception importing solver DIFFCP:
ImportError('DLL load failed while importing _diffcp: The specified module could not be found.')
    test[15] Prostate_Patient_4: RelErr=0.2724  (2.4s)
(CVXPY) Jul 17 08:47:30 PM: Encountered unexpected exception importing solver DIFFCP:
ImportError('DLL load failed while importing _diffcp: The specified module could not be found.')
    test[16] Prostate_Patient_21: RelErr=0.2486  (3.4s)
(CVXPY) Jul 17 08:47:33 PM: Encountered unexpected exception importing solver DIFFCP:
ImportError('DLL load failed while importing _diffcp: The specified module could not be found.')
    test[17] Prostate_Patient_122: RelErr=0.2512  (5.1s)
(CVXPY) Jul 17 08:47:38 PM: Encountered unexpected exception importing solver DIFFCP:
ImportError('DLL load failed while importing _diffcp: The specified module could not be found.')
    test[18] Prostate_Patient_109: RelErr=0.3214  (1.5s)
(CVXPY) Jul 17 08:47:40 PM: Encountered unexpected exception importing solver DIFFCP:
ImportError('DLL load failed while importing _diffcp: The specified module could not be found.')
    test[19] Prostate_Patient_90: RelErr=0.3376  (1.0s)
    Mean RelErr = 0.3130  (20/20 valid, 43.9s total)

  -- N=6, rho=2, method=kkt --
    Training: 6 patients
(CVXPY) Jul 17 08:47:41 PM: Encountered unexpected exception importing solver DIFFCP:
ImportError('DLL load failed while importing _diffcp: The specified module could not be found.')
  patients used=6  comp-slack resid=1.9680e+00
  alpha_hat (sign-constrained): [0.3175 0.3174 0.1587 0.0794 0.0794 0.0476]
  true alpha/sum (per function):[0.3175 0.3175 0.1587 0.0794 0.0794 0.0476]
  cond(M)=1.18e+08  per-patient leverage shares (N entries)=[0.    0.153 0.202 0.135 0.258 0.252]
  unidentified direction (|smallest eigvec|, per function): [0.646 0.646 0.323 0.161 0.161 0.097]
    alpha_hat = [0.3175 0.3174 0.1587 0.0794 0.0794 0.0476]
    True alpha (per function) = [20. 20. 10.  5.  5.  3.]
(CVXPY) Jul 17 08:47:46 PM: Encountered unexpected exception importing solver DIFFCP:
ImportError('DLL load failed while importing _diffcp: The specified module could not be found.')
    test[ 0] Prostate_Patient_41: RelErr=0.0002  (4.6s)
(CVXPY) Jul 17 08:47:51 PM: Encountered unexpected exception importing solver DIFFCP:
ImportError('DLL load failed while importing _diffcp: The specified module could not be found.')
    test[ 1] Prostate_Patient_32: RelErr=0.0003  (2.6s)
(CVXPY) Jul 17 08:47:53 PM: Encountered unexpected exception importing solver DIFFCP:
ImportError('DLL load failed while importing _diffcp: The specified module could not be found.')
    test[ 2] Prostate_Patient_60: RelErr=0.0004  (2.4s)
(CVXPY) Jul 17 08:47:56 PM: Encountered unexpected exception importing solver DIFFCP:
ImportError('DLL load failed while importing _diffcp: The specified module could not be found.')
    test[ 3] Prostate_Patient_72: RelErr=0.0006  (2.0s)
(CVXPY) Jul 17 08:47:58 PM: Encountered unexpected exception importing solver DIFFCP:
ImportError('DLL load failed while importing _diffcp: The specified module could not be found.')
    test[ 4] Prostate_Patient_95: RelErr=0.0006  (2.4s)
(CVXPY) Jul 17 08:48:00 PM: Encountered unexpected exception importing solver DIFFCP:
ImportError('DLL load failed while importing _diffcp: The specified module could not be found.')
    test[ 5] Prostate_Patient_123: RelErr=0.0004  (3.6s)
(CVXPY) Jul 17 08:48:04 PM: Encountered unexpected exception importing solver DIFFCP:
ImportError('DLL load failed while importing _diffcp: The specified module could not be found.')
    test[ 6] Prostate_Patient_53: RelErr=0.0005  (3.7s)
(CVXPY) Jul 17 08:48:07 PM: Encountered unexpected exception importing solver DIFFCP:
ImportError('DLL load failed while importing _diffcp: The specified module could not be found.')
    test[ 7] Prostate_Patient_55: RelErr=0.0002  (1.8s)
(CVXPY) Jul 17 08:48:09 PM: Encountered unexpected exception importing solver DIFFCP:
ImportError('DLL load failed while importing _diffcp: The specified module could not be found.')
    test[ 8] Prostate_Patient_36: RelErr=0.0002  (2.1s)
(CVXPY) Jul 17 08:48:11 PM: Encountered unexpected exception importing solver DIFFCP:
ImportError('DLL load failed while importing _diffcp: The specified module could not be found.')
    test[ 9] Prostate_Patient_54: RelErr=0.0003  (2.2s)
(CVXPY) Jul 17 08:48:14 PM: Encountered unexpected exception importing solver DIFFCP:
ImportError('DLL load failed while importing _diffcp: The specified module could not be found.')
    test[10] Prostate_Patient_42: RelErr=0.0003  (2.5s)
(CVXPY) Jul 17 08:48:16 PM: Encountered unexpected exception importing solver DIFFCP:
ImportError('DLL load failed while importing _diffcp: The specified module could not be found.')
    test[11] Prostate_Patient_51: RelErr=0.0004  (2.7s)
(CVXPY) Jul 17 08:48:19 PM: Encountered unexpected exception importing solver DIFFCP:
ImportError('DLL load failed while importing _diffcp: The specified module could not be found.')
    test[12] Prostate_Patient_97: RelErr=0.0004  (2.0s)
(CVXPY) Jul 17 08:48:21 PM: Encountered unexpected exception importing solver DIFFCP:
ImportError('DLL load failed while importing _diffcp: The specified module could not be found.')
    test[13] Prostate_Patient_12: RelErr=0.0002  (7.3s)
(CVXPY) Jul 17 08:48:28 PM: Encountered unexpected exception importing solver DIFFCP:
ImportError('DLL load failed while importing _diffcp: The specified module could not be found.')
    test[14] Prostate_Patient_46: RelErr=0.0003  (2.4s)
(CVXPY) Jul 17 08:48:31 PM: Encountered unexpected exception importing solver DIFFCP:
ImportError('DLL load failed while importing _diffcp: The specified module could not be found.')
    test[15] Prostate_Patient_4: RelErr=0.0006  (3.5s)
(CVXPY) Jul 17 08:48:34 PM: Encountered unexpected exception importing solver DIFFCP:
ImportError('DLL load failed while importing _diffcp: The specified module could not be found.')
    test[16] Prostate_Patient_21: RelErr=0.0002  (6.1s)
(CVXPY) Jul 17 08:48:40 PM: Encountered unexpected exception importing solver DIFFCP:
ImportError('DLL load failed while importing _diffcp: The specified module could not be found.')
    test[17] Prostate_Patient_122: RelErr=0.0002  (15.3s)
(CVXPY) Jul 17 08:48:56 PM: Encountered unexpected exception importing solver DIFFCP:
ImportError('DLL load failed while importing _diffcp: The specified module could not be found.')
    test[18] Prostate_Patient_109: RelErr=0.0003  (3.3s)
(CVXPY) Jul 17 08:48:59 PM: Encountered unexpected exception importing solver DIFFCP:
ImportError('DLL load failed while importing _diffcp: The specified module could not be found.')
    test[19] Prostate_Patient_90: RelErr=0.0002  (2.0s)
    Mean RelErr = 0.0003  (20/20 valid, 80.2s total)

  -- N=6, rho=3, method=kkt --
    Training: 6 patients
(CVXPY) Jul 17 08:49:01 PM: Encountered unexpected exception importing solver DIFFCP:
ImportError('DLL load failed while importing _diffcp: The specified module could not be found.')
  patients used=6  comp-slack resid=1.0623e+10
  alpha_hat (sign-constrained): [0.262  0.4868 0.1714 0.0415 0.0382 0.    ]
  true alpha/sum (per function):[0.3175 0.3175 0.1587 0.0794 0.0794 0.0476]
  cond(M)=3.89e+02  per-patient leverage shares (N entries)=[0.    0.235 0.221 0.131 0.199 0.213]
  unidentified direction (|smallest eigvec|, per function): [0.464 0.847 0.248 0.059 0.052 0.005]
    alpha_hat = [0.262  0.4868 0.1714 0.0415 0.0382 0.    ]
    True alpha (per function) = [20. 20. 10.  5.  5.  3.]
(CVXPY) Jul 17 08:49:10 PM: Encountered unexpected exception importing solver DIFFCP:
ImportError('DLL load failed while importing _diffcp: The specified module could not be found.')
    test[ 0] Prostate_Patient_41: RelErr=0.0847  (5.9s)
(CVXPY) Jul 17 08:49:16 PM: Encountered unexpected exception importing solver DIFFCP:
ImportError('DLL load failed while importing _diffcp: The specified module could not be found.')
    test[ 1] Prostate_Patient_32: RelErr=0.1105  (2.9s)
(CVXPY) Jul 17 08:49:19 PM: Encountered unexpected exception importing solver DIFFCP:
ImportError('DLL load failed while importing _diffcp: The specified module could not be found.')
    test[ 2] Prostate_Patient_60: RelErr=0.1293  (3.1s)
(CVXPY) Jul 17 08:49:22 PM: Encountered unexpected exception importing solver DIFFCP:
ImportError('DLL load failed while importing _diffcp: The specified module could not be found.')
    test[ 3] Prostate_Patient_72: RelErr=0.1376  (1.9s)
(CVXPY) Jul 17 08:49:24 PM: Encountered unexpected exception importing solver DIFFCP:
ImportError('DLL load failed while importing _diffcp: The specified module could not be found.')
    test[ 4] Prostate_Patient_95: RelErr=0.1309  (2.2s)
(CVXPY) Jul 17 08:49:26 PM: Encountered unexpected exception importing solver DIFFCP:
ImportError('DLL load failed while importing _diffcp: The specified module could not be found.')
    test[ 5] Prostate_Patient_123: RelErr=0.1053  (3.8s)
(CVXPY) Jul 17 08:49:30 PM: Encountered unexpected exception importing solver DIFFCP:
ImportError('DLL load failed while importing _diffcp: The specified module could not be found.')
    test[ 6] Prostate_Patient_53: RelErr=0.0946  (4.2s)
(CVXPY) Jul 17 08:49:34 PM: Encountered unexpected exception importing solver DIFFCP:
ImportError('DLL load failed while importing _diffcp: The specified module could not be found.')
    test[ 7] Prostate_Patient_55: RelErr=0.1532  (2.0s)
(CVXPY) Jul 17 08:49:36 PM: Encountered unexpected exception importing solver DIFFCP:
ImportError('DLL load failed while importing _diffcp: The specified module could not be found.')
    test[ 8] Prostate_Patient_36: RelErr=0.1255  (2.0s)
(CVXPY) Jul 17 08:49:38 PM: Encountered unexpected exception importing solver DIFFCP:
ImportError('DLL load failed while importing _diffcp: The specified module could not be found.')
    test[ 9] Prostate_Patient_54: RelErr=0.1131  (2.1s)
(CVXPY) Jul 17 08:49:40 PM: Encountered unexpected exception importing solver DIFFCP:
ImportError('DLL load failed while importing _diffcp: The specified module could not be found.')
    test[10] Prostate_Patient_42: RelErr=0.1661  (2.8s)
(CVXPY) Jul 17 08:49:43 PM: Encountered unexpected exception importing solver DIFFCP:
ImportError('DLL load failed while importing _diffcp: The specified module could not be found.')
    test[11] Prostate_Patient_51: RelErr=0.0968  (2.9s)
(CVXPY) Jul 17 08:49:46 PM: Encountered unexpected exception importing solver DIFFCP:
ImportError('DLL load failed while importing _diffcp: The specified module could not be found.')
    test[12] Prostate_Patient_97: RelErr=0.1025  (2.1s)
(CVXPY) Jul 17 08:49:48 PM: Encountered unexpected exception importing solver DIFFCP:
ImportError('DLL load failed while importing _diffcp: The specified module could not be found.')
    test[13] Prostate_Patient_12: RelErr=0.0851  (9.5s)
(CVXPY) Jul 17 08:49:58 PM: Encountered unexpected exception importing solver DIFFCP:
ImportError('DLL load failed while importing _diffcp: The specified module could not be found.')
    test[14] Prostate_Patient_46: RelErr=0.1051  (2.6s)
(CVXPY) Jul 17 08:50:00 PM: Encountered unexpected exception importing solver DIFFCP:
ImportError('DLL load failed while importing _diffcp: The specified module could not be found.')
    test[15] Prostate_Patient_4: RelErr=0.1044  (4.3s)
(CVXPY) Jul 17 08:50:05 PM: Encountered unexpected exception importing solver DIFFCP:
ImportError('DLL load failed while importing _diffcp: The specified module could not be found.')
    test[16] Prostate_Patient_21: RelErr=0.0959  (7.0s)
(CVXPY) Jul 17 08:50:12 PM: Encountered unexpected exception importing solver DIFFCP:
ImportError('DLL load failed while importing _diffcp: The specified module could not be found.')
    test[17] Prostate_Patient_122: RelErr=0.1146  (12.2s)
(CVXPY) Jul 17 08:50:24 PM: Encountered unexpected exception importing solver DIFFCP:
ImportError('DLL load failed while importing _diffcp: The specified module could not be found.')
    test[18] Prostate_Patient_109: RelErr=0.1384  (3.8s)
(CVXPY) Jul 17 08:50:28 PM: Encountered unexpected exception importing solver DIFFCP:
ImportError('DLL load failed while importing _diffcp: The specified module could not be found.')
    test[19] Prostate_Patient_90: RelErr=0.1408  (1.7s)
    Mean RelErr = 0.1167  (20/20 valid, 88.5s total)

  -- N=7, rho=1, method=kkt --
    Training: 7 patients
(CVXPY) Jul 17 08:50:30 PM: Encountered unexpected exception importing solver DIFFCP:
ImportError('DLL load failed while importing _diffcp: The specified module could not be found.')
  patients used=7  comp-slack resid=7.0603e+03
  alpha_hat (sign-constrained): [0.1327 0.2363 0.0599 0.49   0.028  0.0531]
  true alpha/sum (per function):[0.3175 0.3175 0.1587 0.0794 0.0794 0.0476]
  cond(M)=1.28e+02  per-patient leverage shares (N entries)=[0.004 0.094 0.177 0.144 0.206 0.216 0.158]
  unidentified direction (|smallest eigvec|, per function): [0.124 0.102 0.027 0.985 0.05  0.037]
    alpha_hat = [0.1327 0.2363 0.0599 0.49   0.028  0.0531]
    True alpha (per function) = [20. 20. 10.  5.  5.  3.]
(CVXPY) Jul 17 08:50:35 PM: Encountered unexpected exception importing solver DIFFCP:
ImportError('DLL load failed while importing _diffcp: The specified module could not be found.')
    test[ 0] Prostate_Patient_41: RelErr=0.2787  (2.7s)
(CVXPY) Jul 17 08:50:38 PM: Encountered unexpected exception importing solver DIFFCP:
ImportError('DLL load failed while importing _diffcp: The specified module could not be found.')
    test[ 1] Prostate_Patient_32: RelErr=0.3925  (1.6s)
(CVXPY) Jul 17 08:50:39 PM: Encountered unexpected exception importing solver DIFFCP:
ImportError('DLL load failed while importing _diffcp: The specified module could not be found.')
    test[ 2] Prostate_Patient_60: RelErr=0.3646  (1.2s)
(CVXPY) Jul 17 08:50:41 PM: Encountered unexpected exception importing solver DIFFCP:
ImportError('DLL load failed while importing _diffcp: The specified module could not be found.')
    test[ 3] Prostate_Patient_72: RelErr=0.4287  (0.8s)
(CVXPY) Jul 17 08:50:42 PM: Encountered unexpected exception importing solver DIFFCP:
ImportError('DLL load failed while importing _diffcp: The specified module could not be found.')
    test[ 4] Prostate_Patient_95: RelErr=0.3390  (1.3s)
(CVXPY) Jul 17 08:50:43 PM: Encountered unexpected exception importing solver DIFFCP:
ImportError('DLL load failed while importing _diffcp: The specified module could not be found.')
    test[ 5] Prostate_Patient_123: RelErr=0.3100  (2.0s)
(CVXPY) Jul 17 08:50:45 PM: Encountered unexpected exception importing solver DIFFCP:
ImportError('DLL load failed while importing _diffcp: The specified module could not be found.')
    test[ 6] Prostate_Patient_53: RelErr=0.2782  (2.2s)
(CVXPY) Jul 17 08:50:47 PM: Encountered unexpected exception importing solver DIFFCP:
ImportError('DLL load failed while importing _diffcp: The specified module could not be found.')
    test[ 7] Prostate_Patient_55: RelErr=0.2759  (1.4s)
(CVXPY) Jul 17 08:50:48 PM: Encountered unexpected exception importing solver DIFFCP:
ImportError('DLL load failed while importing _diffcp: The specified module could not be found.')
    test[ 8] Prostate_Patient_36: RelErr=0.3106  (1.0s)
(CVXPY) Jul 17 08:50:49 PM: Encountered unexpected exception importing solver DIFFCP:
ImportError('DLL load failed while importing _diffcp: The specified module could not be found.')
    test[ 9] Prostate_Patient_54: RelErr=0.3430  (1.1s)
(CVXPY) Jul 17 08:50:51 PM: Encountered unexpected exception importing solver DIFFCP:
ImportError('DLL load failed while importing _diffcp: The specified module could not be found.')
    test[10] Prostate_Patient_42: RelErr=0.3365  (1.4s)
(CVXPY) Jul 17 08:50:52 PM: Encountered unexpected exception importing solver DIFFCP:
ImportError('DLL load failed while importing _diffcp: The specified module could not be found.')
    test[11] Prostate_Patient_51: RelErr=0.3093  (1.6s)
(CVXPY) Jul 17 08:50:54 PM: Encountered unexpected exception importing solver DIFFCP:
ImportError('DLL load failed while importing _diffcp: The specified module could not be found.')
    test[12] Prostate_Patient_97: RelErr=0.3900  (0.8s)
(CVXPY) Jul 17 08:50:54 PM: Encountered unexpected exception importing solver DIFFCP:
ImportError('DLL load failed while importing _diffcp: The specified module could not be found.')
    test[13] Prostate_Patient_12: RelErr=0.2665  (4.5s)
(CVXPY) Jul 17 08:50:59 PM: Encountered unexpected exception importing solver DIFFCP:
ImportError('DLL load failed while importing _diffcp: The specified module could not be found.')
    test[14] Prostate_Patient_46: RelErr=0.2624  (1.5s)
(CVXPY) Jul 17 08:51:00 PM: Encountered unexpected exception importing solver DIFFCP:
ImportError('DLL load failed while importing _diffcp: The specified module could not be found.')
    test[15] Prostate_Patient_4: RelErr=0.2721  (2.4s)
(CVXPY) Jul 17 08:51:03 PM: Encountered unexpected exception importing solver DIFFCP:
ImportError('DLL load failed while importing _diffcp: The specified module could not be found.')
    test[16] Prostate_Patient_21: RelErr=0.2471  (3.4s)
(CVXPY) Jul 17 08:51:06 PM: Encountered unexpected exception importing solver DIFFCP:
ImportError('DLL load failed while importing _diffcp: The specified module could not be found.')
    test[17] Prostate_Patient_122: RelErr=0.2511  (5.2s)
(CVXPY) Jul 17 08:51:11 PM: Encountered unexpected exception importing solver DIFFCP:
ImportError('DLL load failed while importing _diffcp: The specified module could not be found.')
    test[18] Prostate_Patient_109: RelErr=0.3261  (1.5s)
(CVXPY) Jul 17 08:51:13 PM: Encountered unexpected exception importing solver DIFFCP:
ImportError('DLL load failed while importing _diffcp: The specified module could not be found.')
    test[19] Prostate_Patient_90: RelErr=0.3407  (1.0s)
    Mean RelErr = 0.3162  (20/20 valid, 44.6s total)

  -- N=7, rho=2, method=kkt --
    Training: 7 patients
(CVXPY) Jul 17 08:51:14 PM: Encountered unexpected exception importing solver DIFFCP:
ImportError('DLL load failed while importing _diffcp: The specified module could not be found.')
  patients used=7  comp-slack resid=3.6515e+00
  alpha_hat (sign-constrained): [0.3176 0.3175 0.1588 0.0792 0.0794 0.0476]
  true alpha/sum (per function):[0.3175 0.3175 0.1587 0.0794 0.0794 0.0476]
  cond(M)=8.86e+07  per-patient leverage shares (N entries)=[0.    0.133 0.175 0.117 0.223 0.218 0.134]
  unidentified direction (|smallest eigvec|, per function): [0.646 0.646 0.323 0.161 0.161 0.097]
    alpha_hat = [0.3176 0.3175 0.1588 0.0792 0.0794 0.0476]
    True alpha (per function) = [20. 20. 10.  5.  5.  3.]
(CVXPY) Jul 17 08:51:21 PM: Encountered unexpected exception importing solver DIFFCP:
ImportError('DLL load failed while importing _diffcp: The specified module could not be found.')
    test[ 0] Prostate_Patient_41: RelErr=0.0003  (4.6s)
(CVXPY) Jul 17 08:51:25 PM: Encountered unexpected exception importing solver DIFFCP:
ImportError('DLL load failed while importing _diffcp: The specified module could not be found.')
    test[ 1] Prostate_Patient_32: RelErr=0.0003  (2.5s)
(CVXPY) Jul 17 08:51:28 PM: Encountered unexpected exception importing solver DIFFCP:
ImportError('DLL load failed while importing _diffcp: The specified module could not be found.')
    test[ 2] Prostate_Patient_60: RelErr=0.0046  (2.7s)
(CVXPY) Jul 17 08:51:30 PM: Encountered unexpected exception importing solver DIFFCP:
ImportError('DLL load failed while importing _diffcp: The specified module could not be found.')
    test[ 3] Prostate_Patient_72: RelErr=0.0006  (2.0s)
(CVXPY) Jul 17 08:51:32 PM: Encountered unexpected exception importing solver DIFFCP:
ImportError('DLL load failed while importing _diffcp: The specified module could not be found.')
    test[ 4] Prostate_Patient_95: RelErr=0.0006  (2.4s)
(CVXPY) Jul 17 08:51:35 PM: Encountered unexpected exception importing solver DIFFCP:
ImportError('DLL load failed while importing _diffcp: The specified module could not be found.')
    test[ 5] Prostate_Patient_123: RelErr=0.0005  (3.3s)
(CVXPY) Jul 17 08:51:38 PM: Encountered unexpected exception importing solver DIFFCP:
ImportError('DLL load failed while importing _diffcp: The specified module could not be found.')
    test[ 6] Prostate_Patient_53: RelErr=0.0005  (3.8s)
(CVXPY) Jul 17 08:51:42 PM: Encountered unexpected exception importing solver DIFFCP:
ImportError('DLL load failed while importing _diffcp: The specified module could not be found.')
    test[ 7] Prostate_Patient_55: RelErr=0.0003  (1.8s)
(CVXPY) Jul 17 08:51:44 PM: Encountered unexpected exception importing solver DIFFCP:
ImportError('DLL load failed while importing _diffcp: The specified module could not be found.')
    test[ 8] Prostate_Patient_36: RelErr=0.0004  (2.3s)
(CVXPY) Jul 17 08:51:46 PM: Encountered unexpected exception importing solver DIFFCP:
ImportError('DLL load failed while importing _diffcp: The specified module could not be found.')
    test[ 9] Prostate_Patient_54: RelErr=0.0004  (2.2s)
(CVXPY) Jul 17 08:51:48 PM: Encountered unexpected exception importing solver DIFFCP:
ImportError('DLL load failed while importing _diffcp: The specified module could not be found.')
    test[10] Prostate_Patient_42: RelErr=0.0003  (2.4s)
(CVXPY) Jul 17 08:51:51 PM: Encountered unexpected exception importing solver DIFFCP:
ImportError('DLL load failed while importing _diffcp: The specified module could not be found.')
    test[11] Prostate_Patient_51: RelErr=0.0003  (2.7s)
(CVXPY) Jul 17 08:51:53 PM: Encountered unexpected exception importing solver DIFFCP:
ImportError('DLL load failed while importing _diffcp: The specified module could not be found.')
    test[12] Prostate_Patient_97: RelErr=0.0004  (2.1s)
(CVXPY) Jul 17 08:51:55 PM: Encountered unexpected exception importing solver DIFFCP:
ImportError('DLL load failed while importing _diffcp: The specified module could not be found.')
    test[13] Prostate_Patient_12: RelErr=0.0007  (7.5s)
(CVXPY) Jul 17 08:52:03 PM: Encountered unexpected exception importing solver DIFFCP:
ImportError('DLL load failed while importing _diffcp: The specified module could not be found.')
    test[14] Prostate_Patient_46: RelErr=0.0003  (2.4s)
(CVXPY) Jul 17 08:52:05 PM: Encountered unexpected exception importing solver DIFFCP:
ImportError('DLL load failed while importing _diffcp: The specified module could not be found.')
    test[15] Prostate_Patient_4: RelErr=0.0005  (3.6s)
(CVXPY) Jul 17 08:52:09 PM: Encountered unexpected exception importing solver DIFFCP:
ImportError('DLL load failed while importing _diffcp: The specified module could not be found.')
    test[16] Prostate_Patient_21: RelErr=0.0004  (7.2s)
(CVXPY) Jul 17 08:52:16 PM: Encountered unexpected exception importing solver DIFFCP:
ImportError('DLL load failed while importing _diffcp: The specified module could not be found.')
    test[17] Prostate_Patient_122: RelErr=0.0001  (15.4s)
(CVXPY) Jul 17 08:52:32 PM: Encountered unexpected exception importing solver DIFFCP:
ImportError('DLL load failed while importing _diffcp: The specified module could not be found.')
    test[18] Prostate_Patient_109: RelErr=0.0005  (3.3s)
(CVXPY) Jul 17 08:52:35 PM: Encountered unexpected exception importing solver DIFFCP:
ImportError('DLL load failed while importing _diffcp: The specified module could not be found.')
    test[19] Prostate_Patient_90: RelErr=0.0005  (2.0s)
    Mean RelErr = 0.0006  (20/20 valid, 82.9s total)

  -- N=7, rho=3, method=kkt --
    Training: 7 patients
(CVXPY) Jul 17 08:52:37 PM: Encountered unexpected exception importing solver DIFFCP:
ImportError('DLL load failed while importing _diffcp: The specified module could not be found.')
  patients used=7  comp-slack resid=1.7248e+10
  alpha_hat (sign-constrained): [0.2431 0.5547 0.1374 0.0305 0.0343 0.    ]
  true alpha/sum (per function):[0.3175 0.3175 0.1587 0.0794 0.0794 0.0476]
  cond(M)=3.08e+02  per-patient leverage shares (N entries)=[0.    0.195 0.183 0.108 0.165 0.176 0.173]
  unidentified direction (|smallest eigvec|, per function): [0.236 0.961 0.137 0.046 0.03  0.003]
    alpha_hat = [0.2431 0.5547 0.1374 0.0305 0.0343 0.    ]
    True alpha (per function) = [20. 20. 10.  5.  5.  3.]
(CVXPY) Jul 17 08:52:48 PM: Encountered unexpected exception importing solver DIFFCP:
ImportError('DLL load failed while importing _diffcp: The specified module could not be found.')
    test[ 0] Prostate_Patient_41: RelErr=0.0878  (5.7s)
(CVXPY) Jul 17 08:52:54 PM: Encountered unexpected exception importing solver DIFFCP:
ImportError('DLL load failed while importing _diffcp: The specified module could not be found.')
    test[ 1] Prostate_Patient_32: RelErr=0.1131  (1.7s)
(CVXPY) Jul 17 08:52:55 PM: Encountered unexpected exception importing solver DIFFCP:
ImportError('DLL load failed while importing _diffcp: The specified module could not be found.')
    test[ 2] Prostate_Patient_60: RelErr=0.1291  (1.8s)
(CVXPY) Jul 17 08:52:57 PM: Encountered unexpected exception importing solver DIFFCP:
ImportError('DLL load failed while importing _diffcp: The specified module could not be found.')
    test[ 3] Prostate_Patient_72: RelErr=0.1440  (1.8s)
(CVXPY) Jul 17 08:52:59 PM: Encountered unexpected exception importing solver DIFFCP:
ImportError('DLL load failed while importing _diffcp: The specified module could not be found.')
    test[ 4] Prostate_Patient_95: RelErr=0.1282  (3.9s)
(CVXPY) Jul 17 08:53:03 PM: Encountered unexpected exception importing solver DIFFCP:
ImportError('DLL load failed while importing _diffcp: The specified module could not be found.')
    test[ 5] Prostate_Patient_123: RelErr=0.1056  (3.0s)
(CVXPY) Jul 17 08:53:06 PM: Encountered unexpected exception importing solver DIFFCP:
ImportError('DLL load failed while importing _diffcp: The specified module could not be found.')
    test[ 6] Prostate_Patient_53: RelErr=0.0934  (3.0s)
(CVXPY) Jul 17 08:53:09 PM: Encountered unexpected exception importing solver DIFFCP:
ImportError('DLL load failed while importing _diffcp: The specified module could not be found.')
    test[ 7] Prostate_Patient_55: RelErr=0.1637  (1.3s)
(CVXPY) Jul 17 08:53:10 PM: Encountered unexpected exception importing solver DIFFCP:
ImportError('DLL load failed while importing _diffcp: The specified module could not be found.')
    test[ 8] Prostate_Patient_36: RelErr=0.1380  (2.7s)
(CVXPY) Jul 17 08:53:13 PM: Encountered unexpected exception importing solver DIFFCP:
ImportError('DLL load failed while importing _diffcp: The specified module could not be found.')
    test[ 9] Prostate_Patient_54: RelErr=0.1171  (1.8s)
(CVXPY) Jul 17 08:53:15 PM: Encountered unexpected exception importing solver DIFFCP:
ImportError('DLL load failed while importing _diffcp: The specified module could not be found.')
    test[10] Prostate_Patient_42: RelErr=0.1705  (1.5s)
(CVXPY) Jul 17 08:53:16 PM: Encountered unexpected exception importing solver DIFFCP:
ImportError('DLL load failed while importing _diffcp: The specified module could not be found.')
    test[11] Prostate_Patient_51: RelErr=0.0937  (4.2s)
(CVXPY) Jul 17 08:53:20 PM: Encountered unexpected exception importing solver DIFFCP:
ImportError('DLL load failed while importing _diffcp: The specified module could not be found.')
    test[12] Prostate_Patient_97: RelErr=0.1009  (1.5s)
(CVXPY) Jul 17 08:53:22 PM: Encountered unexpected exception importing solver DIFFCP:
ImportError('DLL load failed while importing _diffcp: The specified module could not be found.')
    test[13] Prostate_Patient_12: RelErr=0.0876  (12.0s)
(CVXPY) Jul 17 08:53:34 PM: Encountered unexpected exception importing solver DIFFCP:
ImportError('DLL load failed while importing _diffcp: The specified module could not be found.')
    test[14] Prostate_Patient_46: RelErr=0.1094  (2.5s)
(CVXPY) Jul 17 08:53:36 PM: Encountered unexpected exception importing solver DIFFCP:
ImportError('DLL load failed while importing _diffcp: The specified module could not be found.')
    test[15] Prostate_Patient_4: RelErr=0.1098  (3.6s)
(CVXPY) Jul 17 08:53:40 PM: Encountered unexpected exception importing solver DIFFCP:
ImportError('DLL load failed while importing _diffcp: The specified module could not be found.')
    test[16] Prostate_Patient_21: RelErr=0.0976  (3.9s)
(CVXPY) Jul 17 08:53:44 PM: Encountered unexpected exception importing solver DIFFCP:
ImportError('DLL load failed while importing _diffcp: The specified module could not be found.')
    test[17] Prostate_Patient_122: RelErr=0.1186  (7.7s)
(CVXPY) Jul 17 08:53:51 PM: Encountered unexpected exception importing solver DIFFCP:
ImportError('DLL load failed while importing _diffcp: The specified module could not be found.')
    test[18] Prostate_Patient_109: RelErr=0.1416  (3.3s)
(CVXPY) Jul 17 08:53:55 PM: Encountered unexpected exception importing solver DIFFCP:
ImportError('DLL load failed while importing _diffcp: The specified module could not be found.')
    test[19] Prostate_Patient_90: RelErr=0.1416  (1.9s)
    Mean RelErr = 0.1196  (20/20 valid, 79.9s total)

  -- N=8, rho=1, method=kkt --
    Training: 8 patients
(CVXPY) Jul 17 08:53:57 PM: Encountered unexpected exception importing solver DIFFCP:
ImportError('DLL load failed while importing _diffcp: The specified module could not be found.')
  patients used=8  comp-slack resid=7.9752e+03
  alpha_hat (sign-constrained): [0.1412 0.2219 0.0608 0.4935 0.0229 0.0597]
  true alpha/sum (per function):[0.3175 0.3175 0.1587 0.0794 0.0794 0.0476]
  cond(M)=1.29e+02  per-patient leverage shares (N entries)=[0.003 0.083 0.155 0.126 0.181 0.189 0.138 0.125]
  unidentified direction (|smallest eigvec|, per function): [0.126 0.106 0.033 0.983 0.058 0.045]
    alpha_hat = [0.1412 0.2219 0.0608 0.4935 0.0229 0.0597]
    True alpha (per function) = [20. 20. 10.  5.  5.  3.]
(CVXPY) Jul 17 08:54:03 PM: Encountered unexpected exception importing solver DIFFCP:
ImportError('DLL load failed while importing _diffcp: The specified module could not be found.')
    test[ 0] Prostate_Patient_41: RelErr=0.2697  (2.8s)
(CVXPY) Jul 17 08:54:06 PM: Encountered unexpected exception importing solver DIFFCP:
ImportError('DLL load failed while importing _diffcp: The specified module could not be found.')
    test[ 1] Prostate_Patient_32: RelErr=0.3732  (1.6s)
(CVXPY) Jul 17 08:54:07 PM: Encountered unexpected exception importing solver DIFFCP:
ImportError('DLL load failed while importing _diffcp: The specified module could not be found.')
    test[ 2] Prostate_Patient_60: RelErr=0.3745  (1.2s)
(CVXPY) Jul 17 08:54:09 PM: Encountered unexpected exception importing solver DIFFCP:
ImportError('DLL load failed while importing _diffcp: The specified module could not be found.')
    test[ 3] Prostate_Patient_72: RelErr=0.4245  (0.8s)
(CVXPY) Jul 17 08:54:09 PM: Encountered unexpected exception importing solver DIFFCP:
ImportError('DLL load failed while importing _diffcp: The specified module could not be found.')
    test[ 4] Prostate_Patient_95: RelErr=0.3473  (1.2s)
(CVXPY) Jul 17 08:54:11 PM: Encountered unexpected exception importing solver DIFFCP:
ImportError('DLL load failed while importing _diffcp: The specified module could not be found.')
    test[ 5] Prostate_Patient_123: RelErr=0.3041  (1.9s)
(CVXPY) Jul 17 08:54:13 PM: Encountered unexpected exception importing solver DIFFCP:
ImportError('DLL load failed while importing _diffcp: The specified module could not be found.')
    test[ 6] Prostate_Patient_53: RelErr=0.2760  (2.3s)
(CVXPY) Jul 17 08:54:15 PM: Encountered unexpected exception importing solver DIFFCP:
ImportError('DLL load failed while importing _diffcp: The specified module could not be found.')
    test[ 7] Prostate_Patient_55: RelErr=0.2725  (1.3s)
(CVXPY) Jul 17 08:54:16 PM: Encountered unexpected exception importing solver DIFFCP:
ImportError('DLL load failed while importing _diffcp: The specified module could not be found.')
    test[ 8] Prostate_Patient_36: RelErr=0.2966  (1.0s)
(CVXPY) Jul 17 08:54:17 PM: Encountered unexpected exception importing solver DIFFCP:
ImportError('DLL load failed while importing _diffcp: The specified module could not be found.')
    test[ 9] Prostate_Patient_54: RelErr=0.3413  (1.1s)
(CVXPY) Jul 17 08:54:18 PM: Encountered unexpected exception importing solver DIFFCP:
ImportError('DLL load failed while importing _diffcp: The specified module could not be found.')
    test[10] Prostate_Patient_42: RelErr=0.3378  (1.4s)
(CVXPY) Jul 17 08:54:20 PM: Encountered unexpected exception importing solver DIFFCP:
ImportError('DLL load failed while importing _diffcp: The specified module could not be found.')
    test[11] Prostate_Patient_51: RelErr=0.3090  (1.6s)
(CVXPY) Jul 17 08:54:21 PM: Encountered unexpected exception importing solver DIFFCP:
ImportError('DLL load failed while importing _diffcp: The specified module could not be found.')
    test[12] Prostate_Patient_97: RelErr=0.4306  (0.9s)
(CVXPY) Jul 17 08:54:22 PM: Encountered unexpected exception importing solver DIFFCP:
ImportError('DLL load failed while importing _diffcp: The specified module could not be found.')
    test[13] Prostate_Patient_12: RelErr=0.2659  (4.1s)
(CVXPY) Jul 17 08:54:26 PM: Encountered unexpected exception importing solver DIFFCP:
ImportError('DLL load failed while importing _diffcp: The specified module could not be found.')
    test[14] Prostate_Patient_46: RelErr=0.2636  (1.5s)
(CVXPY) Jul 17 08:54:28 PM: Encountered unexpected exception importing solver DIFFCP:
ImportError('DLL load failed while importing _diffcp: The specified module could not be found.')
    test[15] Prostate_Patient_4: RelErr=0.2699  (2.4s)
(CVXPY) Jul 17 08:54:30 PM: Encountered unexpected exception importing solver DIFFCP:
ImportError('DLL load failed while importing _diffcp: The specified module could not be found.')
    test[16] Prostate_Patient_21: RelErr=0.2434  (3.3s)
(CVXPY) Jul 17 08:54:33 PM: Encountered unexpected exception importing solver DIFFCP:
ImportError('DLL load failed while importing _diffcp: The specified module could not be found.')
    test[17] Prostate_Patient_122: RelErr=0.2554  (4.9s)
(CVXPY) Jul 17 08:54:38 PM: Encountered unexpected exception importing solver DIFFCP:
ImportError('DLL load failed while importing _diffcp: The specified module could not be found.')
    test[18] Prostate_Patient_109: RelErr=0.3126  (1.5s)
(CVXPY) Jul 17 08:54:40 PM: Encountered unexpected exception importing solver DIFFCP:
ImportError('DLL load failed while importing _diffcp: The specified module could not be found.')
    test[19] Prostate_Patient_90: RelErr=0.3546  (1.0s)
    Mean RelErr = 0.3161  (20/20 valid, 44.0s total)

  -- N=8, rho=2, method=kkt --
    Training: 8 patients
(CVXPY) Jul 17 08:54:41 PM: Encountered unexpected exception importing solver DIFFCP:
ImportError('DLL load failed while importing _diffcp: The specified module could not be found.')
  patients used=8  comp-slack resid=3.8295e+00
  alpha_hat (sign-constrained): [0.3176 0.3175 0.1588 0.0793 0.0794 0.0476]
  true alpha/sum (per function):[0.3175 0.3175 0.1587 0.0794 0.0794 0.0476]
  cond(M)=1.00e+08  per-patient leverage shares (N entries)=[0.    0.115 0.152 0.102 0.194 0.189 0.117 0.132]
  unidentified direction (|smallest eigvec|, per function): [0.646 0.646 0.323 0.161 0.161 0.097]
    alpha_hat = [0.3176 0.3175 0.1588 0.0793 0.0794 0.0476]
    True alpha (per function) = [20. 20. 10.  5.  5.  3.]
(CVXPY) Jul 17 08:54:48 PM: Encountered unexpected exception importing solver DIFFCP:
ImportError('DLL load failed while importing _diffcp: The specified module could not be found.')
    test[ 0] Prostate_Patient_41: RelErr=0.0004  (4.8s)
(CVXPY) Jul 17 08:54:53 PM: Encountered unexpected exception importing solver DIFFCP:
ImportError('DLL load failed while importing _diffcp: The specified module could not be found.')
    test[ 1] Prostate_Patient_32: RelErr=0.0003  (2.5s)
(CVXPY) Jul 17 08:54:55 PM: Encountered unexpected exception importing solver DIFFCP:
ImportError('DLL load failed while importing _diffcp: The specified module could not be found.')
    test[ 2] Prostate_Patient_60: RelErr=0.0004  (2.5s)
(CVXPY) Jul 17 08:54:58 PM: Encountered unexpected exception importing solver DIFFCP:
ImportError('DLL load failed while importing _diffcp: The specified module could not be found.')
    test[ 3] Prostate_Patient_72: RelErr=0.0006  (2.0s)
(CVXPY) Jul 17 08:55:00 PM: Encountered unexpected exception importing solver DIFFCP:
ImportError('DLL load failed while importing _diffcp: The specified module could not be found.')
    test[ 4] Prostate_Patient_95: RelErr=0.0005  (2.4s)
(CVXPY) Jul 17 08:55:02 PM: Encountered unexpected exception importing solver DIFFCP:
ImportError('DLL load failed while importing _diffcp: The specified module could not be found.')
    test[ 5] Prostate_Patient_123: RelErr=0.0005  (3.3s)
(CVXPY) Jul 17 08:55:06 PM: Encountered unexpected exception importing solver DIFFCP:
ImportError('DLL load failed while importing _diffcp: The specified module could not be found.')
    test[ 6] Prostate_Patient_53: RelErr=0.0005  (3.8s)
(CVXPY) Jul 17 08:55:10 PM: Encountered unexpected exception importing solver DIFFCP:
ImportError('DLL load failed while importing _diffcp: The specified module could not be found.')
    test[ 7] Prostate_Patient_55: RelErr=0.0003  (1.8s)
(CVXPY) Jul 17 08:55:11 PM: Encountered unexpected exception importing solver DIFFCP:
ImportError('DLL load failed while importing _diffcp: The specified module could not be found.')
    test[ 8] Prostate_Patient_36: RelErr=0.0004  (1.9s)
(CVXPY) Jul 17 08:55:13 PM: Encountered unexpected exception importing solver DIFFCP:
ImportError('DLL load failed while importing _diffcp: The specified module could not be found.')
    test[ 9] Prostate_Patient_54: RelErr=0.0004  (2.2s)
(CVXPY) Jul 17 08:55:15 PM: Encountered unexpected exception importing solver DIFFCP:
ImportError('DLL load failed while importing _diffcp: The specified module could not be found.')
    test[10] Prostate_Patient_42: RelErr=0.0004  (2.3s)
(CVXPY) Jul 17 08:55:18 PM: Encountered unexpected exception importing solver DIFFCP:
ImportError('DLL load failed while importing _diffcp: The specified module could not be found.')
    test[11] Prostate_Patient_51: RelErr=0.0004  (2.7s)
(CVXPY) Jul 17 08:55:20 PM: Encountered unexpected exception importing solver DIFFCP:
ImportError('DLL load failed while importing _diffcp: The specified module could not be found.')
    test[12] Prostate_Patient_97: RelErr=0.0004  (2.0s)
(CVXPY) Jul 17 08:55:22 PM: Encountered unexpected exception importing solver DIFFCP:
ImportError('DLL load failed while importing _diffcp: The specified module could not be found.')
    test[13] Prostate_Patient_12: RelErr=0.0007  (7.3s)
(CVXPY) Jul 17 08:55:30 PM: Encountered unexpected exception importing solver DIFFCP:
ImportError('DLL load failed while importing _diffcp: The specified module could not be found.')
    test[14] Prostate_Patient_46: RelErr=0.0002  (2.4s)
(CVXPY) Jul 17 08:55:32 PM: Encountered unexpected exception importing solver DIFFCP:
ImportError('DLL load failed while importing _diffcp: The specified module could not be found.')
    test[15] Prostate_Patient_4: RelErr=0.0003  (3.5s)
(CVXPY) Jul 17 08:55:36 PM: Encountered unexpected exception importing solver DIFFCP:
ImportError('DLL load failed while importing _diffcp: The specified module could not be found.')
    test[16] Prostate_Patient_21: RelErr=0.0002  (7.2s)
(CVXPY) Jul 17 08:55:43 PM: Encountered unexpected exception importing solver DIFFCP:
ImportError('DLL load failed while importing _diffcp: The specified module could not be found.')
    test[17] Prostate_Patient_122: RelErr=0.0003  (15.2s)
(CVXPY) Jul 17 08:55:58 PM: Encountered unexpected exception importing solver DIFFCP:
ImportError('DLL load failed while importing _diffcp: The specified module could not be found.')
    test[18] Prostate_Patient_109: RelErr=0.0003  (3.4s)
(CVXPY) Jul 17 08:56:01 PM: Encountered unexpected exception importing solver DIFFCP:
ImportError('DLL load failed while importing _diffcp: The specified module could not be found.')
    test[19] Prostate_Patient_90: RelErr=0.0002  (2.0s)
    Mean RelErr = 0.0004  (20/20 valid, 82.7s total)

  -- N=8, rho=3, method=kkt --
    Training: 8 patients
(CVXPY) Jul 17 08:56:04 PM: Encountered unexpected exception importing solver DIFFCP:
ImportError('DLL load failed while importing _diffcp: The specified module could not be found.')
  patients used=8  comp-slack resid=2.0027e+10
  alpha_hat (sign-constrained): [0.2639 0.5193 0.1449 0.0362 0.0358 0.    ]
  true alpha/sum (per function):[0.3175 0.3175 0.1587 0.0794 0.0794 0.0476]
  cond(M)=2.81e+02  per-patient leverage shares (N entries)=[0.    0.173 0.163 0.097 0.147 0.157 0.154 0.108]
  unidentified direction (|smallest eigvec|, per function): [0.277 0.945 0.16  0.056 0.034 0.002]
    alpha_hat = [0.2639 0.5193 0.1449 0.0362 0.0358 0.    ]
    True alpha (per function) = [20. 20. 10.  5.  5.  3.]
(CVXPY) Jul 17 08:56:16 PM: Encountered unexpected exception importing solver DIFFCP:
ImportError('DLL load failed while importing _diffcp: The specified module could not be found.')
    test[ 0] Prostate_Patient_41: RelErr=0.0870  (5.9s)
(CVXPY) Jul 17 08:56:22 PM: Encountered unexpected exception importing solver DIFFCP:
ImportError('DLL load failed while importing _diffcp: The specified module could not be found.')
    test[ 1] Prostate_Patient_32: RelErr=0.1103  (2.8s)
(CVXPY) Jul 17 08:56:24 PM: Encountered unexpected exception importing solver DIFFCP:
ImportError('DLL load failed while importing _diffcp: The specified module could not be found.')
    test[ 2] Prostate_Patient_60: RelErr=0.1284  (3.2s)
(CVXPY) Jul 17 08:56:28 PM: Encountered unexpected exception importing solver DIFFCP:
ImportError('DLL load failed while importing _diffcp: The specified module could not be found.')
    test[ 3] Prostate_Patient_72: RelErr=0.1408  (2.5s)
(CVXPY) Jul 17 08:56:30 PM: Encountered unexpected exception importing solver DIFFCP:
ImportError('DLL load failed while importing _diffcp: The specified module could not be found.')
    test[ 4] Prostate_Patient_95: RelErr=0.1290  (2.2s)
(CVXPY) Jul 17 08:56:32 PM: Encountered unexpected exception importing solver DIFFCP:
ImportError('DLL load failed while importing _diffcp: The specified module could not be found.')
    test[ 5] Prostate_Patient_123: RelErr=0.1040  (3.7s)
(CVXPY) Jul 17 08:56:36 PM: Encountered unexpected exception importing solver DIFFCP:
ImportError('DLL load failed while importing _diffcp: The specified module could not be found.')
    test[ 6] Prostate_Patient_53: RelErr=0.0937  (4.2s)
(CVXPY) Jul 17 08:56:40 PM: Encountered unexpected exception importing solver DIFFCP:
ImportError('DLL load failed while importing _diffcp: The specified module could not be found.')
    test[ 7] Prostate_Patient_55: RelErr=0.1603  (2.0s)
(CVXPY) Jul 17 08:56:42 PM: Encountered unexpected exception importing solver DIFFCP:
ImportError('DLL load failed while importing _diffcp: The specified module could not be found.')
    test[ 8] Prostate_Patient_36: RelErr=0.1331  (1.9s)
(CVXPY) Jul 17 08:56:44 PM: Encountered unexpected exception importing solver DIFFCP:
ImportError('DLL load failed while importing _diffcp: The specified module could not be found.')
    test[ 9] Prostate_Patient_54: RelErr=0.1143  (2.1s)
(CVXPY) Jul 17 08:56:46 PM: Encountered unexpected exception importing solver DIFFCP:
ImportError('DLL load failed while importing _diffcp: The specified module could not be found.')
    test[10] Prostate_Patient_42: RelErr=0.1688  (3.7s)
(CVXPY) Jul 17 08:56:50 PM: Encountered unexpected exception importing solver DIFFCP:
ImportError('DLL load failed while importing _diffcp: The specified module could not be found.')
    test[11] Prostate_Patient_51: RelErr=0.0934  (3.1s)
(CVXPY) Jul 17 08:56:53 PM: Encountered unexpected exception importing solver DIFFCP:
ImportError('DLL load failed while importing _diffcp: The specified module could not be found.')
    test[12] Prostate_Patient_97: RelErr=0.1010  (3.0s)
(CVXPY) Jul 17 08:56:56 PM: Encountered unexpected exception importing solver DIFFCP:
ImportError('DLL load failed while importing _diffcp: The specified module could not be found.')
    test[13] Prostate_Patient_12: RelErr=0.0858  (9.5s)
(CVXPY) Jul 17 08:57:05 PM: Encountered unexpected exception importing solver DIFFCP:
ImportError('DLL load failed while importing _diffcp: The specified module could not be found.')
    test[14] Prostate_Patient_46: RelErr=0.1071  (3.2s)
(CVXPY) Jul 17 08:57:08 PM: Encountered unexpected exception importing solver DIFFCP:
ImportError('DLL load failed while importing _diffcp: The specified module could not be found.')
    test[15] Prostate_Patient_4: RelErr=0.1072  (4.1s)
(CVXPY) Jul 17 08:57:13 PM: Encountered unexpected exception importing solver DIFFCP:
ImportError('DLL load failed while importing _diffcp: The specified module could not be found.')
    test[16] Prostate_Patient_21: RelErr=0.0971  (7.9s)
(CVXPY) Jul 17 08:57:20 PM: Encountered unexpected exception importing solver DIFFCP:
ImportError('DLL load failed while importing _diffcp: The specified module could not be found.')
    test[17] Prostate_Patient_122: RelErr=0.1159  (12.2s)
(CVXPY) Jul 17 08:57:33 PM: Encountered unexpected exception importing solver DIFFCP:
ImportError('DLL load failed while importing _diffcp: The specified module could not be found.')
    test[18] Prostate_Patient_109: RelErr=0.1401  (4.1s)
(CVXPY) Jul 17 08:57:37 PM: Encountered unexpected exception importing solver DIFFCP:
ImportError('DLL load failed while importing _diffcp: The specified module could not be found.')
    test[19] Prostate_Patient_90: RelErr=0.1398  (2.2s)
    Mean RelErr = 0.1179  (20/20 valid, 95.5s total)

  -- N=9, rho=1, method=kkt --
    Training: 9 patients
(CVXPY) Jul 17 08:57:39 PM: Encountered unexpected exception importing solver DIFFCP:
ImportError('DLL load failed while importing _diffcp: The specified module could not be found.')
  patients used=9  comp-slack resid=8.9739e+03
  alpha_hat (sign-constrained): [0.1333 0.2236 0.0594 0.4968 0.0251 0.0618]
  true alpha/sum (per function):[0.3175 0.3175 0.1587 0.0794 0.0794 0.0476]
  cond(M)=1.23e+02  per-patient leverage shares (N entries)=[0.003 0.076 0.142 0.116 0.165 0.172 0.126 0.114 0.086]
  unidentified direction (|smallest eigvec|, per function): [0.107 0.09  0.032 0.987 0.049 0.045]
    alpha_hat = [0.1333 0.2236 0.0594 0.4968 0.0251 0.0618]
    True alpha (per function) = [20. 20. 10.  5.  5.  3.]
(CVXPY) Jul 17 08:57:46 PM: Encountered unexpected exception importing solver DIFFCP:
ImportError('DLL load failed while importing _diffcp: The specified module could not be found.')
    test[ 0] Prostate_Patient_41: RelErr=0.2693  (2.6s)
(CVXPY) Jul 17 08:57:49 PM: Encountered unexpected exception importing solver DIFFCP:
ImportError('DLL load failed while importing _diffcp: The specified module could not be found.')
    test[ 1] Prostate_Patient_32: RelErr=0.3746  (1.6s)
(CVXPY) Jul 17 08:57:50 PM: Encountered unexpected exception importing solver DIFFCP:
ImportError('DLL load failed while importing _diffcp: The specified module could not be found.')
    test[ 2] Prostate_Patient_60: RelErr=0.3673  (1.3s)
(CVXPY) Jul 17 08:57:52 PM: Encountered unexpected exception importing solver DIFFCP:
ImportError('DLL load failed while importing _diffcp: The specified module could not be found.')
    test[ 3] Prostate_Patient_72: RelErr=0.4230  (0.8s)
(CVXPY) Jul 17 08:57:52 PM: Encountered unexpected exception importing solver DIFFCP:
ImportError('DLL load failed while importing _diffcp: The specified module could not be found.')
    test[ 4] Prostate_Patient_95: RelErr=0.3437  (1.2s)
(CVXPY) Jul 17 08:57:54 PM: Encountered unexpected exception importing solver DIFFCP:
ImportError('DLL load failed while importing _diffcp: The specified module could not be found.')
    test[ 5] Prostate_Patient_123: RelErr=0.3026  (2.0s)
(CVXPY) Jul 17 08:57:56 PM: Encountered unexpected exception importing solver DIFFCP:
ImportError('DLL load failed while importing _diffcp: The specified module could not be found.')
    test[ 6] Prostate_Patient_53: RelErr=0.2708  (2.2s)
(CVXPY) Jul 17 08:57:58 PM: Encountered unexpected exception importing solver DIFFCP:
ImportError('DLL load failed while importing _diffcp: The specified module could not be found.')
    test[ 7] Prostate_Patient_55: RelErr=0.2773  (1.3s)
(CVXPY) Jul 17 08:57:59 PM: Encountered unexpected exception importing solver DIFFCP:
ImportError('DLL load failed while importing _diffcp: The specified module could not be found.')
    test[ 8] Prostate_Patient_36: RelErr=0.2986  (1.0s)
(CVXPY) Jul 17 08:58:00 PM: Encountered unexpected exception importing solver DIFFCP:
ImportError('DLL load failed while importing _diffcp: The specified module could not be found.')
    test[ 9] Prostate_Patient_54: RelErr=0.3430  (1.0s)
(CVXPY) Jul 17 08:58:01 PM: Encountered unexpected exception importing solver DIFFCP:
ImportError('DLL load failed while importing _diffcp: The specified module could not be found.')
    test[10] Prostate_Patient_42: RelErr=0.3408  (1.4s)
(CVXPY) Jul 17 08:58:03 PM: Encountered unexpected exception importing solver DIFFCP:
ImportError('DLL load failed while importing _diffcp: The specified module could not be found.')
    test[11] Prostate_Patient_51: RelErr=0.3138  (1.6s)
(CVXPY) Jul 17 08:58:04 PM: Encountered unexpected exception importing solver DIFFCP:
ImportError('DLL load failed while importing _diffcp: The specified module could not be found.')
    test[12] Prostate_Patient_97: RelErr=0.4214  (0.9s)
(CVXPY) Jul 17 08:58:05 PM: Encountered unexpected exception importing solver DIFFCP:
ImportError('DLL load failed while importing _diffcp: The specified module could not be found.')
    test[13] Prostate_Patient_12: RelErr=0.2666  (4.3s)
(CVXPY) Jul 17 08:58:09 PM: Encountered unexpected exception importing solver DIFFCP:
ImportError('DLL load failed while importing _diffcp: The specified module could not be found.')
    test[14] Prostate_Patient_46: RelErr=0.2625  (1.5s)
(CVXPY) Jul 17 08:58:11 PM: Encountered unexpected exception importing solver DIFFCP:
ImportError('DLL load failed while importing _diffcp: The specified module could not be found.')
    test[15] Prostate_Patient_4: RelErr=0.2676  (2.3s)
(CVXPY) Jul 17 08:58:13 PM: Encountered unexpected exception importing solver DIFFCP:
ImportError('DLL load failed while importing _diffcp: The specified module could not be found.')
    test[16] Prostate_Patient_21: RelErr=0.2484  (3.3s)
(CVXPY) Jul 17 08:58:16 PM: Encountered unexpected exception importing solver DIFFCP:
ImportError('DLL load failed while importing _diffcp: The specified module could not be found.')
    test[17] Prostate_Patient_122: RelErr=0.2540  (5.0s)
(CVXPY) Jul 17 08:58:21 PM: Encountered unexpected exception importing solver DIFFCP:
ImportError('DLL load failed while importing _diffcp: The specified module could not be found.')
    test[18] Prostate_Patient_109: RelErr=0.3097  (1.5s)
(CVXPY) Jul 17 08:58:23 PM: Encountered unexpected exception importing solver DIFFCP:
ImportError('DLL load failed while importing _diffcp: The specified module could not be found.')
    test[19] Prostate_Patient_90: RelErr=0.3592  (1.0s)
    Mean RelErr = 0.3157  (20/20 valid, 44.8s total)

  -- N=9, rho=2, method=kkt --
    Training: 9 patients
(CVXPY) Jul 17 08:58:24 PM: Encountered unexpected exception importing solver DIFFCP:
ImportError('DLL load failed while importing _diffcp: The specified module could not be found.')
  patients used=9  comp-slack resid=4.4595e+00
  alpha_hat (sign-constrained): [0.3176 0.3174 0.1587 0.0793 0.0794 0.0476]
  true alpha/sum (per function):[0.3175 0.3175 0.1587 0.0794 0.0794 0.0476]
  cond(M)=1.01e+08  per-patient leverage shares (N entries)=[0.    0.105 0.138 0.092 0.176 0.172 0.106 0.12  0.092]
  unidentified direction (|smallest eigvec|, per function): [0.646 0.646 0.323 0.161 0.161 0.097]
    alpha_hat = [0.3176 0.3174 0.1587 0.0793 0.0794 0.0476]
    True alpha (per function) = [20. 20. 10.  5.  5.  3.]
(CVXPY) Jul 17 08:58:32 PM: Encountered unexpected exception importing solver DIFFCP:
ImportError('DLL load failed while importing _diffcp: The specified module could not be found.')
    test[ 0] Prostate_Patient_41: RelErr=0.0002  (4.6s)
(CVXPY) Jul 17 08:58:37 PM: Encountered unexpected exception importing solver DIFFCP:
ImportError('DLL load failed while importing _diffcp: The specified module could not be found.')
    test[ 1] Prostate_Patient_32: RelErr=0.0003  (2.5s)
(CVXPY) Jul 17 08:58:39 PM: Encountered unexpected exception importing solver DIFFCP:
ImportError('DLL load failed while importing _diffcp: The specified module could not be found.')
    test[ 2] Prostate_Patient_60: RelErr=0.0004  (2.4s)
(CVXPY) Jul 17 08:58:42 PM: Encountered unexpected exception importing solver DIFFCP:
ImportError('DLL load failed while importing _diffcp: The specified module could not be found.')
    test[ 3] Prostate_Patient_72: RelErr=0.0006  (2.0s)
(CVXPY) Jul 17 08:58:44 PM: Encountered unexpected exception importing solver DIFFCP:
ImportError('DLL load failed while importing _diffcp: The specified module could not be found.')
    test[ 4] Prostate_Patient_95: RelErr=0.0005  (2.4s)
(CVXPY) Jul 17 08:58:46 PM: Encountered unexpected exception importing solver DIFFCP:
ImportError('DLL load failed while importing _diffcp: The specified module could not be found.')
    test[ 5] Prostate_Patient_123: RelErr=0.0005  (3.3s)
(CVXPY) Jul 17 08:58:49 PM: Encountered unexpected exception importing solver DIFFCP:
ImportError('DLL load failed while importing _diffcp: The specified module could not be found.')
    test[ 6] Prostate_Patient_53: RelErr=0.0004  (3.9s)
(CVXPY) Jul 17 08:58:53 PM: Encountered unexpected exception importing solver DIFFCP:
ImportError('DLL load failed while importing _diffcp: The specified module could not be found.')
    test[ 7] Prostate_Patient_55: RelErr=0.0003  (1.8s)
(CVXPY) Jul 17 08:58:55 PM: Encountered unexpected exception importing solver DIFFCP:
ImportError('DLL load failed while importing _diffcp: The specified module could not be found.')
    test[ 8] Prostate_Patient_36: RelErr=0.0005  (2.7s)
(CVXPY) Jul 17 08:58:58 PM: Encountered unexpected exception importing solver DIFFCP:
ImportError('DLL load failed while importing _diffcp: The specified module could not be found.')
    test[ 9] Prostate_Patient_54: RelErr=0.0004  (2.2s)
(CVXPY) Jul 17 08:59:00 PM: Encountered unexpected exception importing solver DIFFCP:
ImportError('DLL load failed while importing _diffcp: The specified module could not be found.')
    test[10] Prostate_Patient_42: RelErr=0.0003  (2.4s)
(CVXPY) Jul 17 08:59:02 PM: Encountered unexpected exception importing solver DIFFCP:
ImportError('DLL load failed while importing _diffcp: The specified module could not be found.')
    test[11] Prostate_Patient_51: RelErr=0.0003  (2.7s)
(CVXPY) Jul 17 08:59:05 PM: Encountered unexpected exception importing solver DIFFCP:
ImportError('DLL load failed while importing _diffcp: The specified module could not be found.')
    test[12] Prostate_Patient_97: RelErr=0.0004  (2.3s)
(CVXPY) Jul 17 08:59:07 PM: Encountered unexpected exception importing solver DIFFCP:
ImportError('DLL load failed while importing _diffcp: The specified module could not be found.')
    test[13] Prostate_Patient_12: RelErr=0.0004  (7.3s)
(CVXPY) Jul 17 08:59:15 PM: Encountered unexpected exception importing solver DIFFCP:
ImportError('DLL load failed while importing _diffcp: The specified module could not be found.')
    test[14] Prostate_Patient_46: RelErr=0.0003  (2.4s)
(CVXPY) Jul 17 08:59:17 PM: Encountered unexpected exception importing solver DIFFCP:
ImportError('DLL load failed while importing _diffcp: The specified module could not be found.')
    test[15] Prostate_Patient_4: RelErr=0.0002  (3.7s)
(CVXPY) Jul 17 08:59:21 PM: Encountered unexpected exception importing solver DIFFCP:
ImportError('DLL load failed while importing _diffcp: The specified module could not be found.')
    test[16] Prostate_Patient_21: RelErr=0.0002  (7.0s)
(CVXPY) Jul 17 08:59:28 PM: Encountered unexpected exception importing solver DIFFCP:
ImportError('DLL load failed while importing _diffcp: The specified module could not be found.')
    test[17] Prostate_Patient_122: RelErr=0.0002  (15.2s)
(CVXPY) Jul 17 08:59:43 PM: Encountered unexpected exception importing solver DIFFCP:
ImportError('DLL load failed while importing _diffcp: The specified module could not be found.')
    test[18] Prostate_Patient_109: RelErr=0.0004  (3.3s)
(CVXPY) Jul 17 08:59:46 PM: Encountered unexpected exception importing solver DIFFCP:
ImportError('DLL load failed while importing _diffcp: The specified module could not be found.')
    test[19] Prostate_Patient_90: RelErr=0.0004  (2.1s)
    Mean RelErr = 0.0004  (20/20 valid, 84.4s total)

  -- N=9, rho=3, method=kkt --
    Training: 9 patients
(CVXPY) Jul 17 08:59:48 PM: Encountered unexpected exception importing solver DIFFCP:
ImportError('DLL load failed while importing _diffcp: The specified module could not be found.')
D:\more tests with new functions\portpy_experiment\parametric_io.py:489: UserWarning: Solution may be inaccurate. Try another solver, adjusting the solver settings, or solve with verbose=True for more information.
  prob_i.solve(solver=getattr(cp, slv), verbose=False)
  patients used=9  comp-slack resid=2.1431e+10
  alpha_hat (sign-constrained): [0.2762 0.5014 0.1464 0.0406 0.0353 0.    ]
  true alpha/sum (per function):[0.3175 0.3175 0.1587 0.0794 0.0794 0.0476]
  cond(M)=3.17e+02  per-patient leverage shares (N entries)=[0.    0.149 0.14  0.083 0.126 0.135 0.132 0.093 0.141]
  unidentified direction (|smallest eigvec|, per function): [0.329 0.924 0.174 0.078 0.04  0.001]
    alpha_hat = [0.2762 0.5014 0.1464 0.0406 0.0353 0.    ]
    True alpha (per function) = [20. 20. 10.  5.  5.  3.]
(CVXPY) Jul 17 09:00:05 PM: Encountered unexpected exception importing solver DIFFCP:
ImportError('DLL load failed while importing _diffcp: The specified module could not be found.')
    test[ 0] Prostate_Patient_41: RelErr=0.0875  (7.2s)
(CVXPY) Jul 17 09:00:12 PM: Encountered unexpected exception importing solver DIFFCP:
ImportError('DLL load failed while importing _diffcp: The specified module could not be found.')
    test[ 1] Prostate_Patient_32: RelErr=0.1099  (2.9s)
(CVXPY) Jul 17 09:00:15 PM: Encountered unexpected exception importing solver DIFFCP:
ImportError('DLL load failed while importing _diffcp: The specified module could not be found.')
    test[ 2] Prostate_Patient_60: RelErr=0.1292  (3.1s)
(CVXPY) Jul 17 09:00:18 PM: Encountered unexpected exception importing solver DIFFCP:
ImportError('DLL load failed while importing _diffcp: The specified module could not be found.')
    test[ 3] Prostate_Patient_72: RelErr=0.1404  (1.9s)
(CVXPY) Jul 17 09:00:20 PM: Encountered unexpected exception importing solver DIFFCP:
ImportError('DLL load failed while importing _diffcp: The specified module could not be found.')
    test[ 4] Prostate_Patient_95: RelErr=0.1310  (4.4s)
(CVXPY) Jul 17 09:00:24 PM: Encountered unexpected exception importing solver DIFFCP:
ImportError('DLL load failed while importing _diffcp: The specified module could not be found.')
    test[ 5] Prostate_Patient_123: RelErr=0.1043  (3.7s)
(CVXPY) Jul 17 09:00:28 PM: Encountered unexpected exception importing solver DIFFCP:
ImportError('DLL load failed while importing _diffcp: The specified module could not be found.')
    test[ 6] Prostate_Patient_53: RelErr=0.0954  (4.1s)
(CVXPY) Jul 17 09:00:32 PM: Encountered unexpected exception importing solver DIFFCP:
ImportError('DLL load failed while importing _diffcp: The specified module could not be found.')
    test[ 7] Prostate_Patient_55: RelErr=0.1601  (2.0s)
(CVXPY) Jul 17 09:00:34 PM: Encountered unexpected exception importing solver DIFFCP:
ImportError('DLL load failed while importing _diffcp: The specified module could not be found.')
    test[ 8] Prostate_Patient_36: RelErr=0.1323  (2.0s)
(CVXPY) Jul 17 09:00:36 PM: Encountered unexpected exception importing solver DIFFCP:
ImportError('DLL load failed while importing _diffcp: The specified module could not be found.')
    test[ 9] Prostate_Patient_54: RelErr=0.1136  (2.1s)
(CVXPY) Jul 17 09:00:38 PM: Encountered unexpected exception importing solver DIFFCP:
ImportError('DLL load failed while importing _diffcp: The specified module could not be found.')
    test[10] Prostate_Patient_42: RelErr=0.1705  (3.6s)
(CVXPY) Jul 17 09:00:41 PM: Encountered unexpected exception importing solver DIFFCP:
ImportError('DLL load failed while importing _diffcp: The specified module could not be found.')
    test[11] Prostate_Patient_51: RelErr=0.0945  (4.2s)
(CVXPY) Jul 17 09:00:46 PM: Encountered unexpected exception importing solver DIFFCP:
ImportError('DLL load failed while importing _diffcp: The specified module could not be found.')
    test[12] Prostate_Patient_97: RelErr=0.1022  (2.2s)
(CVXPY) Jul 17 09:00:48 PM: Encountered unexpected exception importing solver DIFFCP:
ImportError('DLL load failed while importing _diffcp: The specified module could not be found.')
    test[13] Prostate_Patient_12: RelErr=0.0864  (9.4s)
(CVXPY) Jul 17 09:00:57 PM: Encountered unexpected exception importing solver DIFFCP:
ImportError('DLL load failed while importing _diffcp: The specified module could not be found.')
    test[14] Prostate_Patient_46: RelErr=0.1069  (3.1s)
(CVXPY) Jul 17 09:01:00 PM: Encountered unexpected exception importing solver DIFFCP:
ImportError('DLL load failed while importing _diffcp: The specified module could not be found.')
    test[15] Prostate_Patient_4: RelErr=0.1076  (5.9s)
(CVXPY) Jul 17 09:01:06 PM: Encountered unexpected exception importing solver DIFFCP:
ImportError('DLL load failed while importing _diffcp: The specified module could not be found.')
    test[16] Prostate_Patient_21: RelErr=0.0978  (6.9s)
(CVXPY) Jul 17 09:01:13 PM: Encountered unexpected exception importing solver DIFFCP:
ImportError('DLL load failed while importing _diffcp: The specified module could not be found.')
    test[17] Prostate_Patient_122: RelErr=0.1160  (12.1s)
(CVXPY) Jul 17 09:01:25 PM: Encountered unexpected exception importing solver DIFFCP:
ImportError('DLL load failed while importing _diffcp: The specified module could not be found.')
    test[18] Prostate_Patient_109: RelErr=0.1398  (3.7s)
(CVXPY) Jul 17 09:01:29 PM: Encountered unexpected exception importing solver DIFFCP:
ImportError('DLL load failed while importing _diffcp: The specified module could not be found.')
    test[19] Prostate_Patient_90: RelErr=0.1406  (3.5s)
    Mean RelErr = 0.1183  (20/20 valid, 104.4s total)

  -- N=10, rho=1, method=kkt --
    Training: 10 patients
(CVXPY) Jul 17 09:01:33 PM: Encountered unexpected exception importing solver DIFFCP:
ImportError('DLL load failed while importing _diffcp: The specified module could not be found.')
  patients used=10  comp-slack resid=1.1006e+04
  alpha_hat (sign-constrained): [0.1142 0.2274 0.057  0.5182 0.0236 0.0596]
  true alpha/sum (per function):[0.3175 0.3175 0.1587 0.0794 0.0794 0.0476]
  cond(M)=1.31e+02  per-patient leverage shares (N entries)=[0.003 0.063 0.117 0.096 0.137 0.143 0.105 0.094 0.071 0.172]
  unidentified direction (|smallest eigvec|, per function): [0.094 0.067 0.025 0.99  0.057 0.042]
    alpha_hat = [0.1142 0.2274 0.057  0.5182 0.0236 0.0596]
    True alpha (per function) = [20. 20. 10.  5.  5.  3.]
(CVXPY) Jul 17 09:01:41 PM: Encountered unexpected exception importing solver DIFFCP:
ImportError('DLL load failed while importing _diffcp: The specified module could not be found.')
    test[ 0] Prostate_Patient_41: RelErr=0.2744  (2.6s)
(CVXPY) Jul 17 09:01:43 PM: Encountered unexpected exception importing solver DIFFCP:
ImportError('DLL load failed while importing _diffcp: The specified module could not be found.')
    test[ 1] Prostate_Patient_32: RelErr=0.3784  (1.7s)
(CVXPY) Jul 17 09:01:45 PM: Encountered unexpected exception importing solver DIFFCP:
ImportError('DLL load failed while importing _diffcp: The specified module could not be found.')
    test[ 2] Prostate_Patient_60: RelErr=0.3679  (1.3s)
(CVXPY) Jul 17 09:01:46 PM: Encountered unexpected exception importing solver DIFFCP:
ImportError('DLL load failed while importing _diffcp: The specified module could not be found.')
    test[ 3] Prostate_Patient_72: RelErr=0.4256  (0.9s)
(CVXPY) Jul 17 09:01:47 PM: Encountered unexpected exception importing solver DIFFCP:
ImportError('DLL load failed while importing _diffcp: The specified module could not be found.')
    test[ 4] Prostate_Patient_95: RelErr=0.3476  (1.3s)
(CVXPY) Jul 17 09:01:48 PM: Encountered unexpected exception importing solver DIFFCP:
ImportError('DLL load failed while importing _diffcp: The specified module could not be found.')
    test[ 5] Prostate_Patient_123: RelErr=0.3071  (2.0s)
(CVXPY) Jul 17 09:01:50 PM: Encountered unexpected exception importing solver DIFFCP:
ImportError('DLL load failed while importing _diffcp: The specified module could not be found.')
    test[ 6] Prostate_Patient_53: RelErr=0.2718  (2.2s)
(CVXPY) Jul 17 09:01:53 PM: Encountered unexpected exception importing solver DIFFCP:
ImportError('DLL load failed while importing _diffcp: The specified module could not be found.')
    test[ 7] Prostate_Patient_55: RelErr=0.2816  (1.3s)
(CVXPY) Jul 17 09:01:54 PM: Encountered unexpected exception importing solver DIFFCP:
ImportError('DLL load failed while importing _diffcp: The specified module could not be found.')
    test[ 8] Prostate_Patient_36: RelErr=0.2975  (1.0s)
(CVXPY) Jul 17 09:01:55 PM: Encountered unexpected exception importing solver DIFFCP:
ImportError('DLL load failed while importing _diffcp: The specified module could not be found.')
    test[ 9] Prostate_Patient_54: RelErr=0.3429  (1.1s)
(CVXPY) Jul 17 09:01:56 PM: Encountered unexpected exception importing solver DIFFCP:
ImportError('DLL load failed while importing _diffcp: The specified module could not be found.')
    test[10] Prostate_Patient_42: RelErr=0.3394  (1.4s)
(CVXPY) Jul 17 09:01:57 PM: Encountered unexpected exception importing solver DIFFCP:
ImportError('DLL load failed while importing _diffcp: The specified module could not be found.')
    test[11] Prostate_Patient_51: RelErr=0.3130  (1.6s)
(CVXPY) Jul 17 09:01:59 PM: Encountered unexpected exception importing solver DIFFCP:
ImportError('DLL load failed while importing _diffcp: The specified module could not be found.')
    test[12] Prostate_Patient_97: RelErr=0.4278  (0.9s)
(CVXPY) Jul 17 09:02:00 PM: Encountered unexpected exception importing solver DIFFCP:
ImportError('DLL load failed while importing _diffcp: The specified module could not be found.')
    test[13] Prostate_Patient_12: RelErr=0.2697  (4.2s)
(CVXPY) Jul 17 09:02:04 PM: Encountered unexpected exception importing solver DIFFCP:
ImportError('DLL load failed while importing _diffcp: The specified module could not be found.')
    test[14] Prostate_Patient_46: RelErr=0.2636  (1.5s)
(CVXPY) Jul 17 09:02:06 PM: Encountered unexpected exception importing solver DIFFCP:
ImportError('DLL load failed while importing _diffcp: The specified module could not be found.')
    test[15] Prostate_Patient_4: RelErr=0.2711  (2.5s)
(CVXPY) Jul 17 09:02:08 PM: Encountered unexpected exception importing solver DIFFCP:
ImportError('DLL load failed while importing _diffcp: The specified module could not be found.')
    test[16] Prostate_Patient_21: RelErr=0.2503  (3.2s)
(CVXPY) Jul 17 09:02:11 PM: Encountered unexpected exception importing solver DIFFCP:
ImportError('DLL load failed while importing _diffcp: The specified module could not be found.')
    test[17] Prostate_Patient_122: RelErr=0.2520  (5.1s)
(CVXPY) Jul 17 09:02:16 PM: Encountered unexpected exception importing solver DIFFCP:
ImportError('DLL load failed while importing _diffcp: The specified module could not be found.')
    test[18] Prostate_Patient_109: RelErr=0.3187  (1.5s)
(CVXPY) Jul 17 09:02:18 PM: Encountered unexpected exception importing solver DIFFCP:
ImportError('DLL load failed while importing _diffcp: The specified module could not be found.')
    test[19] Prostate_Patient_90: RelErr=0.3528  (1.0s)
    Mean RelErr = 0.3177  (20/20 valid, 46.2s total)

  -- N=10, rho=2, method=kkt --
    Training: 10 patients
(CVXPY) Jul 17 09:02:19 PM: Encountered unexpected exception importing solver DIFFCP:
ImportError('DLL load failed while importing _diffcp: The specified module could not be found.')
  patients used=10  comp-slack resid=5.5923e+00
  alpha_hat (sign-constrained): [0.3175 0.3174 0.1587 0.0793 0.0794 0.0476]
  true alpha/sum (per function):[0.3175 0.3175 0.1587 0.0794 0.0794 0.0476]
  cond(M)=1.06e+08  per-patient leverage shares (N entries)=[0.    0.079 0.104 0.07  0.133 0.13  0.08  0.09  0.069 0.245]
  unidentified direction (|smallest eigvec|, per function): [0.646 0.646 0.323 0.161 0.161 0.097]
    alpha_hat = [0.3175 0.3174 0.1587 0.0793 0.0794 0.0476]
    True alpha (per function) = [20. 20. 10.  5.  5.  3.]
(CVXPY) Jul 17 09:02:28 PM: Encountered unexpected exception importing solver DIFFCP:
ImportError('DLL load failed while importing _diffcp: The specified module could not be found.')
    test[ 0] Prostate_Patient_41: RelErr=0.0002  (4.7s)
(CVXPY) Jul 17 09:02:33 PM: Encountered unexpected exception importing solver DIFFCP:
ImportError('DLL load failed while importing _diffcp: The specified module could not be found.')
    test[ 1] Prostate_Patient_32: RelErr=0.0003  (2.5s)
(CVXPY) Jul 17 09:02:35 PM: Encountered unexpected exception importing solver DIFFCP:
ImportError('DLL load failed while importing _diffcp: The specified module could not be found.')
    test[ 2] Prostate_Patient_60: RelErr=0.0002  (2.5s)
(CVXPY) Jul 17 09:02:38 PM: Encountered unexpected exception importing solver DIFFCP:
ImportError('DLL load failed while importing _diffcp: The specified module could not be found.')
    test[ 3] Prostate_Patient_72: RelErr=0.0006  (1.9s)
(CVXPY) Jul 17 09:02:40 PM: Encountered unexpected exception importing solver DIFFCP:
ImportError('DLL load failed while importing _diffcp: The specified module could not be found.')
    test[ 4] Prostate_Patient_95: RelErr=0.0006  (2.5s)
(CVXPY) Jul 17 09:02:42 PM: Encountered unexpected exception importing solver DIFFCP:
ImportError('DLL load failed while importing _diffcp: The specified module could not be found.')
    test[ 5] Prostate_Patient_123: RelErr=0.0005  (3.3s)
(CVXPY) Jul 17 09:02:45 PM: Encountered unexpected exception importing solver DIFFCP:
ImportError('DLL load failed while importing _diffcp: The specified module could not be found.')
    test[ 6] Prostate_Patient_53: RelErr=0.0005  (3.8s)
(CVXPY) Jul 17 09:02:49 PM: Encountered unexpected exception importing solver DIFFCP:
ImportError('DLL load failed while importing _diffcp: The specified module could not be found.')
    test[ 7] Prostate_Patient_55: RelErr=0.0003  (1.8s)
(CVXPY) Jul 17 09:02:51 PM: Encountered unexpected exception importing solver DIFFCP:
ImportError('DLL load failed while importing _diffcp: The specified module could not be found.')
    test[ 8] Prostate_Patient_36: RelErr=0.0007  (2.0s)
(CVXPY) Jul 17 09:02:53 PM: Encountered unexpected exception importing solver DIFFCP:
ImportError('DLL load failed while importing _diffcp: The specified module could not be found.')
    test[ 9] Prostate_Patient_54: RelErr=0.0004  (2.2s)
(CVXPY) Jul 17 09:02:55 PM: Encountered unexpected exception importing solver DIFFCP:
ImportError('DLL load failed while importing _diffcp: The specified module could not be found.')
    test[10] Prostate_Patient_42: RelErr=0.0003  (2.5s)
(CVXPY) Jul 17 09:02:58 PM: Encountered unexpected exception importing solver DIFFCP:
ImportError('DLL load failed while importing _diffcp: The specified module could not be found.')
    test[11] Prostate_Patient_51: RelErr=0.0004  (2.6s)
(CVXPY) Jul 17 09:03:00 PM: Encountered unexpected exception importing solver DIFFCP:
ImportError('DLL load failed while importing _diffcp: The specified module could not be found.')
    test[12] Prostate_Patient_97: RelErr=0.0004  (2.0s)
(CVXPY) Jul 17 09:03:02 PM: Encountered unexpected exception importing solver DIFFCP:
ImportError('DLL load failed while importing _diffcp: The specified module could not be found.')
    test[13] Prostate_Patient_12: RelErr=0.0002  (7.1s)
(CVXPY) Jul 17 09:03:09 PM: Encountered unexpected exception importing solver DIFFCP:
ImportError('DLL load failed while importing _diffcp: The specified module could not be found.')
    test[14] Prostate_Patient_46: RelErr=0.0003  (2.3s)
(CVXPY) Jul 17 09:03:12 PM: Encountered unexpected exception importing solver DIFFCP:
ImportError('DLL load failed while importing _diffcp: The specified module could not be found.')
    test[15] Prostate_Patient_4: RelErr=0.0002  (3.5s)
(CVXPY) Jul 17 09:03:15 PM: Encountered unexpected exception importing solver DIFFCP:
ImportError('DLL load failed while importing _diffcp: The specified module could not be found.')
    test[16] Prostate_Patient_21: RelErr=0.0003  (6.6s)
(CVXPY) Jul 17 09:03:22 PM: Encountered unexpected exception importing solver DIFFCP:
ImportError('DLL load failed while importing _diffcp: The specified module could not be found.')
    test[17] Prostate_Patient_122: RelErr=0.0001  (15.0s)
(CVXPY) Jul 17 09:03:37 PM: Encountered unexpected exception importing solver DIFFCP:
ImportError('DLL load failed while importing _diffcp: The specified module could not be found.')
    test[18] Prostate_Patient_109: RelErr=0.0004  (3.2s)
(CVXPY) Jul 17 09:03:40 PM: Encountered unexpected exception importing solver DIFFCP:
ImportError('DLL load failed while importing _diffcp: The specified module could not be found.')
    test[19] Prostate_Patient_90: RelErr=0.0004  (1.9s)
    Mean RelErr = 0.0004  (20/20 valid, 83.0s total)

  -- N=10, rho=3, method=kkt --
    Training: 10 patients
(CVXPY) Jul 17 09:03:42 PM: Encountered unexpected exception importing solver DIFFCP:
ImportError('DLL load failed while importing _diffcp: The specified module could not be found.')
  patients used=10  comp-slack resid=2.9808e+10
  alpha_hat (sign-constrained): [0.2771 0.5086 0.1459 0.034  0.0344 0.    ]
  true alpha/sum (per function):[0.3175 0.3175 0.1587 0.0794 0.0794 0.0476]
  cond(M)=3.85e+02  per-patient leverage shares (N entries)=[0.    0.1   0.094 0.056 0.085 0.091 0.089 0.062 0.095 0.329]
  unidentified direction (|smallest eigvec|, per function): [0.184 0.969 0.145 0.07  0.037 0.001]
    alpha_hat = [0.2771 0.5086 0.1459 0.034  0.0344 0.    ]
    True alpha (per function) = [20. 20. 10.  5.  5.  3.]
(CVXPY) Jul 17 09:03:56 PM: Encountered unexpected exception importing solver DIFFCP:
ImportError('DLL load failed while importing _diffcp: The specified module could not be found.')
    test[ 0] Prostate_Patient_41: RelErr=0.0885  (5.8s)
(CVXPY) Jul 17 09:04:02 PM: Encountered unexpected exception importing solver DIFFCP:
ImportError('DLL load failed while importing _diffcp: The specified module could not be found.')
    test[ 1] Prostate_Patient_32: RelErr=0.1110  (2.8s)
(CVXPY) Jul 17 09:04:04 PM: Encountered unexpected exception importing solver DIFFCP:
ImportError('DLL load failed while importing _diffcp: The specified module could not be found.')
    test[ 2] Prostate_Patient_60: RelErr=0.1296  (2.0s)
(CVXPY) Jul 17 09:04:06 PM: Encountered unexpected exception importing solver DIFFCP:
ImportError('DLL load failed while importing _diffcp: The specified module could not be found.')
    test[ 3] Prostate_Patient_72: RelErr=0.1421  (1.9s)
(CVXPY) Jul 17 09:04:08 PM: Encountered unexpected exception importing solver DIFFCP:
ImportError('DLL load failed while importing _diffcp: The specified module could not be found.')
    test[ 4] Prostate_Patient_95: RelErr=0.1325  (3.1s)
(CVXPY) Jul 17 09:04:11 PM: Encountered unexpected exception importing solver DIFFCP:
ImportError('DLL load failed while importing _diffcp: The specified module could not be found.')
    test[ 5] Prostate_Patient_123: RelErr=0.1044  (3.6s)
(CVXPY) Jul 17 09:04:15 PM: Encountered unexpected exception importing solver DIFFCP:
ImportError('DLL load failed while importing _diffcp: The specified module could not be found.')
    test[ 6] Prostate_Patient_53: RelErr=0.0958  (4.2s)
(CVXPY) Jul 17 09:04:19 PM: Encountered unexpected exception importing solver DIFFCP:
ImportError('DLL load failed while importing _diffcp: The specified module could not be found.')
    test[ 7] Prostate_Patient_55: RelErr=0.1626  (1.9s)
(CVXPY) Jul 17 09:04:21 PM: Encountered unexpected exception importing solver DIFFCP:
ImportError('DLL load failed while importing _diffcp: The specified module could not be found.')
    test[ 8] Prostate_Patient_36: RelErr=0.1344  (1.9s)
(CVXPY) Jul 17 09:04:23 PM: Encountered unexpected exception importing solver DIFFCP:
ImportError('DLL load failed while importing _diffcp: The specified module could not be found.')
    test[ 9] Prostate_Patient_54: RelErr=0.1151  (2.5s)
(CVXPY) Jul 17 09:04:26 PM: Encountered unexpected exception importing solver DIFFCP:
ImportError('DLL load failed while importing _diffcp: The specified module could not be found.')
    test[10] Prostate_Patient_42: RelErr=0.1714  (2.5s)
(CVXPY) Jul 17 09:04:28 PM: Encountered unexpected exception importing solver DIFFCP:
ImportError('DLL load failed while importing _diffcp: The specified module could not be found.')
    test[11] Prostate_Patient_51: RelErr=0.0952  (4.2s)
(CVXPY) Jul 17 09:04:32 PM: Encountered unexpected exception importing solver DIFFCP:
ImportError('DLL load failed while importing _diffcp: The specified module could not be found.')
    test[12] Prostate_Patient_97: RelErr=0.1034  (2.1s)
(CVXPY) Jul 17 09:04:34 PM: Encountered unexpected exception importing solver DIFFCP:
ImportError('DLL load failed while importing _diffcp: The specified module could not be found.')
    test[13] Prostate_Patient_12: RelErr=0.0883  (9.4s)
(CVXPY) Jul 17 09:04:44 PM: Encountered unexpected exception importing solver DIFFCP:
ImportError('DLL load failed while importing _diffcp: The specified module could not be found.')
    test[14] Prostate_Patient_46: RelErr=0.1077  (3.6s)
(CVXPY) Jul 17 09:04:47 PM: Encountered unexpected exception importing solver DIFFCP:
ImportError('DLL load failed while importing _diffcp: The specified module could not be found.')
    test[15] Prostate_Patient_4: RelErr=0.1087  (5.7s)
(CVXPY) Jul 17 09:04:53 PM: Encountered unexpected exception importing solver DIFFCP:
ImportError('DLL load failed while importing _diffcp: The specified module could not be found.')
    test[16] Prostate_Patient_21: RelErr=0.0991  (7.2s)
(CVXPY) Jul 17 09:05:00 PM: Encountered unexpected exception importing solver DIFFCP:
ImportError('DLL load failed while importing _diffcp: The specified module could not be found.')
    test[17] Prostate_Patient_122: RelErr=0.1178  (12.0s)
(CVXPY) Jul 17 09:05:12 PM: Encountered unexpected exception importing solver DIFFCP:
ImportError('DLL load failed while importing _diffcp: The specified module could not be found.')
    test[18] Prostate_Patient_109: RelErr=0.1399  (3.7s)
(CVXPY) Jul 17 09:05:16 PM: Encountered unexpected exception importing solver DIFFCP:
ImportError('DLL load failed while importing _diffcp: The specified module could not be found.')
    test[19] Prostate_Patient_90: RelErr=0.1416  (1.8s)
    Mean RelErr = 0.1195  (20/20 valid, 96.0s total)
Saved CSV: results/parametric_comparison\parametric_mape_nested_dose_kkt.csv
Saved figure: results/parametric_comparison\parametric_mape_figure_dose_kkt.pdf

===== SUMMARY =====
   N         rho=1         rho=2         rho=3
   3         0.315%       0.000%       0.116%
   4         0.314%       0.000%       0.116%
   5         0.313%       0.000%       0.114%
   6         0.313%       0.000%       0.117%
   7         0.316%       0.001%       0.120%
   8         0.316%       0.000%       0.118%
   9         0.316%       0.000%       0.118%
  10         0.318%       0.000%       0.119%
DOSE DONE Fri Jul 17 21:05:19 EDT 2026
(CVXPY) Jul 17 09:05:20 PM: Encountered unexpected exception importing solver DIFFCP:
ImportError('DLL load failed while importing _diffcp: The specified module could not be found.')
Test set: 20 patients
Using canonical test set: 20 patients

  -- N=3, rho=1, method=kkt --
    Training: 3 patients
(CVXPY) Jul 17 09:05:20 PM: Encountered unexpected exception importing solver DIFFCP:
ImportError('DLL load failed while importing _diffcp: The specified module could not be found.')
  patients used=3  comp-slack resid=3.1605e+03
  alpha_hat (sign-constrained): [0.2123 0.232  0.0719 0.3806 0.0346 0.0685]
  true alpha/sum (per function):[0.3175 0.3175 0.1587 0.0794 0.0794 0.0476]
  cond(M)=6.85e+01  per-patient leverage shares (N entries)=[0.014 0.343 0.643]
  unidentified direction (|smallest eigvec|, per function): [0.221 0.15  0.047 0.955 0.097 0.079]
    alpha_hat = [0.2123 0.232  0.0719 0.3806 0.0346 0.0685]
    True alpha (per function) = [20. 20. 10.  5.  5.  3.]
(CVXPY) Jul 17 09:05:23 PM: Encountered unexpected exception importing solver DIFFCP:
ImportError('DLL load failed while importing _diffcp: The specified module could not be found.')
    test[ 0] Prostate_Patient_41: RelErr=1.0391  (2.9s)
(CVXPY) Jul 17 09:05:26 PM: Encountered unexpected exception importing solver DIFFCP:
ImportError('DLL load failed while importing _diffcp: The specified module could not be found.')
    test[ 1] Prostate_Patient_32: RelErr=1.1003  (1.6s)
(CVXPY) Jul 17 09:05:27 PM: Encountered unexpected exception importing solver DIFFCP:
ImportError('DLL load failed while importing _diffcp: The specified module could not be found.')
    test[ 2] Prostate_Patient_60: RelErr=1.1662  (1.2s)
(CVXPY) Jul 17 09:05:29 PM: Encountered unexpected exception importing solver DIFFCP:
ImportError('DLL load failed while importing _diffcp: The specified module could not be found.')
    test[ 3] Prostate_Patient_72: RelErr=1.2218  (0.9s)
(CVXPY) Jul 17 09:05:30 PM: Encountered unexpected exception importing solver DIFFCP:
ImportError('DLL load failed while importing _diffcp: The specified module could not be found.')
    test[ 4] Prostate_Patient_95: RelErr=0.9698  (1.3s)
(CVXPY) Jul 17 09:05:31 PM: Encountered unexpected exception importing solver DIFFCP:
ImportError('DLL load failed while importing _diffcp: The specified module could not be found.')
    test[ 5] Prostate_Patient_123: RelErr=1.0577  (2.1s)
(CVXPY) Jul 17 09:05:33 PM: Encountered unexpected exception importing solver DIFFCP:
ImportError('DLL load failed while importing _diffcp: The specified module could not be found.')
    test[ 6] Prostate_Patient_53: RelErr=1.0505  (2.2s)
(CVXPY) Jul 17 09:05:35 PM: Encountered unexpected exception importing solver DIFFCP:
ImportError('DLL load failed while importing _diffcp: The specified module could not be found.')
    test[ 7] Prostate_Patient_55: RelErr=0.9941  (1.3s)
(CVXPY) Jul 17 09:05:36 PM: Encountered unexpected exception importing solver DIFFCP:
ImportError('DLL load failed while importing _diffcp: The specified module could not be found.')
    test[ 8] Prostate_Patient_36: RelErr=1.0844  (1.0s)
(CVXPY) Jul 17 09:05:37 PM: Encountered unexpected exception importing solver DIFFCP:
ImportError('DLL load failed while importing _diffcp: The specified module could not be found.')
    test[ 9] Prostate_Patient_54: RelErr=1.0327  (1.1s)
(CVXPY) Jul 17 09:05:38 PM: Encountered unexpected exception importing solver DIFFCP:
ImportError('DLL load failed while importing _diffcp: The specified module could not be found.')
    test[10] Prostate_Patient_42: RelErr=1.0726  (1.4s)
(CVXPY) Jul 17 09:05:40 PM: Encountered unexpected exception importing solver DIFFCP:
ImportError('DLL load failed while importing _diffcp: The specified module could not be found.')
    test[11] Prostate_Patient_51: RelErr=1.1217  (1.6s)
(CVXPY) Jul 17 09:05:42 PM: Encountered unexpected exception importing solver DIFFCP:
ImportError('DLL load failed while importing _diffcp: The specified module could not be found.')
    test[12] Prostate_Patient_97: RelErr=1.2120  (0.9s)
(CVXPY) Jul 17 09:05:42 PM: Encountered unexpected exception importing solver DIFFCP:
ImportError('DLL load failed while importing _diffcp: The specified module could not be found.')
    test[13] Prostate_Patient_12: RelErr=1.0175  (4.1s)
(CVXPY) Jul 17 09:05:46 PM: Encountered unexpected exception importing solver DIFFCP:
ImportError('DLL load failed while importing _diffcp: The specified module could not be found.')
    test[14] Prostate_Patient_46: RelErr=1.0409  (1.5s)
(CVXPY) Jul 17 09:05:48 PM: Encountered unexpected exception importing solver DIFFCP:
ImportError('DLL load failed while importing _diffcp: The specified module could not be found.')
    test[15] Prostate_Patient_4: RelErr=0.9292  (2.4s)
(CVXPY) Jul 17 09:05:50 PM: Encountered unexpected exception importing solver DIFFCP:
ImportError('DLL load failed while importing _diffcp: The specified module could not be found.')
    test[16] Prostate_Patient_21: RelErr=0.9879  (3.2s)
(CVXPY) Jul 17 09:05:54 PM: Encountered unexpected exception importing solver DIFFCP:
ImportError('DLL load failed while importing _diffcp: The specified module could not be found.')
    test[17] Prostate_Patient_122: RelErr=1.0742  (5.2s)
(CVXPY) Jul 17 09:05:59 PM: Encountered unexpected exception importing solver DIFFCP:
ImportError('DLL load failed while importing _diffcp: The specified module could not be found.')
    test[18] Prostate_Patient_109: RelErr=1.0649  (1.4s)
(CVXPY) Jul 17 09:06:00 PM: Encountered unexpected exception importing solver DIFFCP:
ImportError('DLL load failed while importing _diffcp: The specified module could not be found.')
    test[19] Prostate_Patient_90: RelErr=1.0400  (1.1s)
    Mean RelErr = 1.0639  (20/20 valid, 41.1s total)

  -- N=3, rho=2, method=kkt --
    Training: 3 patients
(CVXPY) Jul 17 09:06:01 PM: Encountered unexpected exception importing solver DIFFCP:
ImportError('DLL load failed while importing _diffcp: The specified module could not be found.')
  patients used=3  comp-slack resid=1.2814e+00
  alpha_hat (sign-constrained): [0.3175 0.3175 0.1587 0.0794 0.0794 0.0476]
  true alpha/sum (per function):[0.3175 0.3175 0.1587 0.0794 0.0794 0.0476]
  cond(M)=4.64e+07  per-patient leverage shares (N entries)=[0.    0.431 0.569]
  unidentified direction (|smallest eigvec|, per function): [0.646 0.646 0.323 0.161 0.161 0.097]
    alpha_hat = [0.3175 0.3175 0.1587 0.0794 0.0794 0.0476]
    True alpha (per function) = [20. 20. 10.  5.  5.  3.]
(CVXPY) Jul 17 09:06:05 PM: Encountered unexpected exception importing solver DIFFCP:
ImportError('DLL load failed while importing _diffcp: The specified module could not be found.')
    test[ 0] Prostate_Patient_41: RelErr=0.0069  (4.9s)
(CVXPY) Jul 17 09:06:09 PM: Encountered unexpected exception importing solver DIFFCP:
ImportError('DLL load failed while importing _diffcp: The specified module could not be found.')
    test[ 1] Prostate_Patient_32: RelErr=0.0062  (2.5s)
(CVXPY) Jul 17 09:06:12 PM: Encountered unexpected exception importing solver DIFFCP:
ImportError('DLL load failed while importing _diffcp: The specified module could not be found.')
    test[ 2] Prostate_Patient_60: RelErr=0.0064  (2.5s)
(CVXPY) Jul 17 09:06:15 PM: Encountered unexpected exception importing solver DIFFCP:
ImportError('DLL load failed while importing _diffcp: The specified module could not be found.')
    test[ 3] Prostate_Patient_72: RelErr=0.0171  (2.0s)
(CVXPY) Jul 17 09:06:16 PM: Encountered unexpected exception importing solver DIFFCP:
ImportError('DLL load failed while importing _diffcp: The specified module could not be found.')
    test[ 4] Prostate_Patient_95: RelErr=0.0129  (2.4s)
(CVXPY) Jul 17 09:06:19 PM: Encountered unexpected exception importing solver DIFFCP:
ImportError('DLL load failed while importing _diffcp: The specified module could not be found.')
    test[ 5] Prostate_Patient_123: RelErr=0.0061  (3.3s)
(CVXPY) Jul 17 09:06:22 PM: Encountered unexpected exception importing solver DIFFCP:
ImportError('DLL load failed while importing _diffcp: The specified module could not be found.')
    test[ 6] Prostate_Patient_53: RelErr=0.0044  (3.9s)
(CVXPY) Jul 17 09:06:26 PM: Encountered unexpected exception importing solver DIFFCP:
ImportError('DLL load failed while importing _diffcp: The specified module could not be found.')
    test[ 7] Prostate_Patient_55: RelErr=0.0055  (1.8s)
(CVXPY) Jul 17 09:06:28 PM: Encountered unexpected exception importing solver DIFFCP:
ImportError('DLL load failed while importing _diffcp: The specified module could not be found.')
    test[ 8] Prostate_Patient_36: RelErr=0.0043  (2.1s)
(CVXPY) Jul 17 09:06:30 PM: Encountered unexpected exception importing solver DIFFCP:
ImportError('DLL load failed while importing _diffcp: The specified module could not be found.')
    test[ 9] Prostate_Patient_54: RelErr=0.0079  (2.2s)
(CVXPY) Jul 17 09:06:32 PM: Encountered unexpected exception importing solver DIFFCP:
ImportError('DLL load failed while importing _diffcp: The specified module could not be found.')
    test[10] Prostate_Patient_42: RelErr=0.0076  (2.4s)
(CVXPY) Jul 17 09:06:35 PM: Encountered unexpected exception importing solver DIFFCP:
ImportError('DLL load failed while importing _diffcp: The specified module could not be found.')
    test[11] Prostate_Patient_51: RelErr=0.0051  (2.7s)
(CVXPY) Jul 17 09:06:37 PM: Encountered unexpected exception importing solver DIFFCP:
ImportError('DLL load failed while importing _diffcp: The specified module could not be found.')
    test[12] Prostate_Patient_97: RelErr=0.0105  (2.0s)
(CVXPY) Jul 17 09:06:39 PM: Encountered unexpected exception importing solver DIFFCP:
ImportError('DLL load failed while importing _diffcp: The specified module could not be found.')
    test[13] Prostate_Patient_12: RelErr=0.0181  (7.5s)
(CVXPY) Jul 17 09:06:47 PM: Encountered unexpected exception importing solver DIFFCP:
ImportError('DLL load failed while importing _diffcp: The specified module could not be found.')
    test[14] Prostate_Patient_46: RelErr=0.0045  (2.3s)
(CVXPY) Jul 17 09:06:49 PM: Encountered unexpected exception importing solver DIFFCP:
ImportError('DLL load failed while importing _diffcp: The specified module could not be found.')
    test[15] Prostate_Patient_4: RelErr=0.0086  (3.6s)
(CVXPY) Jul 17 09:06:53 PM: Encountered unexpected exception importing solver DIFFCP:
ImportError('DLL load failed while importing _diffcp: The specified module could not be found.')
    test[16] Prostate_Patient_21: RelErr=0.0055  (7.4s)
(CVXPY) Jul 17 09:07:00 PM: Encountered unexpected exception importing solver DIFFCP:
ImportError('DLL load failed while importing _diffcp: The specified module could not be found.')
    test[17] Prostate_Patient_122: RelErr=0.0019  (15.1s)
(CVXPY) Jul 17 09:07:15 PM: Encountered unexpected exception importing solver DIFFCP:
ImportError('DLL load failed while importing _diffcp: The specified module could not be found.')
    test[18] Prostate_Patient_109: RelErr=0.0021  (3.3s)
(CVXPY) Jul 17 09:07:18 PM: Encountered unexpected exception importing solver DIFFCP:
ImportError('DLL load failed while importing _diffcp: The specified module could not be found.')
    test[19] Prostate_Patient_90: RelErr=0.0050  (2.0s)
    Mean RelErr = 0.0073  (20/20 valid, 79.1s total)

  -- N=3, rho=3, method=kkt --
    Training: 3 patients
(CVXPY) Jul 17 09:07:20 PM: Encountered unexpected exception importing solver DIFFCP:
ImportError('DLL load failed while importing _diffcp: The specified module could not be found.')
  patients used=3  comp-slack resid=5.9647e+09
  alpha_hat (sign-constrained): [0.2163 0.4729 0.2364 0.0293 0.0452 0.    ]
  true alpha/sum (per function):[0.3175 0.3175 0.1587 0.0794 0.0794 0.0476]
  cond(M)=4.23e+02  per-patient leverage shares (N entries)=[0.    0.515 0.485]
  unidentified direction (|smallest eigvec|, per function): [0.47  0.788 0.39  0.012 0.071 0.003]
    alpha_hat = [0.2163 0.4729 0.2364 0.0293 0.0452 0.    ]
    True alpha (per function) = [20. 20. 10.  5.  5.  3.]
(CVXPY) Jul 17 09:07:23 PM: Encountered unexpected exception importing solver DIFFCP:
ImportError('DLL load failed while importing _diffcp: The specified module could not be found.')
    test[ 0] Prostate_Patient_41: RelErr=0.5602  (6.5s)
(CVXPY) Jul 17 09:07:30 PM: Encountered unexpected exception importing solver DIFFCP:
ImportError('DLL load failed while importing _diffcp: The specified module could not be found.')
    test[ 1] Prostate_Patient_32: RelErr=0.5827  (2.8s)
(CVXPY) Jul 17 09:07:32 PM: Encountered unexpected exception importing solver DIFFCP:
ImportError('DLL load failed while importing _diffcp: The specified module could not be found.')
    test[ 2] Prostate_Patient_60: RelErr=0.6112  (2.2s)
(CVXPY) Jul 17 09:07:35 PM: Encountered unexpected exception importing solver DIFFCP:
ImportError('DLL load failed while importing _diffcp: The specified module could not be found.')
    test[ 3] Prostate_Patient_72: RelErr=0.5979  (2.1s)
(CVXPY) Jul 17 09:07:37 PM: Encountered unexpected exception importing solver DIFFCP:
ImportError('DLL load failed while importing _diffcp: The specified module could not be found.')
    test[ 4] Prostate_Patient_95: RelErr=0.6316  (3.3s)
(CVXPY) Jul 17 09:07:40 PM: Encountered unexpected exception importing solver DIFFCP:
ImportError('DLL load failed while importing _diffcp: The specified module could not be found.')
    test[ 5] Prostate_Patient_123: RelErr=0.6329  (3.7s)
(CVXPY) Jul 17 09:07:44 PM: Encountered unexpected exception importing solver DIFFCP:
ImportError('DLL load failed while importing _diffcp: The specified module could not be found.')
    test[ 6] Prostate_Patient_53: RelErr=0.5808  (4.1s)
(CVXPY) Jul 17 09:07:48 PM: Encountered unexpected exception importing solver DIFFCP:
ImportError('DLL load failed while importing _diffcp: The specified module could not be found.')
    test[ 7] Prostate_Patient_55: RelErr=0.7289  (2.7s)
(CVXPY) Jul 17 09:07:51 PM: Encountered unexpected exception importing solver DIFFCP:
ImportError('DLL load failed while importing _diffcp: The specified module could not be found.')
    test[ 8] Prostate_Patient_36: RelErr=0.7429  (3.0s)
(CVXPY) Jul 17 09:07:54 PM: Encountered unexpected exception importing solver DIFFCP:
ImportError('DLL load failed while importing _diffcp: The specified module could not be found.')
    test[ 9] Prostate_Patient_54: RelErr=0.6572  (2.0s)
(CVXPY) Jul 17 09:07:56 PM: Encountered unexpected exception importing solver DIFFCP:
ImportError('DLL load failed while importing _diffcp: The specified module could not be found.')
    test[10] Prostate_Patient_42: RelErr=0.7566  (3.5s)
(CVXPY) Jul 17 09:07:59 PM: Encountered unexpected exception importing solver DIFFCP:
ImportError('DLL load failed while importing _diffcp: The specified module could not be found.')
    test[11] Prostate_Patient_51: RelErr=0.5370  (5.1s)
(CVXPY) Jul 17 09:08:04 PM: Encountered unexpected exception importing solver DIFFCP:
ImportError('DLL load failed while importing _diffcp: The specified module could not be found.')
    test[12] Prostate_Patient_97: RelErr=0.6615  (3.5s)
(CVXPY) Jul 17 09:08:08 PM: Encountered unexpected exception importing solver DIFFCP:
ImportError('DLL load failed while importing _diffcp: The specified module could not be found.')
    test[13] Prostate_Patient_12: RelErr=0.5534  (9.3s)
(CVXPY) Jul 17 09:08:17 PM: Encountered unexpected exception importing solver DIFFCP:
ImportError('DLL load failed while importing _diffcp: The specified module could not be found.')
    test[14] Prostate_Patient_46: RelErr=0.5813  (2.7s)
(CVXPY) Jul 17 09:08:20 PM: Encountered unexpected exception importing solver DIFFCP:
ImportError('DLL load failed while importing _diffcp: The specified module could not be found.')
    test[15] Prostate_Patient_4: RelErr=0.6340  (4.3s)
(CVXPY) Jul 17 09:08:24 PM: Encountered unexpected exception importing solver DIFFCP:
ImportError('DLL load failed while importing _diffcp: The specified module could not be found.')
    test[16] Prostate_Patient_21: RelErr=0.5922  (7.0s)
(CVXPY) Jul 17 09:08:31 PM: Encountered unexpected exception importing solver DIFFCP:
ImportError('DLL load failed while importing _diffcp: The specified module could not be found.')
    test[17] Prostate_Patient_122: RelErr=0.6929  (12.0s)
(CVXPY) Jul 17 09:08:43 PM: Encountered unexpected exception importing solver DIFFCP:
ImportError('DLL load failed while importing _diffcp: The specified module could not be found.')
    test[18] Prostate_Patient_109: RelErr=0.6270  (3.7s)
(CVXPY) Jul 17 09:08:46 PM: Encountered unexpected exception importing solver DIFFCP:
ImportError('DLL load failed while importing _diffcp: The specified module could not be found.')
    test[19] Prostate_Patient_90: RelErr=0.5682  (2.2s)
    Mean RelErr = 0.6265  (20/20 valid, 88.3s total)

  -- N=4, rho=1, method=kkt --
    Training: 4 patients
(CVXPY) Jul 17 09:08:49 PM: Encountered unexpected exception importing solver DIFFCP:
ImportError('DLL load failed while importing _diffcp: The specified module could not be found.')
  patients used=4  comp-slack resid=3.9127e+03
  alpha_hat (sign-constrained): [0.2262 0.2014 0.0649 0.4061 0.0295 0.072 ]
  true alpha/sum (per function):[0.3175 0.3175 0.1587 0.0794 0.0794 0.0476]
  cond(M)=9.31e+01  per-patient leverage shares (N entries)=[0.009 0.225 0.422 0.344]
  unidentified direction (|smallest eigvec|, per function): [0.207 0.084 0.032 0.967 0.097 0.075]
    alpha_hat = [0.2262 0.2014 0.0649 0.4061 0.0295 0.072 ]
    True alpha (per function) = [20. 20. 10.  5.  5.  3.]
(CVXPY) Jul 17 09:08:52 PM: Encountered unexpected exception importing solver DIFFCP:
ImportError('DLL load failed while importing _diffcp: The specified module could not be found.')
    test[ 0] Prostate_Patient_41: RelErr=1.0244  (2.9s)
(CVXPY) Jul 17 09:08:55 PM: Encountered unexpected exception importing solver DIFFCP:
ImportError('DLL load failed while importing _diffcp: The specified module could not be found.')
    test[ 1] Prostate_Patient_32: RelErr=1.0976  (1.5s)
(CVXPY) Jul 17 09:08:57 PM: Encountered unexpected exception importing solver DIFFCP:
ImportError('DLL load failed while importing _diffcp: The specified module could not be found.')
    test[ 2] Prostate_Patient_60: RelErr=1.1679  (1.1s)
(CVXPY) Jul 17 09:08:58 PM: Encountered unexpected exception importing solver DIFFCP:
ImportError('DLL load failed while importing _diffcp: The specified module could not be found.')
    test[ 3] Prostate_Patient_72: RelErr=1.1200  (0.8s)
(CVXPY) Jul 17 09:08:59 PM: Encountered unexpected exception importing solver DIFFCP:
ImportError('DLL load failed while importing _diffcp: The specified module could not be found.')
    test[ 4] Prostate_Patient_95: RelErr=0.9927  (1.3s)
(CVXPY) Jul 17 09:09:00 PM: Encountered unexpected exception importing solver DIFFCP:
ImportError('DLL load failed while importing _diffcp: The specified module could not be found.')
    test[ 5] Prostate_Patient_123: RelErr=1.0747  (2.0s)
(CVXPY) Jul 17 09:09:02 PM: Encountered unexpected exception importing solver DIFFCP:
ImportError('DLL load failed while importing _diffcp: The specified module could not be found.')
    test[ 6] Prostate_Patient_53: RelErr=1.0620  (2.2s)
(CVXPY) Jul 17 09:09:04 PM: Encountered unexpected exception importing solver DIFFCP:
ImportError('DLL load failed while importing _diffcp: The specified module could not be found.')
    test[ 7] Prostate_Patient_55: RelErr=1.0200  (1.3s)
(CVXPY) Jul 17 09:09:05 PM: Encountered unexpected exception importing solver DIFFCP:
ImportError('DLL load failed while importing _diffcp: The specified module could not be found.')
    test[ 8] Prostate_Patient_36: RelErr=1.0848  (1.0s)
(CVXPY) Jul 17 09:09:06 PM: Encountered unexpected exception importing solver DIFFCP:
ImportError('DLL load failed while importing _diffcp: The specified module could not be found.')
    test[ 9] Prostate_Patient_54: RelErr=1.0451  (1.1s)
(CVXPY) Jul 17 09:09:08 PM: Encountered unexpected exception importing solver DIFFCP:
ImportError('DLL load failed while importing _diffcp: The specified module could not be found.')
    test[10] Prostate_Patient_42: RelErr=1.0357  (1.3s)
(CVXPY) Jul 17 09:09:09 PM: Encountered unexpected exception importing solver DIFFCP:
ImportError('DLL load failed while importing _diffcp: The specified module could not be found.')
    test[11] Prostate_Patient_51: RelErr=1.1171  (1.6s)
(CVXPY) Jul 17 09:09:10 PM: Encountered unexpected exception importing solver DIFFCP:
ImportError('DLL load failed while importing _diffcp: The specified module could not be found.')
    test[12] Prostate_Patient_97: RelErr=1.2267  (0.8s)
(CVXPY) Jul 17 09:09:11 PM: Encountered unexpected exception importing solver DIFFCP:
ImportError('DLL load failed while importing _diffcp: The specified module could not be found.')
    test[13] Prostate_Patient_12: RelErr=1.0043  (4.2s)
(CVXPY) Jul 17 09:09:15 PM: Encountered unexpected exception importing solver DIFFCP:
ImportError('DLL load failed while importing _diffcp: The specified module could not be found.')
    test[14] Prostate_Patient_46: RelErr=1.0426  (1.4s)
(CVXPY) Jul 17 09:09:17 PM: Encountered unexpected exception importing solver DIFFCP:
ImportError('DLL load failed while importing _diffcp: The specified module could not be found.')
    test[15] Prostate_Patient_4: RelErr=0.9065  (2.3s)
(CVXPY) Jul 17 09:09:19 PM: Encountered unexpected exception importing solver DIFFCP:
ImportError('DLL load failed while importing _diffcp: The specified module could not be found.')
    test[16] Prostate_Patient_21: RelErr=1.0075  (3.3s)
(CVXPY) Jul 17 09:09:23 PM: Encountered unexpected exception importing solver DIFFCP:
ImportError('DLL load failed while importing _diffcp: The specified module could not be found.')
    test[17] Prostate_Patient_122: RelErr=1.0519  (5.1s)
(CVXPY) Jul 17 09:09:28 PM: Encountered unexpected exception importing solver DIFFCP:
ImportError('DLL load failed while importing _diffcp: The specified module could not be found.')
    test[18] Prostate_Patient_109: RelErr=1.0860  (1.4s)
(CVXPY) Jul 17 09:09:29 PM: Encountered unexpected exception importing solver DIFFCP:
ImportError('DLL load failed while importing _diffcp: The specified module could not be found.')
    test[19] Prostate_Patient_90: RelErr=1.0006  (1.0s)
    Mean RelErr = 1.0584  (20/20 valid, 41.4s total)

  -- N=4, rho=2, method=kkt --
    Training: 4 patients
(CVXPY) Jul 17 09:09:30 PM: Encountered unexpected exception importing solver DIFFCP:
ImportError('DLL load failed while importing _diffcp: The specified module could not be found.')
  patients used=4  comp-slack resid=1.6579e+00
  alpha_hat (sign-constrained): [0.3175 0.3175 0.1587 0.0793 0.0794 0.0476]
  true alpha/sum (per function):[0.3175 0.3175 0.1587 0.0794 0.0794 0.0476]
  cond(M)=5.98e+07  per-patient leverage shares (N entries)=[0.    0.312 0.412 0.276]
  unidentified direction (|smallest eigvec|, per function): [0.646 0.646 0.323 0.161 0.161 0.097]
    alpha_hat = [0.3175 0.3175 0.1587 0.0793 0.0794 0.0476]
    True alpha (per function) = [20. 20. 10.  5.  5.  3.]
(CVXPY) Jul 17 09:09:34 PM: Encountered unexpected exception importing solver DIFFCP:
ImportError('DLL load failed while importing _diffcp: The specified module could not be found.')
    test[ 0] Prostate_Patient_41: RelErr=0.0033  (4.8s)
(CVXPY) Jul 17 09:09:39 PM: Encountered unexpected exception importing solver DIFFCP:
ImportError('DLL load failed while importing _diffcp: The specified module could not be found.')
    test[ 1] Prostate_Patient_32: RelErr=0.0061  (2.6s)
(CVXPY) Jul 17 09:09:42 PM: Encountered unexpected exception importing solver DIFFCP:
ImportError('DLL load failed while importing _diffcp: The specified module could not be found.')
    test[ 2] Prostate_Patient_60: RelErr=0.0073  (2.8s)
(CVXPY) Jul 17 09:09:44 PM: Encountered unexpected exception importing solver DIFFCP:
ImportError('DLL load failed while importing _diffcp: The specified module could not be found.')
    test[ 3] Prostate_Patient_72: RelErr=0.0171  (1.9s)
(CVXPY) Jul 17 09:09:46 PM: Encountered unexpected exception importing solver DIFFCP:
ImportError('DLL load failed while importing _diffcp: The specified module could not be found.')
    test[ 4] Prostate_Patient_95: RelErr=0.0153  (2.5s)
(CVXPY) Jul 17 09:09:49 PM: Encountered unexpected exception importing solver DIFFCP:
ImportError('DLL load failed while importing _diffcp: The specified module could not be found.')
    test[ 5] Prostate_Patient_123: RelErr=0.0072  (3.4s)
(CVXPY) Jul 17 09:09:52 PM: Encountered unexpected exception importing solver DIFFCP:
ImportError('DLL load failed while importing _diffcp: The specified module could not be found.')
    test[ 6] Prostate_Patient_53: RelErr=0.0072  (3.8s)
(CVXPY) Jul 17 09:09:56 PM: Encountered unexpected exception importing solver DIFFCP:
ImportError('DLL load failed while importing _diffcp: The specified module could not be found.')
    test[ 7] Prostate_Patient_55: RelErr=0.0055  (1.8s)
(CVXPY) Jul 17 09:09:58 PM: Encountered unexpected exception importing solver DIFFCP:
ImportError('DLL load failed while importing _diffcp: The specified module could not be found.')
    test[ 8] Prostate_Patient_36: RelErr=0.0043  (1.9s)
(CVXPY) Jul 17 09:10:00 PM: Encountered unexpected exception importing solver DIFFCP:
ImportError('DLL load failed while importing _diffcp: The specified module could not be found.')
    test[ 9] Prostate_Patient_54: RelErr=0.0078  (2.2s)
(CVXPY) Jul 17 09:10:02 PM: Encountered unexpected exception importing solver DIFFCP:
ImportError('DLL load failed while importing _diffcp: The specified module could not be found.')
    test[10] Prostate_Patient_42: RelErr=0.0076  (2.6s)
(CVXPY) Jul 17 09:10:04 PM: Encountered unexpected exception importing solver DIFFCP:
ImportError('DLL load failed while importing _diffcp: The specified module could not be found.')
    test[11] Prostate_Patient_51: RelErr=0.0048  (2.6s)
(CVXPY) Jul 17 09:10:07 PM: Encountered unexpected exception importing solver DIFFCP:
ImportError('DLL load failed while importing _diffcp: The specified module could not be found.')
    test[12] Prostate_Patient_97: RelErr=0.0055  (2.3s)
(CVXPY) Jul 17 09:10:09 PM: Encountered unexpected exception importing solver DIFFCP:
ImportError('DLL load failed while importing _diffcp: The specified module could not be found.')
    test[13] Prostate_Patient_12: RelErr=0.0036  (7.1s)
(CVXPY) Jul 17 09:10:16 PM: Encountered unexpected exception importing solver DIFFCP:
ImportError('DLL load failed while importing _diffcp: The specified module could not be found.')
    test[14] Prostate_Patient_46: RelErr=0.0045  (2.4s)
(CVXPY) Jul 17 09:10:19 PM: Encountered unexpected exception importing solver DIFFCP:
ImportError('DLL load failed while importing _diffcp: The specified module could not be found.')
    test[15] Prostate_Patient_4: RelErr=0.0033  (3.6s)
(CVXPY) Jul 17 09:10:22 PM: Encountered unexpected exception importing solver DIFFCP:
ImportError('DLL load failed while importing _diffcp: The specified module could not be found.')
    test[16] Prostate_Patient_21: RelErr=0.0074  (6.4s)
(CVXPY) Jul 17 09:10:29 PM: Encountered unexpected exception importing solver DIFFCP:
ImportError('DLL load failed while importing _diffcp: The specified module could not be found.')
    test[17] Prostate_Patient_122: RelErr=0.0014  (15.0s)
(CVXPY) Jul 17 09:10:44 PM: Encountered unexpected exception importing solver DIFFCP:
ImportError('DLL load failed while importing _diffcp: The specified module could not be found.')
    test[18] Prostate_Patient_109: RelErr=0.0020  (3.3s)
(CVXPY) Jul 17 09:10:47 PM: Encountered unexpected exception importing solver DIFFCP:
ImportError('DLL load failed while importing _diffcp: The specified module could not be found.')
    test[19] Prostate_Patient_90: RelErr=0.0073  (2.0s)
    Mean RelErr = 0.0064  (20/20 valid, 79.2s total)

  -- N=4, rho=3, method=kkt --
    Training: 4 patients
(CVXPY) Jul 17 09:10:49 PM: Encountered unexpected exception importing solver DIFFCP:
ImportError('DLL load failed while importing _diffcp: The specified module could not be found.')
  patients used=4  comp-slack resid=6.4002e+09
  alpha_hat (sign-constrained): [0.2118 0.4818 0.2318 0.0297 0.0449 0.    ]
  true alpha/sum (per function):[0.3175 0.3175 0.1587 0.0794 0.0794 0.0476]
  cond(M)=4.23e+02  per-patient leverage shares (N entries)=[0.    0.4   0.377 0.223]
  unidentified direction (|smallest eigvec|, per function): [0.37  0.849 0.368 0.052 0.068 0.   ]
    alpha_hat = [0.2118 0.4818 0.2318 0.0297 0.0449 0.    ]
    True alpha (per function) = [20. 20. 10.  5.  5.  3.]
(CVXPY) Jul 17 09:10:53 PM: Encountered unexpected exception importing solver DIFFCP:
ImportError('DLL load failed while importing _diffcp: The specified module could not be found.')
    test[ 0] Prostate_Patient_41: RelErr=0.5597  (7.2s)
(CVXPY) Jul 17 09:11:00 PM: Encountered unexpected exception importing solver DIFFCP:
ImportError('DLL load failed while importing _diffcp: The specified module could not be found.')
    test[ 1] Prostate_Patient_32: RelErr=0.5824  (4.0s)
(CVXPY) Jul 17 09:11:04 PM: Encountered unexpected exception importing solver DIFFCP:
ImportError('DLL load failed while importing _diffcp: The specified module could not be found.')
    test[ 2] Prostate_Patient_60: RelErr=0.6119  (2.1s)
(CVXPY) Jul 17 09:11:06 PM: Encountered unexpected exception importing solver DIFFCP:
ImportError('DLL load failed while importing _diffcp: The specified module could not be found.')
    test[ 3] Prostate_Patient_72: RelErr=0.5971  (1.8s)
(CVXPY) Jul 17 09:11:08 PM: Encountered unexpected exception importing solver DIFFCP:
ImportError('DLL load failed while importing _diffcp: The specified module could not be found.')
    test[ 4] Prostate_Patient_95: RelErr=0.6301  (2.9s)
(CVXPY) Jul 17 09:11:11 PM: Encountered unexpected exception importing solver DIFFCP:
ImportError('DLL load failed while importing _diffcp: The specified module could not be found.')
    test[ 5] Prostate_Patient_123: RelErr=0.6299  (3.6s)
(CVXPY) Jul 17 09:11:14 PM: Encountered unexpected exception importing solver DIFFCP:
ImportError('DLL load failed while importing _diffcp: The specified module could not be found.')
    test[ 6] Prostate_Patient_53: RelErr=0.5823  (4.2s)
(CVXPY) Jul 17 09:11:18 PM: Encountered unexpected exception importing solver DIFFCP:
ImportError('DLL load failed while importing _diffcp: The specified module could not be found.')
    test[ 7] Prostate_Patient_55: RelErr=0.7354  (1.9s)
(CVXPY) Jul 17 09:11:20 PM: Encountered unexpected exception importing solver DIFFCP:
ImportError('DLL load failed while importing _diffcp: The specified module could not be found.')
    test[ 8] Prostate_Patient_36: RelErr=0.7514  (2.7s)
(CVXPY) Jul 17 09:11:23 PM: Encountered unexpected exception importing solver DIFFCP:
ImportError('DLL load failed while importing _diffcp: The specified module could not be found.')
    test[ 9] Prostate_Patient_54: RelErr=0.6587  (2.0s)
(CVXPY) Jul 17 09:11:25 PM: Encountered unexpected exception importing solver DIFFCP:
ImportError('DLL load failed while importing _diffcp: The specified module could not be found.')
    test[10] Prostate_Patient_42: RelErr=0.7585  (2.7s)
(CVXPY) Jul 17 09:11:28 PM: Encountered unexpected exception importing solver DIFFCP:
ImportError('DLL load failed while importing _diffcp: The specified module could not be found.')
    test[11] Prostate_Patient_51: RelErr=0.5362  (2.9s)
(CVXPY) Jul 17 09:11:31 PM: Encountered unexpected exception importing solver DIFFCP:
ImportError('DLL load failed while importing _diffcp: The specified module could not be found.')
    test[12] Prostate_Patient_97: RelErr=0.6605  (2.5s)
(CVXPY) Jul 17 09:11:33 PM: Encountered unexpected exception importing solver DIFFCP:
ImportError('DLL load failed while importing _diffcp: The specified module could not be found.')
    test[13] Prostate_Patient_12: RelErr=0.5573  (9.5s)
(CVXPY) Jul 17 09:11:43 PM: Encountered unexpected exception importing solver DIFFCP:
ImportError('DLL load failed while importing _diffcp: The specified module could not be found.')
    test[14] Prostate_Patient_46: RelErr=0.5815  (3.0s)
(CVXPY) Jul 17 09:11:46 PM: Encountered unexpected exception importing solver DIFFCP:
ImportError('DLL load failed while importing _diffcp: The specified module could not be found.')
    test[15] Prostate_Patient_4: RelErr=0.6360  (6.8s)
(CVXPY) Jul 17 09:11:52 PM: Encountered unexpected exception importing solver DIFFCP:
ImportError('DLL load failed while importing _diffcp: The specified module could not be found.')
    test[16] Prostate_Patient_21: RelErr=0.5916  (6.8s)
(CVXPY) Jul 17 09:11:59 PM: Encountered unexpected exception importing solver DIFFCP:
ImportError('DLL load failed while importing _diffcp: The specified module could not be found.')
    test[17] Prostate_Patient_122: RelErr=0.6941  (12.3s)
(CVXPY) Jul 17 09:12:12 PM: Encountered unexpected exception importing solver DIFFCP:
ImportError('DLL load failed while importing _diffcp: The specified module could not be found.')
    test[18] Prostate_Patient_109: RelErr=0.6279  (3.9s)
(CVXPY) Jul 17 09:12:15 PM: Encountered unexpected exception importing solver DIFFCP:
ImportError('DLL load failed while importing _diffcp: The specified module could not be found.')
    test[19] Prostate_Patient_90: RelErr=0.5666  (2.0s)
    Mean RelErr = 0.6275  (20/20 valid, 88.1s total)

  -- N=5, rho=1, method=kkt --
    Training: 5 patients
(CVXPY) Jul 17 09:12:17 PM: Encountered unexpected exception importing solver DIFFCP:
ImportError('DLL load failed while importing _diffcp: The specified module could not be found.')
  patients used=5  comp-slack resid=4.7519e+03
  alpha_hat (sign-constrained): [0.2069 0.2119 0.0633 0.4249 0.0349 0.0582]
  true alpha/sum (per function):[0.3175 0.3175 0.1587 0.0794 0.0794 0.0476]
  cond(M)=1.23e+02  per-patient leverage shares (N entries)=[0.006 0.151 0.283 0.231 0.329]
  unidentified direction (|smallest eigvec|, per function): [0.159 0.115 0.025 0.977 0.076 0.036]
    alpha_hat = [0.2069 0.2119 0.0633 0.4249 0.0349 0.0582]
    True alpha (per function) = [20. 20. 10.  5.  5.  3.]
(CVXPY) Jul 17 09:12:22 PM: Encountered unexpected exception importing solver DIFFCP:
ImportError('DLL load failed while importing _diffcp: The specified module could not be found.')
    test[ 0] Prostate_Patient_41: RelErr=1.0505  (2.5s)
(CVXPY) Jul 17 09:12:24 PM: Encountered unexpected exception importing solver DIFFCP:
ImportError('DLL load failed while importing _diffcp: The specified module could not be found.')
    test[ 1] Prostate_Patient_32: RelErr=1.1118  (1.4s)
(CVXPY) Jul 17 09:12:25 PM: Encountered unexpected exception importing solver DIFFCP:
ImportError('DLL load failed while importing _diffcp: The specified module could not be found.')
    test[ 2] Prostate_Patient_60: RelErr=1.1530  (1.0s)
(CVXPY) Jul 17 09:12:26 PM: Encountered unexpected exception importing solver DIFFCP:
ImportError('DLL load failed while importing _diffcp: The specified module could not be found.')
    test[ 3] Prostate_Patient_72: RelErr=1.1867  (0.7s)
(CVXPY) Jul 17 09:12:27 PM: Encountered unexpected exception importing solver DIFFCP:
ImportError('DLL load failed while importing _diffcp: The specified module could not be found.')
    test[ 4] Prostate_Patient_95: RelErr=0.9595  (1.1s)
(CVXPY) Jul 17 09:12:28 PM: Encountered unexpected exception importing solver DIFFCP:
ImportError('DLL load failed while importing _diffcp: The specified module could not be found.')
    test[ 5] Prostate_Patient_123: RelErr=1.0778  (1.8s)
(CVXPY) Jul 17 09:12:30 PM: Encountered unexpected exception importing solver DIFFCP:
ImportError('DLL load failed while importing _diffcp: The specified module could not be found.')
    test[ 6] Prostate_Patient_53: RelErr=1.0499  (2.0s)
(CVXPY) Jul 17 09:12:32 PM: Encountered unexpected exception importing solver DIFFCP:
ImportError('DLL load failed while importing _diffcp: The specified module could not be found.')
    test[ 7] Prostate_Patient_55: RelErr=1.0038  (1.1s)
(CVXPY) Jul 17 09:12:33 PM: Encountered unexpected exception importing solver DIFFCP:
ImportError('DLL load failed while importing _diffcp: The specified module could not be found.')
    test[ 8] Prostate_Patient_36: RelErr=1.1146  (0.9s)
(CVXPY) Jul 17 09:12:34 PM: Encountered unexpected exception importing solver DIFFCP:
ImportError('DLL load failed while importing _diffcp: The specified module could not be found.')
    test[ 9] Prostate_Patient_54: RelErr=1.0677  (0.9s)
(CVXPY) Jul 17 09:12:35 PM: Encountered unexpected exception importing solver DIFFCP:
ImportError('DLL load failed while importing _diffcp: The specified module could not be found.')
    test[10] Prostate_Patient_42: RelErr=1.0270  (1.2s)
(CVXPY) Jul 17 09:12:36 PM: Encountered unexpected exception importing solver DIFFCP:
ImportError('DLL load failed while importing _diffcp: The specified module could not be found.')
    test[11] Prostate_Patient_51: RelErr=1.1092  (1.4s)
(CVXPY) Jul 17 09:12:38 PM: Encountered unexpected exception importing solver DIFFCP:
ImportError('DLL load failed while importing _diffcp: The specified module could not be found.')
    test[12] Prostate_Patient_97: RelErr=1.2351  (0.8s)
(CVXPY) Jul 17 09:12:38 PM: Encountered unexpected exception importing solver DIFFCP:
ImportError('DLL load failed while importing _diffcp: The specified module could not be found.')
    test[13] Prostate_Patient_12: RelErr=1.0054  (3.7s)
(CVXPY) Jul 17 09:12:42 PM: Encountered unexpected exception importing solver DIFFCP:
ImportError('DLL load failed while importing _diffcp: The specified module could not be found.')
    test[14] Prostate_Patient_46: RelErr=1.0428  (1.3s)
(CVXPY) Jul 17 09:12:43 PM: Encountered unexpected exception importing solver DIFFCP:
ImportError('DLL load failed while importing _diffcp: The specified module could not be found.')
    test[15] Prostate_Patient_4: RelErr=0.9201  (2.1s)
(CVXPY) Jul 17 09:12:45 PM: Encountered unexpected exception importing solver DIFFCP:
ImportError('DLL load failed while importing _diffcp: The specified module could not be found.')
    test[16] Prostate_Patient_21: RelErr=0.9982  (3.1s)
(CVXPY) Jul 17 09:12:49 PM: Encountered unexpected exception importing solver DIFFCP:
ImportError('DLL load failed while importing _diffcp: The specified module could not be found.')
    test[17] Prostate_Patient_122: RelErr=1.0706  (4.4s)
(CVXPY) Jul 17 09:12:53 PM: Encountered unexpected exception importing solver DIFFCP:
ImportError('DLL load failed while importing _diffcp: The specified module could not be found.')
    test[18] Prostate_Patient_109: RelErr=1.0825  (1.3s)
(CVXPY) Jul 17 09:12:54 PM: Encountered unexpected exception importing solver DIFFCP:
ImportError('DLL load failed while importing _diffcp: The specified module could not be found.')
    test[19] Prostate_Patient_90: RelErr=1.0077  (0.9s)
    Mean RelErr = 1.0637  (20/20 valid, 37.8s total)

  -- N=5, rho=2, method=kkt --
    Training: 5 patients
(CVXPY) Jul 17 09:12:55 PM: Encountered unexpected exception importing solver DIFFCP:
ImportError('DLL load failed while importing _diffcp: The specified module could not be found.')
  patients used=5  comp-slack resid=1.8240e+00
  alpha_hat (sign-constrained): [0.3175 0.3174 0.1587 0.0793 0.0794 0.0476]
  true alpha/sum (per function):[0.3175 0.3175 0.1587 0.0794 0.0794 0.0476]
  cond(M)=9.43e+07  per-patient leverage shares (N entries)=[0.    0.205 0.27  0.181 0.344]
  unidentified direction (|smallest eigvec|, per function): [0.646 0.646 0.323 0.161 0.161 0.097]
    alpha_hat = [0.3175 0.3174 0.1587 0.0793 0.0794 0.0476]
    True alpha (per function) = [20. 20. 10.  5.  5.  3.]
(CVXPY) Jul 17 09:12:59 PM: Encountered unexpected exception importing solver DIFFCP:
ImportError('DLL load failed while importing _diffcp: The specified module could not be found.')
    test[ 0] Prostate_Patient_41: RelErr=0.0065  (4.3s)
(CVXPY) Jul 17 09:13:03 PM: Encountered unexpected exception importing solver DIFFCP:
ImportError('DLL load failed while importing _diffcp: The specified module could not be found.')
    test[ 1] Prostate_Patient_32: RelErr=0.0061  (2.2s)
(CVXPY) Jul 17 09:13:06 PM: Encountered unexpected exception importing solver DIFFCP:
ImportError('DLL load failed while importing _diffcp: The specified module could not be found.')
    test[ 2] Prostate_Patient_60: RelErr=0.0067  (2.2s)
(CVXPY) Jul 17 09:13:08 PM: Encountered unexpected exception importing solver DIFFCP:
ImportError('DLL load failed while importing _diffcp: The specified module could not be found.')
    test[ 3] Prostate_Patient_72: RelErr=0.0171  (1.7s)
(CVXPY) Jul 17 09:13:09 PM: Encountered unexpected exception importing solver DIFFCP:
ImportError('DLL load failed while importing _diffcp: The specified module could not be found.')
    test[ 4] Prostate_Patient_95: RelErr=0.0138  (1.9s)
(CVXPY) Jul 17 09:13:11 PM: Encountered unexpected exception importing solver DIFFCP:
ImportError('DLL load failed while importing _diffcp: The specified module could not be found.')
    test[ 5] Prostate_Patient_123: RelErr=0.0060  (2.9s)
(CVXPY) Jul 17 09:13:14 PM: Encountered unexpected exception importing solver DIFFCP:
ImportError('DLL load failed while importing _diffcp: The specified module could not be found.')
    test[ 6] Prostate_Patient_53: RelErr=0.0044  (3.3s)
(CVXPY) Jul 17 09:13:18 PM: Encountered unexpected exception importing solver DIFFCP:
ImportError('DLL load failed while importing _diffcp: The specified module could not be found.')
    test[ 7] Prostate_Patient_55: RelErr=0.0030  (1.4s)
(CVXPY) Jul 17 09:13:19 PM: Encountered unexpected exception importing solver DIFFCP:
ImportError('DLL load failed while importing _diffcp: The specified module could not be found.')
    test[ 8] Prostate_Patient_36: RelErr=0.0057  (1.7s)
(CVXPY) Jul 17 09:13:21 PM: Encountered unexpected exception importing solver DIFFCP:
ImportError('DLL load failed while importing _diffcp: The specified module could not be found.')
    test[ 9] Prostate_Patient_54: RelErr=0.0082  (1.9s)
(CVXPY) Jul 17 09:13:23 PM: Encountered unexpected exception importing solver DIFFCP:
ImportError('DLL load failed while importing _diffcp: The specified module could not be found.')
    test[10] Prostate_Patient_42: RelErr=0.0050  (2.1s)
(CVXPY) Jul 17 09:13:25 PM: Encountered unexpected exception importing solver DIFFCP:
ImportError('DLL load failed while importing _diffcp: The specified module could not be found.')
    test[11] Prostate_Patient_51: RelErr=0.0047  (2.3s)
(CVXPY) Jul 17 09:13:27 PM: Encountered unexpected exception importing solver DIFFCP:
ImportError('DLL load failed while importing _diffcp: The specified module could not be found.')
    test[12] Prostate_Patient_97: RelErr=0.0104  (1.9s)
(CVXPY) Jul 17 09:13:29 PM: Encountered unexpected exception importing solver DIFFCP:
ImportError('DLL load failed while importing _diffcp: The specified module could not be found.')
    test[13] Prostate_Patient_12: RelErr=0.0035  (6.5s)
(CVXPY) Jul 17 09:13:35 PM: Encountered unexpected exception importing solver DIFFCP:
ImportError('DLL load failed while importing _diffcp: The specified module could not be found.')
    test[14] Prostate_Patient_46: RelErr=0.0045  (2.0s)
(CVXPY) Jul 17 09:13:37 PM: Encountered unexpected exception importing solver DIFFCP:
ImportError('DLL load failed while importing _diffcp: The specified module could not be found.')
    test[15] Prostate_Patient_4: RelErr=0.0051  (3.1s)
(CVXPY) Jul 17 09:13:41 PM: Encountered unexpected exception importing solver DIFFCP:
ImportError('DLL load failed while importing _diffcp: The specified module could not be found.')
    test[16] Prostate_Patient_21: RelErr=0.0052  (6.0s)
(CVXPY) Jul 17 09:13:47 PM: Encountered unexpected exception importing solver DIFFCP:
ImportError('DLL load failed while importing _diffcp: The specified module could not be found.')
    test[17] Prostate_Patient_122: RelErr=0.0015  (14.3s)
(CVXPY) Jul 17 09:14:01 PM: Encountered unexpected exception importing solver DIFFCP:
ImportError('DLL load failed while importing _diffcp: The specified module could not be found.')
    test[18] Prostate_Patient_109: RelErr=0.0021  (2.9s)
(CVXPY) Jul 17 09:14:04 PM: Encountered unexpected exception importing solver DIFFCP:
ImportError('DLL load failed while importing _diffcp: The specified module could not be found.')
    test[19] Prostate_Patient_90: RelErr=0.0053  (1.6s)
    Mean RelErr = 0.0062  (20/20 valid, 70.3s total)

  -- N=5, rho=3, method=kkt --
    Training: 5 patients
(CVXPY) Jul 17 09:14:06 PM: Encountered unexpected exception importing solver DIFFCP:
ImportError('DLL load failed while importing _diffcp: The specified module could not be found.')
  patients used=5  comp-slack resid=9.3275e+09
  alpha_hat (sign-constrained): [0.2419 0.481  0.188  0.0474 0.0417 0.    ]
  true alpha/sum (per function):[0.3175 0.3175 0.1587 0.0794 0.0794 0.0476]
  cond(M)=3.67e+02  per-patient leverage shares (N entries)=[0.    0.299 0.281 0.166 0.253]
  unidentified direction (|smallest eigvec|, per function): [0.432 0.846 0.294 0.079 0.067 0.004]
    alpha_hat = [0.2419 0.481  0.188  0.0474 0.0417 0.    ]
    True alpha (per function) = [20. 20. 10.  5.  5.  3.]
(CVXPY) Jul 17 09:14:12 PM: Encountered unexpected exception importing solver DIFFCP:
ImportError('DLL load failed while importing _diffcp: The specified module could not be found.')
    test[ 0] Prostate_Patient_41: RelErr=0.5735  (6.5s)
(CVXPY) Jul 17 09:14:19 PM: Encountered unexpected exception importing solver DIFFCP:
ImportError('DLL load failed while importing _diffcp: The specified module could not be found.')
    test[ 1] Prostate_Patient_32: RelErr=0.5789  (2.5s)
(CVXPY) Jul 17 09:14:21 PM: Encountered unexpected exception importing solver DIFFCP:
ImportError('DLL load failed while importing _diffcp: The specified module could not be found.')
    test[ 2] Prostate_Patient_60: RelErr=0.6288  (3.0s)
(CVXPY) Jul 17 09:14:24 PM: Encountered unexpected exception importing solver DIFFCP:
ImportError('DLL load failed while importing _diffcp: The specified module could not be found.')
    test[ 3] Prostate_Patient_72: RelErr=0.5893  (1.6s)
(CVXPY) Jul 17 09:14:26 PM: Encountered unexpected exception importing solver DIFFCP:
ImportError('DLL load failed while importing _diffcp: The specified module could not be found.')
    test[ 4] Prostate_Patient_95: RelErr=0.6241  (2.0s)
(CVXPY) Jul 17 09:14:28 PM: Encountered unexpected exception importing solver DIFFCP:
ImportError('DLL load failed while importing _diffcp: The specified module could not be found.')
    test[ 5] Prostate_Patient_123: RelErr=0.6328  (3.5s)
(CVXPY) Jul 17 09:14:31 PM: Encountered unexpected exception importing solver DIFFCP:
ImportError('DLL load failed while importing _diffcp: The specified module could not be found.')
    test[ 6] Prostate_Patient_53: RelErr=0.5629  (3.7s)
(CVXPY) Jul 17 09:14:35 PM: Encountered unexpected exception importing solver DIFFCP:
ImportError('DLL load failed while importing _diffcp: The specified module could not be found.')
    test[ 7] Prostate_Patient_55: RelErr=0.7411  (1.7s)
(CVXPY) Jul 17 09:14:37 PM: Encountered unexpected exception importing solver DIFFCP:
ImportError('DLL load failed while importing _diffcp: The specified module could not be found.')
    test[ 8] Prostate_Patient_36: RelErr=0.7373  (2.0s)
(CVXPY) Jul 17 09:14:39 PM: Encountered unexpected exception importing solver DIFFCP:
ImportError('DLL load failed while importing _diffcp: The specified module could not be found.')
    test[ 9] Prostate_Patient_54: RelErr=0.6544  (2.2s)
(CVXPY) Jul 17 09:14:41 PM: Encountered unexpected exception importing solver DIFFCP:
ImportError('DLL load failed while importing _diffcp: The specified module could not be found.')
    test[10] Prostate_Patient_42: RelErr=0.7837  (2.3s)
(CVXPY) Jul 17 09:14:43 PM: Encountered unexpected exception importing solver DIFFCP:
ImportError('DLL load failed while importing _diffcp: The specified module could not be found.')
    test[11] Prostate_Patient_51: RelErr=0.5279  (3.8s)
(CVXPY) Jul 17 09:14:47 PM: Encountered unexpected exception importing solver DIFFCP:
ImportError('DLL load failed while importing _diffcp: The specified module could not be found.')
    test[12] Prostate_Patient_97: RelErr=0.6401  (2.8s)
(CVXPY) Jul 17 09:14:50 PM: Encountered unexpected exception importing solver DIFFCP:
ImportError('DLL load failed while importing _diffcp: The specified module could not be found.')
    test[13] Prostate_Patient_12: RelErr=0.5613  (9.6s)
(CVXPY) Jul 17 09:14:59 PM: Encountered unexpected exception importing solver DIFFCP:
ImportError('DLL load failed while importing _diffcp: The specified module could not be found.')
    test[14] Prostate_Patient_46: RelErr=0.6029  (2.8s)
(CVXPY) Jul 17 09:15:02 PM: Encountered unexpected exception importing solver DIFFCP:
ImportError('DLL load failed while importing _diffcp: The specified module could not be found.')
    test[15] Prostate_Patient_4: RelErr=0.6403  (6.1s)
(CVXPY) Jul 17 09:15:08 PM: Encountered unexpected exception importing solver DIFFCP:
ImportError('DLL load failed while importing _diffcp: The specified module could not be found.')
    test[16] Prostate_Patient_21: RelErr=0.6064  (7.5s)
(CVXPY) Jul 17 09:15:16 PM: Encountered unexpected exception importing solver DIFFCP:
ImportError('DLL load failed while importing _diffcp: The specified module could not be found.')
    test[17] Prostate_Patient_122: RelErr=0.7034  (16.2s)
(CVXPY) Jul 17 09:15:32 PM: Encountered unexpected exception importing solver DIFFCP:
ImportError('DLL load failed while importing _diffcp: The specified module could not be found.')
    test[18] Prostate_Patient_109: RelErr=0.6421  (4.2s)
(CVXPY) Jul 17 09:15:36 PM: Encountered unexpected exception importing solver DIFFCP:
ImportError('DLL load failed while importing _diffcp: The specified module could not be found.')
    test[19] Prostate_Patient_90: RelErr=0.5536  (2.1s)
    Mean RelErr = 0.6292  (20/20 valid, 92.6s total)

  -- N=6, rho=1, method=kkt --
    Training: 6 patients
(CVXPY) Jul 17 09:15:38 PM: Encountered unexpected exception importing solver DIFFCP:
ImportError('DLL load failed while importing _diffcp: The specified module could not be found.')
  patients used=6  comp-slack resid=5.8812e+03
  alpha_hat (sign-constrained): [0.1368 0.2331 0.0624 0.476  0.0361 0.0557]
  true alpha/sum (per function):[0.3175 0.3175 0.1587 0.0794 0.0794 0.0476]
  cond(M)=1.44e+02  per-patient leverage shares (N entries)=[0.005 0.112 0.211 0.172 0.245 0.256]
  unidentified direction (|smallest eigvec|, per function): [0.09  0.099 0.019 0.988 0.064 0.025]
    alpha_hat = [0.1368 0.2331 0.0624 0.476  0.0361 0.0557]
    True alpha (per function) = [20. 20. 10.  5.  5.  3.]
(CVXPY) Jul 17 09:15:43 PM: Encountered unexpected exception importing solver DIFFCP:
ImportError('DLL load failed while importing _diffcp: The specified module could not be found.')
    test[ 0] Prostate_Patient_41: RelErr=1.0668  (3.0s)
(CVXPY) Jul 17 09:15:46 PM: Encountered unexpected exception importing solver DIFFCP:
ImportError('DLL load failed while importing _diffcp: The specified module could not be found.')
    test[ 1] Prostate_Patient_32: RelErr=1.0882  (1.8s)
(CVXPY) Jul 17 09:15:48 PM: Encountered unexpected exception importing solver DIFFCP:
ImportError('DLL load failed while importing _diffcp: The specified module could not be found.')
    test[ 2] Prostate_Patient_60: RelErr=1.1750  (1.4s)
(CVXPY) Jul 17 09:15:50 PM: Encountered unexpected exception importing solver DIFFCP:
ImportError('DLL load failed while importing _diffcp: The specified module could not be found.')
    test[ 3] Prostate_Patient_72: RelErr=1.2349  (1.0s)
(CVXPY) Jul 17 09:15:51 PM: Encountered unexpected exception importing solver DIFFCP:
ImportError('DLL load failed while importing _diffcp: The specified module could not be found.')
    test[ 4] Prostate_Patient_95: RelErr=0.9684  (1.4s)
(CVXPY) Jul 17 09:15:52 PM: Encountered unexpected exception importing solver DIFFCP:
ImportError('DLL load failed while importing _diffcp: The specified module could not be found.')
    test[ 5] Prostate_Patient_123: RelErr=1.0743  (2.0s)
(CVXPY) Jul 17 09:15:54 PM: Encountered unexpected exception importing solver DIFFCP:
ImportError('DLL load failed while importing _diffcp: The specified module could not be found.')
    test[ 6] Prostate_Patient_53: RelErr=1.0474  (2.6s)
(CVXPY) Jul 17 09:15:57 PM: Encountered unexpected exception importing solver DIFFCP:
ImportError('DLL load failed while importing _diffcp: The specified module could not be found.')
    test[ 7] Prostate_Patient_55: RelErr=1.0208  (1.4s)
(CVXPY) Jul 17 09:15:58 PM: Encountered unexpected exception importing solver DIFFCP:
ImportError('DLL load failed while importing _diffcp: The specified module could not be found.')
    test[ 8] Prostate_Patient_36: RelErr=1.1578  (0.8s)
(CVXPY) Jul 17 09:15:59 PM: Encountered unexpected exception importing solver DIFFCP:
ImportError('DLL load failed while importing _diffcp: The specified module could not be found.')
    test[ 9] Prostate_Patient_54: RelErr=1.0530  (1.2s)
(CVXPY) Jul 17 09:16:00 PM: Encountered unexpected exception importing solver DIFFCP:
ImportError('DLL load failed while importing _diffcp: The specified module could not be found.')
    test[10] Prostate_Patient_42: RelErr=1.0410  (1.3s)
(CVXPY) Jul 17 09:16:01 PM: Encountered unexpected exception importing solver DIFFCP:
ImportError('DLL load failed while importing _diffcp: The specified module could not be found.')
    test[11] Prostate_Patient_51: RelErr=1.1193  (1.5s)
(CVXPY) Jul 17 09:16:03 PM: Encountered unexpected exception importing solver DIFFCP:
ImportError('DLL load failed while importing _diffcp: The specified module could not be found.')
    test[12] Prostate_Patient_97: RelErr=1.1798  (0.9s)
(CVXPY) Jul 17 09:16:04 PM: Encountered unexpected exception importing solver DIFFCP:
ImportError('DLL load failed while importing _diffcp: The specified module could not be found.')
    test[13] Prostate_Patient_12: RelErr=1.0505  (4.7s)
(CVXPY) Jul 17 09:16:09 PM: Encountered unexpected exception importing solver DIFFCP:
ImportError('DLL load failed while importing _diffcp: The specified module could not be found.')
    test[14] Prostate_Patient_46: RelErr=1.0144  (1.4s)
(CVXPY) Jul 17 09:16:10 PM: Encountered unexpected exception importing solver DIFFCP:
ImportError('DLL load failed while importing _diffcp: The specified module could not be found.')
    test[15] Prostate_Patient_4: RelErr=0.9814  (2.2s)
(CVXPY) Jul 17 09:16:12 PM: Encountered unexpected exception importing solver DIFFCP:
ImportError('DLL load failed while importing _diffcp: The specified module could not be found.')
    test[16] Prostate_Patient_21: RelErr=1.0184  (3.9s)
(CVXPY) Jul 17 09:16:16 PM: Encountered unexpected exception importing solver DIFFCP:
ImportError('DLL load failed while importing _diffcp: The specified module could not be found.')
    test[17] Prostate_Patient_122: RelErr=1.0708  (5.6s)
(CVXPY) Jul 17 09:16:22 PM: Encountered unexpected exception importing solver DIFFCP:
ImportError('DLL load failed while importing _diffcp: The specified module could not be found.')
    test[18] Prostate_Patient_109: RelErr=1.0853  (1.3s)
(CVXPY) Jul 17 09:16:23 PM: Encountered unexpected exception importing solver DIFFCP:
ImportError('DLL load failed while importing _diffcp: The specified module could not be found.')
    test[19] Prostate_Patient_90: RelErr=1.0061  (1.0s)
    Mean RelErr = 1.0727  (20/20 valid, 45.9s total)

  -- N=6, rho=2, method=kkt --
    Training: 6 patients
(CVXPY) Jul 17 09:16:24 PM: Encountered unexpected exception importing solver DIFFCP:
ImportError('DLL load failed while importing _diffcp: The specified module could not be found.')
  patients used=6  comp-slack resid=1.9680e+00
  alpha_hat (sign-constrained): [0.3175 0.3174 0.1587 0.0794 0.0794 0.0476]
  true alpha/sum (per function):[0.3175 0.3175 0.1587 0.0794 0.0794 0.0476]
  cond(M)=1.18e+08  per-patient leverage shares (N entries)=[0.    0.153 0.202 0.135 0.258 0.252]
  unidentified direction (|smallest eigvec|, per function): [0.646 0.646 0.323 0.161 0.161 0.097]
    alpha_hat = [0.3175 0.3174 0.1587 0.0794 0.0794 0.0476]
    True alpha (per function) = [20. 20. 10.  5.  5.  3.]
(CVXPY) Jul 17 09:16:30 PM: Encountered unexpected exception importing solver DIFFCP:
ImportError('DLL load failed while importing _diffcp: The specified module could not be found.')
    test[ 0] Prostate_Patient_41: RelErr=0.0040  (5.2s)
(CVXPY) Jul 17 09:16:35 PM: Encountered unexpected exception importing solver DIFFCP:
ImportError('DLL load failed while importing _diffcp: The specified module could not be found.')
    test[ 1] Prostate_Patient_32: RelErr=0.0062  (2.9s)
(CVXPY) Jul 17 09:16:38 PM: Encountered unexpected exception importing solver DIFFCP:
ImportError('DLL load failed while importing _diffcp: The specified module could not be found.')
    test[ 2] Prostate_Patient_60: RelErr=0.0071  (2.5s)
(CVXPY) Jul 17 09:16:41 PM: Encountered unexpected exception importing solver DIFFCP:
ImportError('DLL load failed while importing _diffcp: The specified module could not be found.')
    test[ 3] Prostate_Patient_72: RelErr=0.0171  (1.8s)
(CVXPY) Jul 17 09:16:42 PM: Encountered unexpected exception importing solver DIFFCP:
ImportError('DLL load failed while importing _diffcp: The specified module could not be found.')
    test[ 4] Prostate_Patient_95: RelErr=0.0195  (2.6s)
(CVXPY) Jul 17 09:16:45 PM: Encountered unexpected exception importing solver DIFFCP:
ImportError('DLL load failed while importing _diffcp: The specified module could not be found.')
    test[ 5] Prostate_Patient_123: RelErr=0.0084  (3.9s)
(CVXPY) Jul 17 09:16:49 PM: Encountered unexpected exception importing solver DIFFCP:
ImportError('DLL load failed while importing _diffcp: The specified module could not be found.')
    test[ 6] Prostate_Patient_53: RelErr=0.0075  (4.0s)
(CVXPY) Jul 17 09:16:53 PM: Encountered unexpected exception importing solver DIFFCP:
ImportError('DLL load failed while importing _diffcp: The specified module could not be found.')
    test[ 7] Prostate_Patient_55: RelErr=0.0032  (1.7s)
(CVXPY) Jul 17 09:16:55 PM: Encountered unexpected exception importing solver DIFFCP:
ImportError('DLL load failed while importing _diffcp: The specified module could not be found.')
    test[ 8] Prostate_Patient_36: RelErr=0.0038  (2.4s)
(CVXPY) Jul 17 09:16:57 PM: Encountered unexpected exception importing solver DIFFCP:
ImportError('DLL load failed while importing _diffcp: The specified module could not be found.')
    test[ 9] Prostate_Patient_54: RelErr=0.0079  (2.7s)
(CVXPY) Jul 17 09:17:00 PM: Encountered unexpected exception importing solver DIFFCP:
ImportError('DLL load failed while importing _diffcp: The specified module could not be found.')
    test[10] Prostate_Patient_42: RelErr=0.0050  (2.4s)
(CVXPY) Jul 17 09:17:02 PM: Encountered unexpected exception importing solver DIFFCP:
ImportError('DLL load failed while importing _diffcp: The specified module could not be found.')
    test[11] Prostate_Patient_51: RelErr=0.0057  (3.3s)
(CVXPY) Jul 17 09:17:05 PM: Encountered unexpected exception importing solver DIFFCP:
ImportError('DLL load failed while importing _diffcp: The specified module could not be found.')
    test[12] Prostate_Patient_97: RelErr=0.0102  (5.5s)
(CVXPY) Jul 17 09:17:11 PM: Encountered unexpected exception importing solver DIFFCP:
ImportError('DLL load failed while importing _diffcp: The specified module could not be found.')
    test[13] Prostate_Patient_12: RelErr=0.0035  (9.8s)
(CVXPY) Jul 17 09:17:21 PM: Encountered unexpected exception importing solver DIFFCP:
ImportError('DLL load failed while importing _diffcp: The specified module could not be found.')
    test[14] Prostate_Patient_46: RelErr=0.0045  (2.6s)
(CVXPY) Jul 17 09:17:23 PM: Encountered unexpected exception importing solver DIFFCP:
ImportError('DLL load failed while importing _diffcp: The specified module could not be found.')
    test[15] Prostate_Patient_4: RelErr=0.0063  (3.9s)
(CVXPY) Jul 17 09:17:27 PM: Encountered unexpected exception importing solver DIFFCP:
ImportError('DLL load failed while importing _diffcp: The specified module could not be found.')
    test[16] Prostate_Patient_21: RelErr=0.0046  (7.5s)
(CVXPY) Jul 17 09:17:35 PM: Encountered unexpected exception importing solver DIFFCP:
ImportError('DLL load failed while importing _diffcp: The specified module could not be found.')
    test[17] Prostate_Patient_122: RelErr=0.0040  (17.3s)
(CVXPY) Jul 17 09:17:52 PM: Encountered unexpected exception importing solver DIFFCP:
ImportError('DLL load failed while importing _diffcp: The specified module could not be found.')
    test[18] Prostate_Patient_109: RelErr=0.0042  (3.8s)
(CVXPY) Jul 17 09:17:56 PM: Encountered unexpected exception importing solver DIFFCP:
ImportError('DLL load failed while importing _diffcp: The specified module could not be found.')
    test[19] Prostate_Patient_90: RelErr=0.0052  (2.2s)
    Mean RelErr = 0.0069  (20/20 valid, 94.1s total)

  -- N=6, rho=3, method=kkt --
    Training: 6 patients
(CVXPY) Jul 17 09:17:58 PM: Encountered unexpected exception importing solver DIFFCP:
ImportError('DLL load failed while importing _diffcp: The specified module could not be found.')
  patients used=6  comp-slack resid=1.0623e+10
  alpha_hat (sign-constrained): [0.262  0.4868 0.1714 0.0415 0.0382 0.    ]
  true alpha/sum (per function):[0.3175 0.3175 0.1587 0.0794 0.0794 0.0476]
  cond(M)=3.89e+02  per-patient leverage shares (N entries)=[0.    0.235 0.221 0.131 0.199 0.213]
  unidentified direction (|smallest eigvec|, per function): [0.464 0.847 0.248 0.059 0.052 0.005]
    alpha_hat = [0.262  0.4868 0.1714 0.0415 0.0382 0.    ]
    True alpha (per function) = [20. 20. 10.  5.  5.  3.]
(CVXPY) Jul 17 09:18:08 PM: Encountered unexpected exception importing solver DIFFCP:
ImportError('DLL load failed while importing _diffcp: The specified module could not be found.')
    test[ 0] Prostate_Patient_41: RelErr=0.5822  (7.1s)
(CVXPY) Jul 17 09:18:15 PM: Encountered unexpected exception importing solver DIFFCP:
ImportError('DLL load failed while importing _diffcp: The specified module could not be found.')
    test[ 1] Prostate_Patient_32: RelErr=0.5858  (3.5s)
(CVXPY) Jul 17 09:18:19 PM: Encountered unexpected exception importing solver DIFFCP:
ImportError('DLL load failed while importing _diffcp: The specified module could not be found.')
    test[ 2] Prostate_Patient_60: RelErr=0.6269  (3.6s)
(CVXPY) Jul 17 09:18:22 PM: Encountered unexpected exception importing solver DIFFCP:
ImportError('DLL load failed while importing _diffcp: The specified module could not be found.')
    test[ 3] Prostate_Patient_72: RelErr=0.5968  (2.0s)
(CVXPY) Jul 17 09:18:24 PM: Encountered unexpected exception importing solver DIFFCP:
ImportError('DLL load failed while importing _diffcp: The specified module could not be found.')
    test[ 4] Prostate_Patient_95: RelErr=0.6290  (3.5s)
(CVXPY) Jul 17 09:18:28 PM: Encountered unexpected exception importing solver DIFFCP:
ImportError('DLL load failed while importing _diffcp: The specified module could not be found.')
    test[ 5] Prostate_Patient_123: RelErr=0.6393  (4.5s)
(CVXPY) Jul 17 09:18:32 PM: Encountered unexpected exception importing solver DIFFCP:
ImportError('DLL load failed while importing _diffcp: The specified module could not be found.')
    test[ 6] Prostate_Patient_53: RelErr=0.5623  (4.0s)
(CVXPY) Jul 17 09:18:36 PM: Encountered unexpected exception importing solver DIFFCP:
ImportError('DLL load failed while importing _diffcp: The specified module could not be found.')
    test[ 7] Prostate_Patient_55: RelErr=0.7496  (2.0s)
(CVXPY) Jul 17 09:18:38 PM: Encountered unexpected exception importing solver DIFFCP:
ImportError('DLL load failed while importing _diffcp: The specified module could not be found.')
    test[ 8] Prostate_Patient_36: RelErr=0.7552  (1.9s)
(CVXPY) Jul 17 09:18:40 PM: Encountered unexpected exception importing solver DIFFCP:
ImportError('DLL load failed while importing _diffcp: The specified module could not be found.')
    test[ 9] Prostate_Patient_54: RelErr=0.6593  (2.2s)
(CVXPY) Jul 17 09:18:42 PM: Encountered unexpected exception importing solver DIFFCP:
ImportError('DLL load failed while importing _diffcp: The specified module could not be found.')
    test[10] Prostate_Patient_42: RelErr=0.7928  (3.7s)
(CVXPY) Jul 17 09:18:46 PM: Encountered unexpected exception importing solver DIFFCP:
ImportError('DLL load failed while importing _diffcp: The specified module could not be found.')
    test[11] Prostate_Patient_51: RelErr=0.5268  (2.9s)
(CVXPY) Jul 17 09:18:49 PM: Encountered unexpected exception importing solver DIFFCP:
ImportError('DLL load failed while importing _diffcp: The specified module could not be found.')
    test[12] Prostate_Patient_97: RelErr=0.6380  (1.8s)
(CVXPY) Jul 17 09:18:51 PM: Encountered unexpected exception importing solver DIFFCP:
ImportError('DLL load failed while importing _diffcp: The specified module could not be found.')
    test[13] Prostate_Patient_12: RelErr=0.5585  (13.3s)
(CVXPY) Jul 17 09:19:04 PM: Encountered unexpected exception importing solver DIFFCP:
ImportError('DLL load failed while importing _diffcp: The specified module could not be found.')
    test[14] Prostate_Patient_46: RelErr=0.6186  (3.1s)
(CVXPY) Jul 17 09:19:07 PM: Encountered unexpected exception importing solver DIFFCP:
ImportError('DLL load failed while importing _diffcp: The specified module could not be found.')
    test[15] Prostate_Patient_4: RelErr=0.6586  (4.4s)
(CVXPY) Jul 17 09:19:12 PM: Encountered unexpected exception importing solver DIFFCP:
ImportError('DLL load failed while importing _diffcp: The specified module could not be found.')
    test[16] Prostate_Patient_21: RelErr=0.6154  (7.7s)
(CVXPY) Jul 17 09:19:19 PM: Encountered unexpected exception importing solver DIFFCP:
ImportError('DLL load failed while importing _diffcp: The specified module could not be found.')
    test[17] Prostate_Patient_122: RelErr=0.7133  (13.3s)
(CVXPY) Jul 17 09:19:33 PM: Encountered unexpected exception importing solver DIFFCP:
ImportError('DLL load failed while importing _diffcp: The specified module could not be found.')
    test[18] Prostate_Patient_109: RelErr=0.6350  (4.2s)
(CVXPY) Jul 17 09:19:37 PM: Encountered unexpected exception importing solver DIFFCP:
ImportError('DLL load failed while importing _diffcp: The specified module could not be found.')
    test[19] Prostate_Patient_90: RelErr=0.5526  (2.1s)
    Mean RelErr = 0.6348  (20/20 valid, 100.8s total)

  -- N=7, rho=1, method=kkt --
    Training: 7 patients
(CVXPY) Jul 17 09:19:39 PM: Encountered unexpected exception importing solver DIFFCP:
ImportError('DLL load failed while importing _diffcp: The specified module could not be found.')
  patients used=7  comp-slack resid=7.0603e+03
  alpha_hat (sign-constrained): [0.1327 0.2363 0.0599 0.49   0.028  0.0531]
  true alpha/sum (per function):[0.3175 0.3175 0.1587 0.0794 0.0794 0.0476]
  cond(M)=1.28e+02  per-patient leverage shares (N entries)=[0.004 0.094 0.177 0.144 0.206 0.216 0.158]
  unidentified direction (|smallest eigvec|, per function): [0.124 0.102 0.027 0.985 0.05  0.037]
    alpha_hat = [0.1327 0.2363 0.0599 0.49   0.028  0.0531]
    True alpha (per function) = [20. 20. 10.  5.  5.  3.]
(CVXPY) Jul 17 09:19:45 PM: Encountered unexpected exception importing solver DIFFCP:
ImportError('DLL load failed while importing _diffcp: The specified module could not be found.')
    test[ 0] Prostate_Patient_41: RelErr=1.1049  (2.9s)
(CVXPY) Jul 17 09:19:48 PM: Encountered unexpected exception importing solver DIFFCP:
ImportError('DLL load failed while importing _diffcp: The specified module could not be found.')
    test[ 1] Prostate_Patient_32: RelErr=1.1032  (1.7s)
(CVXPY) Jul 17 09:19:50 PM: Encountered unexpected exception importing solver DIFFCP:
ImportError('DLL load failed while importing _diffcp: The specified module could not be found.')
    test[ 2] Prostate_Patient_60: RelErr=1.1873  (1.6s)
(CVXPY) Jul 17 09:19:51 PM: Encountered unexpected exception importing solver DIFFCP:
ImportError('DLL load failed while importing _diffcp: The specified module could not be found.')
    test[ 3] Prostate_Patient_72: RelErr=1.2238  (0.8s)
(CVXPY) Jul 17 09:19:52 PM: Encountered unexpected exception importing solver DIFFCP:
ImportError('DLL load failed while importing _diffcp: The specified module could not be found.')
    test[ 4] Prostate_Patient_95: RelErr=0.9791  (1.4s)
(CVXPY) Jul 17 09:19:53 PM: Encountered unexpected exception importing solver DIFFCP:
ImportError('DLL load failed while importing _diffcp: The specified module could not be found.')
    test[ 5] Prostate_Patient_123: RelErr=1.0922  (2.0s)
(CVXPY) Jul 17 09:19:55 PM: Encountered unexpected exception importing solver DIFFCP:
ImportError('DLL load failed while importing _diffcp: The specified module could not be found.')
    test[ 6] Prostate_Patient_53: RelErr=1.0802  (2.1s)
(CVXPY) Jul 17 09:19:58 PM: Encountered unexpected exception importing solver DIFFCP:
ImportError('DLL load failed while importing _diffcp: The specified module could not be found.')
    test[ 7] Prostate_Patient_55: RelErr=1.0248  (1.3s)
(CVXPY) Jul 17 09:19:59 PM: Encountered unexpected exception importing solver DIFFCP:
ImportError('DLL load failed while importing _diffcp: The specified module could not be found.')
    test[ 8] Prostate_Patient_36: RelErr=1.1631  (0.9s)
(CVXPY) Jul 17 09:20:00 PM: Encountered unexpected exception importing solver DIFFCP:
ImportError('DLL load failed while importing _diffcp: The specified module could not be found.')
    test[ 9] Prostate_Patient_54: RelErr=1.0719  (1.0s)
(CVXPY) Jul 17 09:20:01 PM: Encountered unexpected exception importing solver DIFFCP:
ImportError('DLL load failed while importing _diffcp: The specified module could not be found.')
    test[10] Prostate_Patient_42: RelErr=1.0836  (1.5s)
(CVXPY) Jul 17 09:20:02 PM: Encountered unexpected exception importing solver DIFFCP:
ImportError('DLL load failed while importing _diffcp: The specified module could not be found.')
    test[11] Prostate_Patient_51: RelErr=1.1140  (1.7s)
(CVXPY) Jul 17 09:20:04 PM: Encountered unexpected exception importing solver DIFFCP:
ImportError('DLL load failed while importing _diffcp: The specified module could not be found.')
    test[12] Prostate_Patient_97: RelErr=1.2072  (0.8s)
(CVXPY) Jul 17 09:20:05 PM: Encountered unexpected exception importing solver DIFFCP:
ImportError('DLL load failed while importing _diffcp: The specified module could not be found.')
    test[13] Prostate_Patient_12: RelErr=1.0503  (4.7s)
(CVXPY) Jul 17 09:20:09 PM: Encountered unexpected exception importing solver DIFFCP:
ImportError('DLL load failed while importing _diffcp: The specified module could not be found.')
    test[14] Prostate_Patient_46: RelErr=1.0116  (1.6s)
(CVXPY) Jul 17 09:20:11 PM: Encountered unexpected exception importing solver DIFFCP:
ImportError('DLL load failed while importing _diffcp: The specified module could not be found.')
    test[15] Prostate_Patient_4: RelErr=0.9743  (2.6s)
(CVXPY) Jul 17 09:20:14 PM: Encountered unexpected exception importing solver DIFFCP:
ImportError('DLL load failed while importing _diffcp: The specified module could not be found.')
    test[16] Prostate_Patient_21: RelErr=1.0229  (3.6s)
(CVXPY) Jul 17 09:20:17 PM: Encountered unexpected exception importing solver DIFFCP:
ImportError('DLL load failed while importing _diffcp: The specified module could not be found.')
    test[17] Prostate_Patient_122: RelErr=1.0757  (5.3s)
(CVXPY) Jul 17 09:20:22 PM: Encountered unexpected exception importing solver DIFFCP:
ImportError('DLL load failed while importing _diffcp: The specified module could not be found.')
    test[18] Prostate_Patient_109: RelErr=1.0973  (1.5s)
(CVXPY) Jul 17 09:20:24 PM: Encountered unexpected exception importing solver DIFFCP:
ImportError('DLL load failed while importing _diffcp: The specified module could not be found.')
    test[19] Prostate_Patient_90: RelErr=1.0319  (1.0s)
    Mean RelErr = 1.0850  (20/20 valid, 46.0s total)

  -- N=7, rho=2, method=kkt --
    Training: 7 patients
(CVXPY) Jul 17 09:20:25 PM: Encountered unexpected exception importing solver DIFFCP:
ImportError('DLL load failed while importing _diffcp: The specified module could not be found.')
  patients used=7  comp-slack resid=3.6515e+00
  alpha_hat (sign-constrained): [0.3176 0.3175 0.1588 0.0792 0.0794 0.0476]
  true alpha/sum (per function):[0.3175 0.3175 0.1587 0.0794 0.0794 0.0476]
  cond(M)=8.86e+07  per-patient leverage shares (N entries)=[0.    0.133 0.175 0.117 0.223 0.218 0.134]
  unidentified direction (|smallest eigvec|, per function): [0.646 0.646 0.323 0.161 0.161 0.097]
    alpha_hat = [0.3176 0.3175 0.1588 0.0792 0.0794 0.0476]
    True alpha (per function) = [20. 20. 10.  5.  5.  3.]
(CVXPY) Jul 17 09:20:32 PM: Encountered unexpected exception importing solver DIFFCP:
ImportError('DLL load failed while importing _diffcp: The specified module could not be found.')
    test[ 0] Prostate_Patient_41: RelErr=0.0055  (5.0s)
(CVXPY) Jul 17 09:20:37 PM: Encountered unexpected exception importing solver DIFFCP:
ImportError('DLL load failed while importing _diffcp: The specified module could not be found.')
    test[ 1] Prostate_Patient_32: RelErr=0.0061  (2.4s)
(CVXPY) Jul 17 09:20:39 PM: Encountered unexpected exception importing solver DIFFCP:
ImportError('DLL load failed while importing _diffcp: The specified module could not be found.')
    test[ 2] Prostate_Patient_60: RelErr=0.0733  (3.2s)
(CVXPY) Jul 17 09:20:43 PM: Encountered unexpected exception importing solver DIFFCP:
ImportError('DLL load failed while importing _diffcp: The specified module could not be found.')
    test[ 3] Prostate_Patient_72: RelErr=0.0171  (2.1s)
(CVXPY) Jul 17 09:20:45 PM: Encountered unexpected exception importing solver DIFFCP:
ImportError('DLL load failed while importing _diffcp: The specified module could not be found.')
    test[ 4] Prostate_Patient_95: RelErr=0.0135  (2.3s)
(CVXPY) Jul 17 09:20:47 PM: Encountered unexpected exception importing solver DIFFCP:
ImportError('DLL load failed while importing _diffcp: The specified module could not be found.')
    test[ 5] Prostate_Patient_123: RelErr=0.0097  (3.5s)
(CVXPY) Jul 17 09:20:50 PM: Encountered unexpected exception importing solver DIFFCP:
ImportError('DLL load failed while importing _diffcp: The specified module could not be found.')
    test[ 6] Prostate_Patient_53: RelErr=0.0074  (4.2s)
(CVXPY) Jul 17 09:20:55 PM: Encountered unexpected exception importing solver DIFFCP:
ImportError('DLL load failed while importing _diffcp: The specified module could not be found.')
    test[ 7] Prostate_Patient_55: RelErr=0.0054  (1.8s)
(CVXPY) Jul 17 09:20:56 PM: Encountered unexpected exception importing solver DIFFCP:
ImportError('DLL load failed while importing _diffcp: The specified module could not be found.')
    test[ 8] Prostate_Patient_36: RelErr=0.0036  (2.2s)
(CVXPY) Jul 17 09:20:59 PM: Encountered unexpected exception importing solver DIFFCP:
ImportError('DLL load failed while importing _diffcp: The specified module could not be found.')
    test[ 9] Prostate_Patient_54: RelErr=0.0083  (3.6s)
(CVXPY) Jul 17 09:21:02 PM: Encountered unexpected exception importing solver DIFFCP:
ImportError('DLL load failed while importing _diffcp: The specified module could not be found.')
    test[10] Prostate_Patient_42: RelErr=0.0051  (5.7s)
(CVXPY) Jul 17 09:21:08 PM: Encountered unexpected exception importing solver DIFFCP:
ImportError('DLL load failed while importing _diffcp: The specified module could not be found.')
    test[11] Prostate_Patient_51: RelErr=0.0050  (3.2s)
(CVXPY) Jul 17 09:21:11 PM: Encountered unexpected exception importing solver DIFFCP:
ImportError('DLL load failed while importing _diffcp: The specified module could not be found.')
    test[12] Prostate_Patient_97: RelErr=0.0101  (2.3s)
(CVXPY) Jul 17 09:21:13 PM: Encountered unexpected exception importing solver DIFFCP:
ImportError('DLL load failed while importing _diffcp: The specified module could not be found.')
    test[13] Prostate_Patient_12: RelErr=0.0188  (7.7s)
(CVXPY) Jul 17 09:21:21 PM: Encountered unexpected exception importing solver DIFFCP:
ImportError('DLL load failed while importing _diffcp: The specified module could not be found.')
    test[14] Prostate_Patient_46: RelErr=0.0044  (2.7s)
(CVXPY) Jul 17 09:21:24 PM: Encountered unexpected exception importing solver DIFFCP:
ImportError('DLL load failed while importing _diffcp: The specified module could not be found.')
    test[15] Prostate_Patient_4: RelErr=0.0063  (4.3s)
(CVXPY) Jul 17 09:21:28 PM: Encountered unexpected exception importing solver DIFFCP:
ImportError('DLL load failed while importing _diffcp: The specified module could not be found.')
    test[16] Prostate_Patient_21: RelErr=0.0086  (7.9s)
(CVXPY) Jul 17 09:21:36 PM: Encountered unexpected exception importing solver DIFFCP:
ImportError('DLL load failed while importing _diffcp: The specified module could not be found.')
    test[17] Prostate_Patient_122: RelErr=0.0024  (17.8s)
(CVXPY) Jul 17 09:21:54 PM: Encountered unexpected exception importing solver DIFFCP:
ImportError('DLL load failed while importing _diffcp: The specified module could not be found.')
    test[18] Prostate_Patient_109: RelErr=0.0073  (3.5s)
(CVXPY) Jul 17 09:21:57 PM: Encountered unexpected exception importing solver DIFFCP:
ImportError('DLL load failed while importing _diffcp: The specified module could not be found.')
    test[19] Prostate_Patient_90: RelErr=0.0115  (2.1s)
    Mean RelErr = 0.0115  (20/20 valid, 94.3s total)

  -- N=7, rho=3, method=kkt --
    Training: 7 patients
(CVXPY) Jul 17 09:22:00 PM: Encountered unexpected exception importing solver DIFFCP:
ImportError('DLL load failed while importing _diffcp: The specified module could not be found.')
