START Fri Jul 17 21:24:23 EDT 2026
(CVXPY) Jul 17 09:24:24 PM: Encountered unexpected exception importing solver DIFFCP:
ImportError('DLL load failed while importing _diffcp: The specified module could not be found.')
Test set: 20 patients
Using canonical test set: 20 patients

  -- N=3, rho=1, method=kkt --
    Training: 3 patients
(CVXPY) Jul 17 09:24:24 PM: Encountered unexpected exception importing solver DIFFCP:
ImportError('DLL load failed while importing _diffcp: The specified module could not be found.')
  patients used=3  comp-slack resid=3.1605e+03
  alpha_hat (sign-constrained): [0.2123 0.232  0.0719 0.3806 0.0346 0.0685]
  true alpha/sum (per function):[0.3175 0.3175 0.1587 0.0794 0.0794 0.0476]
  cond(M)=6.85e+01  per-patient leverage shares (N entries)=[0.014 0.343 0.643]
  unidentified direction (|smallest eigvec|, per function): [0.221 0.15  0.047 0.955 0.097 0.079]
    alpha_hat = [0.2123 0.232  0.0719 0.3806 0.0346 0.0685]
    True alpha (per function) = [20. 20. 10.  5.  5.  3.]
(CVXPY) Jul 17 09:24:27 PM: Encountered unexpected exception importing solver DIFFCP:
ImportError('DLL load failed while importing _diffcp: The specified module could not be found.')
    test[ 0] Prostate_Patient_41: RelErr=29.8046  (2.6s)
(CVXPY) Jul 17 09:24:29 PM: Encountered unexpected exception importing solver DIFFCP:
ImportError('DLL load failed while importing _diffcp: The specified module could not be found.')
    test[ 1] Prostate_Patient_32: RelErr=40.3817  (1.3s)
(CVXPY) Jul 17 09:24:31 PM: Encountered unexpected exception importing solver DIFFCP:
ImportError('DLL load failed while importing _diffcp: The specified module could not be found.')
    test[ 2] Prostate_Patient_60: RelErr=38.1717  (1.0s)
(CVXPY) Jul 17 09:24:32 PM: Encountered unexpected exception importing solver DIFFCP:
ImportError('DLL load failed while importing _diffcp: The specified module could not be found.')
    test[ 3] Prostate_Patient_72: RelErr=39.8768  (0.7s)
(CVXPY) Jul 17 09:24:33 PM: Encountered unexpected exception importing solver DIFFCP:
ImportError('DLL load failed while importing _diffcp: The specified module could not be found.')
    test[ 4] Prostate_Patient_95: RelErr=35.0616  (1.1s)
(CVXPY) Jul 17 09:24:34 PM: Encountered unexpected exception importing solver DIFFCP:
ImportError('DLL load failed while importing _diffcp: The specified module could not be found.')
    test[ 5] Prostate_Patient_123: RelErr=32.6612  (1.9s)
(CVXPY) Jul 17 09:24:36 PM: Encountered unexpected exception importing solver DIFFCP:
ImportError('DLL load failed while importing _diffcp: The specified module could not be found.')
    test[ 6] Prostate_Patient_53: RelErr=31.4713  (2.1s)
(CVXPY) Jul 17 09:24:38 PM: Encountered unexpected exception importing solver DIFFCP:
ImportError('DLL load failed while importing _diffcp: The specified module could not be found.')
    test[ 7] Prostate_Patient_55: RelErr=26.0323  (1.1s)
(CVXPY) Jul 17 09:24:39 PM: Encountered unexpected exception importing solver DIFFCP:
ImportError('DLL load failed while importing _diffcp: The specified module could not be found.')
    test[ 8] Prostate_Patient_36: RelErr=35.7630  (0.9s)
(CVXPY) Jul 17 09:24:40 PM: Encountered unexpected exception importing solver DIFFCP:
ImportError('DLL load failed while importing _diffcp: The specified module could not be found.')
    test[ 9] Prostate_Patient_54: RelErr=34.4050  (0.9s)
(CVXPY) Jul 17 09:24:41 PM: Encountered unexpected exception importing solver DIFFCP:
ImportError('DLL load failed while importing _diffcp: The specified module could not be found.')
    test[10] Prostate_Patient_42: RelErr=38.2755  (1.2s)
(CVXPY) Jul 17 09:24:42 PM: Encountered unexpected exception importing solver DIFFCP:
ImportError('DLL load failed while importing _diffcp: The specified module could not be found.')
    test[11] Prostate_Patient_51: RelErr=32.5839  (1.4s)
(CVXPY) Jul 17 09:24:43 PM: Encountered unexpected exception importing solver DIFFCP:
ImportError('DLL load failed while importing _diffcp: The specified module could not be found.')
    test[12] Prostate_Patient_97: RelErr=38.1660  (0.7s)
(CVXPY) Jul 17 09:24:44 PM: Encountered unexpected exception importing solver DIFFCP:
ImportError('DLL load failed while importing _diffcp: The specified module could not be found.')
    test[13] Prostate_Patient_12: RelErr=29.5498  (3.7s)
(CVXPY) Jul 17 09:24:48 PM: Encountered unexpected exception importing solver DIFFCP:
ImportError('DLL load failed while importing _diffcp: The specified module could not be found.')
    test[14] Prostate_Patient_46: RelErr=29.3635  (1.3s)
(CVXPY) Jul 17 09:24:49 PM: Encountered unexpected exception importing solver DIFFCP:
ImportError('DLL load failed while importing _diffcp: The specified module could not be found.')
    test[15] Prostate_Patient_4: RelErr=27.9538  (2.2s)
(CVXPY) Jul 17 09:24:51 PM: Encountered unexpected exception importing solver DIFFCP:
ImportError('DLL load failed while importing _diffcp: The specified module could not be found.')
    test[16] Prostate_Patient_21: RelErr=28.2267  (3.0s)
(CVXPY) Jul 17 09:24:54 PM: Encountered unexpected exception importing solver DIFFCP:
ImportError('DLL load failed while importing _diffcp: The specified module could not be found.')
    test[17] Prostate_Patient_122: RelErr=29.5899  (4.6s)
(CVXPY) Jul 17 09:24:59 PM: Encountered unexpected exception importing solver DIFFCP:
ImportError('DLL load failed while importing _diffcp: The specified module could not be found.')
    test[18] Prostate_Patient_109: RelErr=30.6522  (1.3s)
(CVXPY) Jul 17 09:25:00 PM: Encountered unexpected exception importing solver DIFFCP:
ImportError('DLL load failed while importing _diffcp: The specified module could not be found.')
    test[19] Prostate_Patient_90: RelErr=36.2519  (0.9s)
    Mean RelErr = 33.2121  (20/20 valid, 36.6s total)

  -- N=3, rho=2, method=kkt --
    Training: 3 patients
(CVXPY) Jul 17 09:25:01 PM: Encountered unexpected exception importing solver DIFFCP:
ImportError('DLL load failed while importing _diffcp: The specified module could not be found.')
  patients used=3  comp-slack resid=1.2814e+00
  alpha_hat (sign-constrained): [0.3175 0.3175 0.1587 0.0794 0.0794 0.0476]
  true alpha/sum (per function):[0.3175 0.3175 0.1587 0.0794 0.0794 0.0476]
  cond(M)=4.64e+07  per-patient leverage shares (N entries)=[0.    0.431 0.569]
  unidentified direction (|smallest eigvec|, per function): [0.646 0.646 0.323 0.161 0.161 0.097]
    alpha_hat = [0.3175 0.3175 0.1587 0.0794 0.0794 0.0476]
    True alpha (per function) = [20. 20. 10.  5.  5.  3.]
(CVXPY) Jul 17 09:25:04 PM: Encountered unexpected exception importing solver DIFFCP:
ImportError('DLL load failed while importing _diffcp: The specified module could not be found.')
    test[ 0] Prostate_Patient_41: RelErr=0.0424  (4.3s)
(CVXPY) Jul 17 09:25:08 PM: Encountered unexpected exception importing solver DIFFCP:
ImportError('DLL load failed while importing _diffcp: The specified module could not be found.')
    test[ 1] Prostate_Patient_32: RelErr=0.0328  (2.2s)
(CVXPY) Jul 17 09:25:10 PM: Encountered unexpected exception importing solver DIFFCP:
ImportError('DLL load failed while importing _diffcp: The specified module could not be found.')
    test[ 2] Prostate_Patient_60: RelErr=0.0408  (2.2s)
(CVXPY) Jul 17 09:25:12 PM: Encountered unexpected exception importing solver DIFFCP:
ImportError('DLL load failed while importing _diffcp: The specified module could not be found.')
    test[ 3] Prostate_Patient_72: RelErr=0.0465  (1.8s)
(CVXPY) Jul 17 09:25:14 PM: Encountered unexpected exception importing solver DIFFCP:
ImportError('DLL load failed while importing _diffcp: The specified module could not be found.')
    test[ 4] Prostate_Patient_95: RelErr=0.0460  (2.3s)
(CVXPY) Jul 17 09:25:16 PM: Encountered unexpected exception importing solver DIFFCP:
ImportError('DLL load failed while importing _diffcp: The specified module could not be found.')
    test[ 5] Prostate_Patient_123: RelErr=0.0386  (3.1s)
(CVXPY) Jul 17 09:25:20 PM: Encountered unexpected exception importing solver DIFFCP:
ImportError('DLL load failed while importing _diffcp: The specified module could not be found.')
    test[ 6] Prostate_Patient_53: RelErr=0.0269  (3.5s)
(CVXPY) Jul 17 09:25:23 PM: Encountered unexpected exception importing solver DIFFCP:
ImportError('DLL load failed while importing _diffcp: The specified module could not be found.')
    test[ 7] Prostate_Patient_55: RelErr=0.0267  (1.6s)
(CVXPY) Jul 17 09:25:25 PM: Encountered unexpected exception importing solver DIFFCP:
ImportError('DLL load failed while importing _diffcp: The specified module could not be found.')
    test[ 8] Prostate_Patient_36: RelErr=0.0273  (1.9s)
(CVXPY) Jul 17 09:25:26 PM: Encountered unexpected exception importing solver DIFFCP:
ImportError('DLL load failed while importing _diffcp: The specified module could not be found.')
    test[ 9] Prostate_Patient_54: RelErr=0.0231  (1.9s)
(CVXPY) Jul 17 09:25:28 PM: Encountered unexpected exception importing solver DIFFCP:
ImportError('DLL load failed while importing _diffcp: The specified module could not be found.')
    test[10] Prostate_Patient_42: RelErr=0.0448  (2.0s)
(CVXPY) Jul 17 09:25:30 PM: Encountered unexpected exception importing solver DIFFCP:
ImportError('DLL load failed while importing _diffcp: The specified module could not be found.')
    test[11] Prostate_Patient_51: RelErr=0.0381  (2.3s)
(CVXPY) Jul 17 09:25:33 PM: Encountered unexpected exception importing solver DIFFCP:
ImportError('DLL load failed while importing _diffcp: The specified module could not be found.')
    test[12] Prostate_Patient_97: RelErr=0.0424  (2.0s)
(CVXPY) Jul 17 09:25:35 PM: Encountered unexpected exception importing solver DIFFCP:
ImportError('DLL load failed while importing _diffcp: The specified module could not be found.')
    test[13] Prostate_Patient_12: RelErr=0.0777  (7.1s)
(CVXPY) Jul 17 09:25:42 PM: Encountered unexpected exception importing solver DIFFCP:
ImportError('DLL load failed while importing _diffcp: The specified module could not be found.')
    test[14] Prostate_Patient_46: RelErr=0.0353  (2.1s)
(CVXPY) Jul 17 09:25:44 PM: Encountered unexpected exception importing solver DIFFCP:
ImportError('DLL load failed while importing _diffcp: The specified module could not be found.')
    test[15] Prostate_Patient_4: RelErr=0.0921  (3.2s)
(CVXPY) Jul 17 09:25:47 PM: Encountered unexpected exception importing solver DIFFCP:
ImportError('DLL load failed while importing _diffcp: The specified module could not be found.')
    test[16] Prostate_Patient_21: RelErr=0.0244  (7.0s)
(CVXPY) Jul 17 09:25:54 PM: Encountered unexpected exception importing solver DIFFCP:
ImportError('DLL load failed while importing _diffcp: The specified module could not be found.')
    test[17] Prostate_Patient_122: RelErr=0.0129  (14.4s)
(CVXPY) Jul 17 09:26:08 PM: Encountered unexpected exception importing solver DIFFCP:
ImportError('DLL load failed while importing _diffcp: The specified module could not be found.')
    test[18] Prostate_Patient_109: RelErr=0.0193  (2.8s)
(CVXPY) Jul 17 09:26:11 PM: Encountered unexpected exception importing solver DIFFCP:
ImportError('DLL load failed while importing _diffcp: The specified module could not be found.')
    test[19] Prostate_Patient_90: RelErr=0.0177  (1.7s)
    Mean RelErr = 0.0378  (20/20 valid, 71.9s total)

  -- N=3, rho=3, method=kkt --
    Training: 3 patients
(CVXPY) Jul 17 09:26:13 PM: Encountered unexpected exception importing solver DIFFCP:
ImportError('DLL load failed while importing _diffcp: The specified module could not be found.')
  patients used=3  comp-slack resid=5.9647e+09
  alpha_hat (sign-constrained): [0.2163 0.4729 0.2364 0.0293 0.0452 0.    ]
  true alpha/sum (per function):[0.3175 0.3175 0.1587 0.0794 0.0794 0.0476]
  cond(M)=4.23e+02  per-patient leverage shares (N entries)=[0.    0.515 0.485]
  unidentified direction (|smallest eigvec|, per function): [0.47  0.788 0.39  0.012 0.071 0.003]
    alpha_hat = [0.2163 0.4729 0.2364 0.0293 0.0452 0.    ]
    True alpha (per function) = [20. 20. 10.  5.  5.  3.]
(CVXPY) Jul 17 09:26:15 PM: Encountered unexpected exception importing solver DIFFCP:
ImportError('DLL load failed while importing _diffcp: The specified module could not be found.')
    test[ 0] Prostate_Patient_41: RelErr=9.2652  (6.4s)
(CVXPY) Jul 17 09:26:21 PM: Encountered unexpected exception importing solver DIFFCP:
ImportError('DLL load failed while importing _diffcp: The specified module could not be found.')
    test[ 1] Prostate_Patient_32: RelErr=11.7347  (2.5s)
(CVXPY) Jul 17 09:26:24 PM: Encountered unexpected exception importing solver DIFFCP:
ImportError('DLL load failed while importing _diffcp: The specified module could not be found.')
    test[ 2] Prostate_Patient_60: RelErr=13.4979  (2.1s)
(CVXPY) Jul 17 09:26:26 PM: Encountered unexpected exception importing solver DIFFCP:
ImportError('DLL load failed while importing _diffcp: The specified module could not be found.')
    test[ 3] Prostate_Patient_72: RelErr=12.1022  (2.0s)
(CVXPY) Jul 17 09:26:28 PM: Encountered unexpected exception importing solver DIFFCP:
ImportError('DLL load failed while importing _diffcp: The specified module could not be found.')
    test[ 4] Prostate_Patient_95: RelErr=13.2811  (3.3s)
(CVXPY) Jul 17 09:26:31 PM: Encountered unexpected exception importing solver DIFFCP:
ImportError('DLL load failed while importing _diffcp: The specified module could not be found.')
    test[ 5] Prostate_Patient_123: RelErr=12.1096  (3.3s)
(CVXPY) Jul 17 09:26:35 PM: Encountered unexpected exception importing solver DIFFCP:
ImportError('DLL load failed while importing _diffcp: The specified module could not be found.')
    test[ 6] Prostate_Patient_53: RelErr=10.0088  (3.9s)
(CVXPY) Jul 17 09:26:38 PM: Encountered unexpected exception importing solver DIFFCP:
ImportError('DLL load failed while importing _diffcp: The specified module could not be found.')
    test[ 7] Prostate_Patient_55: RelErr=14.7493  (2.3s)
(CVXPY) Jul 17 09:26:41 PM: Encountered unexpected exception importing solver DIFFCP:
ImportError('DLL load failed while importing _diffcp: The specified module could not be found.')
    test[ 8] Prostate_Patient_36: RelErr=12.8025  (2.9s)
(CVXPY) Jul 17 09:26:44 PM: Encountered unexpected exception importing solver DIFFCP:
ImportError('DLL load failed while importing _diffcp: The specified module could not be found.')
    test[ 9] Prostate_Patient_54: RelErr=11.8074  (1.9s)
(CVXPY) Jul 17 09:26:45 PM: Encountered unexpected exception importing solver DIFFCP:
ImportError('DLL load failed while importing _diffcp: The specified module could not be found.')
    test[10] Prostate_Patient_42: RelErr=16.6061  (3.3s)
(CVXPY) Jul 17 09:26:49 PM: Encountered unexpected exception importing solver DIFFCP:
ImportError('DLL load failed while importing _diffcp: The specified module could not be found.')
    test[11] Prostate_Patient_51: RelErr=11.2828  (5.1s)
(CVXPY) Jul 17 09:26:54 PM: Encountered unexpected exception importing solver DIFFCP:
ImportError('DLL load failed while importing _diffcp: The specified module could not be found.')
    test[12] Prostate_Patient_97: RelErr=10.7444  (3.4s)
(CVXPY) Jul 17 09:26:57 PM: Encountered unexpected exception importing solver DIFFCP:
ImportError('DLL load failed while importing _diffcp: The specified module could not be found.')
    test[13] Prostate_Patient_12: RelErr=10.1497  (9.4s)
(CVXPY) Jul 17 09:27:07 PM: Encountered unexpected exception importing solver DIFFCP:
ImportError('DLL load failed while importing _diffcp: The specified module could not be found.')
    test[14] Prostate_Patient_46: RelErr=11.4813  (2.4s)
(CVXPY) Jul 17 09:27:09 PM: Encountered unexpected exception importing solver DIFFCP:
ImportError('DLL load failed while importing _diffcp: The specified module could not be found.')
    test[15] Prostate_Patient_4: RelErr=10.7805  (4.1s)
(CVXPY) Jul 17 09:27:13 PM: Encountered unexpected exception importing solver DIFFCP:
ImportError('DLL load failed while importing _diffcp: The specified module could not be found.')
    test[16] Prostate_Patient_21: RelErr=11.0113  (7.0s)
(CVXPY) Jul 17 09:27:20 PM: Encountered unexpected exception importing solver DIFFCP:
ImportError('DLL load failed while importing _diffcp: The specified module could not be found.')
    test[17] Prostate_Patient_122: RelErr=13.6745  (11.4s)
(CVXPY) Jul 17 09:27:32 PM: Encountered unexpected exception importing solver DIFFCP:
ImportError('DLL load failed while importing _diffcp: The specified module could not be found.')
    test[18] Prostate_Patient_109: RelErr=12.9698  (3.5s)
(CVXPY) Jul 17 09:27:35 PM: Encountered unexpected exception importing solver DIFFCP:
ImportError('DLL load failed while importing _diffcp: The specified module could not be found.')
    test[19] Prostate_Patient_90: RelErr=14.3813  (1.9s)
    Mean RelErr = 12.2220  (20/20 valid, 84.1s total)

  -- N=4, rho=1, method=kkt --
    Training: 4 patients
(CVXPY) Jul 17 09:27:37 PM: Encountered unexpected exception importing solver DIFFCP:
ImportError('DLL load failed while importing _diffcp: The specified module could not be found.')
  patients used=4  comp-slack resid=3.9127e+03
  alpha_hat (sign-constrained): [0.2262 0.2014 0.0649 0.4061 0.0295 0.072 ]
  true alpha/sum (per function):[0.3175 0.3175 0.1587 0.0794 0.0794 0.0476]
  cond(M)=9.31e+01  per-patient leverage shares (N entries)=[0.009 0.225 0.422 0.344]
  unidentified direction (|smallest eigvec|, per function): [0.207 0.084 0.032 0.967 0.097 0.075]
    alpha_hat = [0.2262 0.2014 0.0649 0.4061 0.0295 0.072 ]
    True alpha (per function) = [20. 20. 10.  5.  5.  3.]
(CVXPY) Jul 17 09:27:40 PM: Encountered unexpected exception importing solver DIFFCP:
ImportError('DLL load failed while importing _diffcp: The specified module could not be found.')
    test[ 0] Prostate_Patient_41: RelErr=30.2369  (2.5s)
(CVXPY) Jul 17 09:27:43 PM: Encountered unexpected exception importing solver DIFFCP:
ImportError('DLL load failed while importing _diffcp: The specified module could not be found.')
    test[ 1] Prostate_Patient_32: RelErr=38.8971  (1.2s)
(CVXPY) Jul 17 09:27:44 PM: Encountered unexpected exception importing solver DIFFCP:
ImportError('DLL load failed while importing _diffcp: The specified module could not be found.')
    test[ 2] Prostate_Patient_60: RelErr=38.8405  (1.1s)
(CVXPY) Jul 17 09:27:45 PM: Encountered unexpected exception importing solver DIFFCP:
ImportError('DLL load failed while importing _diffcp: The specified module could not be found.')
    test[ 3] Prostate_Patient_72: RelErr=39.6417  (0.7s)
(CVXPY) Jul 17 09:27:45 PM: Encountered unexpected exception importing solver DIFFCP:
ImportError('DLL load failed while importing _diffcp: The specified module could not be found.')
    test[ 4] Prostate_Patient_95: RelErr=34.0806  (1.1s)
(CVXPY) Jul 17 09:27:47 PM: Encountered unexpected exception importing solver DIFFCP:
ImportError('DLL load failed while importing _diffcp: The specified module could not be found.')
    test[ 5] Prostate_Patient_123: RelErr=33.5451  (1.7s)
(CVXPY) Jul 17 09:27:48 PM: Encountered unexpected exception importing solver DIFFCP:
ImportError('DLL load failed while importing _diffcp: The specified module could not be found.')
    test[ 6] Prostate_Patient_53: RelErr=31.2767  (2.0s)
(CVXPY) Jul 17 09:27:50 PM: Encountered unexpected exception importing solver DIFFCP:
ImportError('DLL load failed while importing _diffcp: The specified module could not be found.')
    test[ 7] Prostate_Patient_55: RelErr=26.5121  (1.1s)
(CVXPY) Jul 17 09:27:51 PM: Encountered unexpected exception importing solver DIFFCP:
ImportError('DLL load failed while importing _diffcp: The specified module could not be found.')
    test[ 8] Prostate_Patient_36: RelErr=34.3475  (0.8s)
(CVXPY) Jul 17 09:27:52 PM: Encountered unexpected exception importing solver DIFFCP:
ImportError('DLL load failed while importing _diffcp: The specified module could not be found.')
    test[ 9] Prostate_Patient_54: RelErr=34.4452  (0.9s)
(CVXPY) Jul 17 09:27:53 PM: Encountered unexpected exception importing solver DIFFCP:
ImportError('DLL load failed while importing _diffcp: The specified module could not be found.')
    test[10] Prostate_Patient_42: RelErr=38.2831  (1.3s)
(CVXPY) Jul 17 09:27:55 PM: Encountered unexpected exception importing solver DIFFCP:
ImportError('DLL load failed while importing _diffcp: The specified module could not be found.')
    test[11] Prostate_Patient_51: RelErr=32.6422  (1.4s)
(CVXPY) Jul 17 09:27:56 PM: Encountered unexpected exception importing solver DIFFCP:
ImportError('DLL load failed while importing _diffcp: The specified module could not be found.')
    test[12] Prostate_Patient_97: RelErr=40.1029  (0.8s)
(CVXPY) Jul 17 09:27:57 PM: Encountered unexpected exception importing solver DIFFCP:
ImportError('DLL load failed while importing _diffcp: The specified module could not be found.')
    test[13] Prostate_Patient_12: RelErr=29.7894  (3.8s)
(CVXPY) Jul 17 09:28:01 PM: Encountered unexpected exception importing solver DIFFCP:
ImportError('DLL load failed while importing _diffcp: The specified module could not be found.')
    test[14] Prostate_Patient_46: RelErr=29.4712  (1.2s)
(CVXPY) Jul 17 09:28:02 PM: Encountered unexpected exception importing solver DIFFCP:
ImportError('DLL load failed while importing _diffcp: The specified module could not be found.')
    test[15] Prostate_Patient_4: RelErr=27.4639  (2.3s)
(CVXPY) Jul 17 09:28:04 PM: Encountered unexpected exception importing solver DIFFCP:
ImportError('DLL load failed while importing _diffcp: The specified module could not be found.')
    test[16] Prostate_Patient_21: RelErr=28.6141  (3.1s)
(CVXPY) Jul 17 09:28:07 PM: Encountered unexpected exception importing solver DIFFCP:
ImportError('DLL load failed while importing _diffcp: The specified module could not be found.')
    test[17] Prostate_Patient_122: RelErr=29.5750  (4.8s)
(CVXPY) Jul 17 09:28:12 PM: Encountered unexpected exception importing solver DIFFCP:
ImportError('DLL load failed while importing _diffcp: The specified module could not be found.')
    test[18] Prostate_Patient_109: RelErr=29.9696  (1.3s)
(CVXPY) Jul 17 09:28:13 PM: Encountered unexpected exception importing solver DIFFCP:
ImportError('DLL load failed while importing _diffcp: The specified module could not be found.')
    test[19] Prostate_Patient_90: RelErr=34.9497  (0.8s)
    Mean RelErr = 33.1342  (20/20 valid, 37.2s total)

  -- N=4, rho=2, method=kkt --
    Training: 4 patients
(CVXPY) Jul 17 09:28:14 PM: Encountered unexpected exception importing solver DIFFCP:
ImportError('DLL load failed while importing _diffcp: The specified module could not be found.')
  patients used=4  comp-slack resid=1.6579e+00
  alpha_hat (sign-constrained): [0.3175 0.3175 0.1587 0.0793 0.0794 0.0476]
  true alpha/sum (per function):[0.3175 0.3175 0.1587 0.0794 0.0794 0.0476]
  cond(M)=5.98e+07  per-patient leverage shares (N entries)=[0.    0.312 0.412 0.276]
  unidentified direction (|smallest eigvec|, per function): [0.646 0.646 0.323 0.161 0.161 0.097]
    alpha_hat = [0.3175 0.3175 0.1587 0.0793 0.0794 0.0476]
    True alpha (per function) = [20. 20. 10.  5.  5.  3.]
(CVXPY) Jul 17 09:28:18 PM: Encountered unexpected exception importing solver DIFFCP:
ImportError('DLL load failed while importing _diffcp: The specified module could not be found.')
    test[ 0] Prostate_Patient_41: RelErr=0.0226  (4.0s)
(CVXPY) Jul 17 09:28:22 PM: Encountered unexpected exception importing solver DIFFCP:
ImportError('DLL load failed while importing _diffcp: The specified module could not be found.')
    test[ 1] Prostate_Patient_32: RelErr=0.0327  (2.2s)
(CVXPY) Jul 17 09:28:24 PM: Encountered unexpected exception importing solver DIFFCP:
ImportError('DLL load failed while importing _diffcp: The specified module could not be found.')
    test[ 2] Prostate_Patient_60: RelErr=0.0459  (2.6s)
(CVXPY) Jul 17 09:28:27 PM: Encountered unexpected exception importing solver DIFFCP:
ImportError('DLL load failed while importing _diffcp: The specified module could not be found.')
    test[ 3] Prostate_Patient_72: RelErr=0.0465  (1.6s)
(CVXPY) Jul 17 09:28:28 PM: Encountered unexpected exception importing solver DIFFCP:
ImportError('DLL load failed while importing _diffcp: The specified module could not be found.')
    test[ 4] Prostate_Patient_95: RelErr=0.0577  (2.2s)
(CVXPY) Jul 17 09:28:30 PM: Encountered unexpected exception importing solver DIFFCP:
ImportError('DLL load failed while importing _diffcp: The specified module could not be found.')
    test[ 5] Prostate_Patient_123: RelErr=0.0414  (2.9s)
(CVXPY) Jul 17 09:28:33 PM: Encountered unexpected exception importing solver DIFFCP:
ImportError('DLL load failed while importing _diffcp: The specified module could not be found.')
    test[ 6] Prostate_Patient_53: RelErr=0.0483  (3.2s)
(CVXPY) Jul 17 09:28:37 PM: Encountered unexpected exception importing solver DIFFCP:
ImportError('DLL load failed while importing _diffcp: The specified module could not be found.')
    test[ 7] Prostate_Patient_55: RelErr=0.0263  (1.4s)
(CVXPY) Jul 17 09:28:38 PM: Encountered unexpected exception importing solver DIFFCP:
ImportError('DLL load failed while importing _diffcp: The specified module could not be found.')
    test[ 8] Prostate_Patient_36: RelErr=0.0246  (1.7s)
(CVXPY) Jul 17 09:28:40 PM: Encountered unexpected exception importing solver DIFFCP:
ImportError('DLL load failed while importing _diffcp: The specified module could not be found.')
    test[ 9] Prostate_Patient_54: RelErr=0.0237  (1.8s)
(CVXPY) Jul 17 09:28:41 PM: Encountered unexpected exception importing solver DIFFCP:
ImportError('DLL load failed while importing _diffcp: The specified module could not be found.')
    test[10] Prostate_Patient_42: RelErr=0.0447  (2.1s)
(CVXPY) Jul 17 09:28:44 PM: Encountered unexpected exception importing solver DIFFCP:
ImportError('DLL load failed while importing _diffcp: The specified module could not be found.')
    test[11] Prostate_Patient_51: RelErr=0.0325  (2.2s)
(CVXPY) Jul 17 09:28:46 PM: Encountered unexpected exception importing solver DIFFCP:
ImportError('DLL load failed while importing _diffcp: The specified module could not be found.')
    test[12] Prostate_Patient_97: RelErr=0.0216  (2.1s)
(CVXPY) Jul 17 09:28:48 PM: Encountered unexpected exception importing solver DIFFCP:
ImportError('DLL load failed while importing _diffcp: The specified module could not be found.')
    test[13] Prostate_Patient_12: RelErr=0.0182  (6.6s)
(CVXPY) Jul 17 09:28:54 PM: Encountered unexpected exception importing solver DIFFCP:
ImportError('DLL load failed while importing _diffcp: The specified module could not be found.')
    test[14] Prostate_Patient_46: RelErr=0.0353  (2.0s)
(CVXPY) Jul 17 09:28:56 PM: Encountered unexpected exception importing solver DIFFCP:
ImportError('DLL load failed while importing _diffcp: The specified module could not be found.')
    test[15] Prostate_Patient_4: RelErr=0.0330  (3.2s)
(CVXPY) Jul 17 09:29:00 PM: Encountered unexpected exception importing solver DIFFCP:
ImportError('DLL load failed while importing _diffcp: The specified module could not be found.')
    test[16] Prostate_Patient_21: RelErr=0.0326  (6.0s)
(CVXPY) Jul 17 09:29:06 PM: Encountered unexpected exception importing solver DIFFCP:
ImportError('DLL load failed while importing _diffcp: The specified module could not be found.')
    test[17] Prostate_Patient_122: RelErr=0.0117  (14.1s)
(CVXPY) Jul 17 09:29:20 PM: Encountered unexpected exception importing solver DIFFCP:
ImportError('DLL load failed while importing _diffcp: The specified module could not be found.')
    test[18] Prostate_Patient_109: RelErr=0.0190  (2.9s)
(CVXPY) Jul 17 09:29:23 PM: Encountered unexpected exception importing solver DIFFCP:
ImportError('DLL load failed while importing _diffcp: The specified module could not be found.')
    test[19] Prostate_Patient_90: RelErr=0.0289  (1.6s)
    Mean RelErr = 0.0324  (20/20 valid, 70.1s total)

  -- N=4, rho=3, method=kkt --
    Training: 4 patients
(CVXPY) Jul 17 09:29:24 PM: Encountered unexpected exception importing solver DIFFCP:
ImportError('DLL load failed while importing _diffcp: The specified module could not be found.')
  patients used=4  comp-slack resid=6.4002e+09
  alpha_hat (sign-constrained): [0.2118 0.4818 0.2318 0.0297 0.0449 0.    ]
  true alpha/sum (per function):[0.3175 0.3175 0.1587 0.0794 0.0794 0.0476]
  cond(M)=4.23e+02  per-patient leverage shares (N entries)=[0.    0.4   0.377 0.223]
  unidentified direction (|smallest eigvec|, per function): [0.37  0.849 0.368 0.052 0.068 0.   ]
    alpha_hat = [0.2118 0.4818 0.2318 0.0297 0.0449 0.    ]
    True alpha (per function) = [20. 20. 10.  5.  5.  3.]
(CVXPY) Jul 17 09:29:27 PM: Encountered unexpected exception importing solver DIFFCP:
ImportError('DLL load failed while importing _diffcp: The specified module could not be found.')
    test[ 0] Prostate_Patient_41: RelErr=9.2453  (7.1s)
(CVXPY) Jul 17 09:29:34 PM: Encountered unexpected exception importing solver DIFFCP:
ImportError('DLL load failed while importing _diffcp: The specified module could not be found.')
    test[ 1] Prostate_Patient_32: RelErr=11.7627  (3.6s)
(CVXPY) Jul 17 09:29:38 PM: Encountered unexpected exception importing solver DIFFCP:
ImportError('DLL load failed while importing _diffcp: The specified module could not be found.')
    test[ 2] Prostate_Patient_60: RelErr=13.4742  (2.0s)
(CVXPY) Jul 17 09:29:40 PM: Encountered unexpected exception importing solver DIFFCP:
ImportError('DLL load failed while importing _diffcp: The specified module could not be found.')
    test[ 3] Prostate_Patient_72: RelErr=12.1154  (1.6s)
(CVXPY) Jul 17 09:29:41 PM: Encountered unexpected exception importing solver DIFFCP:
ImportError('DLL load failed while importing _diffcp: The specified module could not be found.')
    test[ 4] Prostate_Patient_95: RelErr=13.2269  (2.8s)
(CVXPY) Jul 17 09:29:44 PM: Encountered unexpected exception importing solver DIFFCP:
ImportError('DLL load failed while importing _diffcp: The specified module could not be found.')
    test[ 5] Prostate_Patient_123: RelErr=12.0814  (3.2s)
(CVXPY) Jul 17 09:29:47 PM: Encountered unexpected exception importing solver DIFFCP:
ImportError('DLL load failed while importing _diffcp: The specified module could not be found.')
    test[ 6] Prostate_Patient_53: RelErr=9.9967  (3.9s)
(CVXPY) Jul 17 09:29:51 PM: Encountered unexpected exception importing solver DIFFCP:
ImportError('DLL load failed while importing _diffcp: The specified module could not be found.')
    test[ 7] Prostate_Patient_55: RelErr=14.8292  (1.6s)
(CVXPY) Jul 17 09:29:53 PM: Encountered unexpected exception importing solver DIFFCP:
ImportError('DLL load failed while importing _diffcp: The specified module could not be found.')
    test[ 8] Prostate_Patient_36: RelErr=12.9278  (2.5s)
(CVXPY) Jul 17 09:29:55 PM: Encountered unexpected exception importing solver DIFFCP:
ImportError('DLL load failed while importing _diffcp: The specified module could not be found.')
    test[ 9] Prostate_Patient_54: RelErr=11.8043  (1.9s)
(CVXPY) Jul 17 09:29:57 PM: Encountered unexpected exception importing solver DIFFCP:
ImportError('DLL load failed while importing _diffcp: The specified module could not be found.')
    test[10] Prostate_Patient_42: RelErr=16.6438  (2.3s)
(CVXPY) Jul 17 09:29:59 PM: Encountered unexpected exception importing solver DIFFCP:
ImportError('DLL load failed while importing _diffcp: The specified module could not be found.')
    test[11] Prostate_Patient_51: RelErr=11.2062  (2.6s)
(CVXPY) Jul 17 09:30:02 PM: Encountered unexpected exception importing solver DIFFCP:
ImportError('DLL load failed while importing _diffcp: The specified module could not be found.')
    test[12] Prostate_Patient_97: RelErr=10.7247  (2.3s)
(CVXPY) Jul 17 09:30:04 PM: Encountered unexpected exception importing solver DIFFCP:
ImportError('DLL load failed while importing _diffcp: The specified module could not be found.')
    test[13] Prostate_Patient_12: RelErr=10.1414  (8.9s)
(CVXPY) Jul 17 09:30:13 PM: Encountered unexpected exception importing solver DIFFCP:
ImportError('DLL load failed while importing _diffcp: The specified module could not be found.')
    test[14] Prostate_Patient_46: RelErr=11.5021  (2.9s)
(CVXPY) Jul 17 09:30:16 PM: Encountered unexpected exception importing solver DIFFCP:
ImportError('DLL load failed while importing _diffcp: The specified module could not be found.')
    test[15] Prostate_Patient_4: RelErr=10.8125  (6.2s)
(CVXPY) Jul 17 09:30:22 PM: Encountered unexpected exception importing solver DIFFCP:
ImportError('DLL load failed while importing _diffcp: The specified module could not be found.')
    test[16] Prostate_Patient_21: RelErr=10.9871  (6.4s)
(CVXPY) Jul 17 09:30:29 PM: Encountered unexpected exception importing solver DIFFCP:
ImportError('DLL load failed while importing _diffcp: The specified module could not be found.')
    test[17] Prostate_Patient_122: RelErr=13.6773  (11.2s)
(CVXPY) Jul 17 09:30:40 PM: Encountered unexpected exception importing solver DIFFCP:
ImportError('DLL load failed while importing _diffcp: The specified module could not be found.')
    test[18] Prostate_Patient_109: RelErr=12.9880  (3.4s)
(CVXPY) Jul 17 09:30:43 PM: Encountered unexpected exception importing solver DIFFCP:
ImportError('DLL load failed while importing _diffcp: The specified module could not be found.')
    test[19] Prostate_Patient_90: RelErr=14.3747  (1.6s)
    Mean RelErr = 12.2261  (20/20 valid, 80.6s total)

  -- N=5, rho=1, method=kkt --
    Training: 5 patients
(CVXPY) Jul 17 09:30:45 PM: Encountered unexpected exception importing solver DIFFCP:
ImportError('DLL load failed while importing _diffcp: The specified module could not be found.')
  patients used=5  comp-slack resid=4.7519e+03
  alpha_hat (sign-constrained): [0.2069 0.2119 0.0633 0.4249 0.0349 0.0582]
  true alpha/sum (per function):[0.3175 0.3175 0.1587 0.0794 0.0794 0.0476]
  cond(M)=1.23e+02  per-patient leverage shares (N entries)=[0.006 0.151 0.283 0.231 0.329]
  unidentified direction (|smallest eigvec|, per function): [0.159 0.115 0.025 0.977 0.076 0.036]
    alpha_hat = [0.2069 0.2119 0.0633 0.4249 0.0349 0.0582]
    True alpha (per function) = [20. 20. 10.  5.  5.  3.]
(CVXPY) Jul 17 09:30:48 PM: Encountered unexpected exception importing solver DIFFCP:
ImportError('DLL load failed while importing _diffcp: The specified module could not be found.')
    test[ 0] Prostate_Patient_41: RelErr=29.8836  (2.4s)
(CVXPY) Jul 17 09:30:51 PM: Encountered unexpected exception importing solver DIFFCP:
ImportError('DLL load failed while importing _diffcp: The specified module could not be found.')
    test[ 1] Prostate_Patient_32: RelErr=40.9634  (1.3s)
(CVXPY) Jul 17 09:30:52 PM: Encountered unexpected exception importing solver DIFFCP:
ImportError('DLL load failed while importing _diffcp: The specified module could not be found.')
    test[ 2] Prostate_Patient_60: RelErr=36.8199  (1.0s)
(CVXPY) Jul 17 09:30:53 PM: Encountered unexpected exception importing solver DIFFCP:
ImportError('DLL load failed while importing _diffcp: The specified module could not be found.')
    test[ 3] Prostate_Patient_72: RelErr=39.8260  (0.7s)
(CVXPY) Jul 17 09:30:54 PM: Encountered unexpected exception importing solver DIFFCP:
ImportError('DLL load failed while importing _diffcp: The specified module could not be found.')
    test[ 4] Prostate_Patient_95: RelErr=33.5841  (1.1s)
(CVXPY) Jul 17 09:30:55 PM: Encountered unexpected exception importing solver DIFFCP:
ImportError('DLL load failed while importing _diffcp: The specified module could not be found.')
    test[ 5] Prostate_Patient_123: RelErr=33.1698  (1.8s)
(CVXPY) Jul 17 09:30:57 PM: Encountered unexpected exception importing solver DIFFCP:
ImportError('DLL load failed while importing _diffcp: The specified module could not be found.')
    test[ 6] Prostate_Patient_53: RelErr=32.2231  (2.0s)
(CVXPY) Jul 17 09:30:59 PM: Encountered unexpected exception importing solver DIFFCP:
ImportError('DLL load failed while importing _diffcp: The specified module could not be found.')
    test[ 7] Prostate_Patient_55: RelErr=26.0210  (1.2s)
(CVXPY) Jul 17 09:31:00 PM: Encountered unexpected exception importing solver DIFFCP:
ImportError('DLL load failed while importing _diffcp: The specified module could not be found.')
    test[ 8] Prostate_Patient_36: RelErr=35.5725  (0.8s)
(CVXPY) Jul 17 09:31:01 PM: Encountered unexpected exception importing solver DIFFCP:
ImportError('DLL load failed while importing _diffcp: The specified module could not be found.')
    test[ 9] Prostate_Patient_54: RelErr=35.0359  (0.9s)
(CVXPY) Jul 17 09:31:02 PM: Encountered unexpected exception importing solver DIFFCP:
ImportError('DLL load failed while importing _diffcp: The specified module could not be found.')
    test[10] Prostate_Patient_42: RelErr=36.2454  (1.2s)
(CVXPY) Jul 17 09:31:03 PM: Encountered unexpected exception importing solver DIFFCP:
ImportError('DLL load failed while importing _diffcp: The specified module could not be found.')
    test[11] Prostate_Patient_51: RelErr=32.2662  (1.3s)
(CVXPY) Jul 17 09:31:04 PM: Encountered unexpected exception importing solver DIFFCP:
ImportError('DLL load failed while importing _diffcp: The specified module could not be found.')
    test[12] Prostate_Patient_97: RelErr=39.4219  (0.7s)
(CVXPY) Jul 17 09:31:05 PM: Encountered unexpected exception importing solver DIFFCP:
ImportError('DLL load failed while importing _diffcp: The specified module could not be found.')
    test[13] Prostate_Patient_12: RelErr=29.2892  (3.8s)
(CVXPY) Jul 17 09:31:09 PM: Encountered unexpected exception importing solver DIFFCP:
ImportError('DLL load failed while importing _diffcp: The specified module could not be found.')
    test[14] Prostate_Patient_46: RelErr=29.2318  (1.2s)
(CVXPY) Jul 17 09:31:10 PM: Encountered unexpected exception importing solver DIFFCP:
ImportError('DLL load failed while importing _diffcp: The specified module could not be found.')
    test[15] Prostate_Patient_4: RelErr=28.4719  (2.1s)
(CVXPY) Jul 17 09:31:12 PM: Encountered unexpected exception importing solver DIFFCP:
ImportError('DLL load failed while importing _diffcp: The specified module could not be found.')
    test[16] Prostate_Patient_21: RelErr=28.2360  (3.0s)
(CVXPY) Jul 17 09:31:15 PM: Encountered unexpected exception importing solver DIFFCP:
ImportError('DLL load failed while importing _diffcp: The specified module could not be found.')
    test[17] Prostate_Patient_122: RelErr=28.7683  (4.4s)
(CVXPY) Jul 17 09:31:19 PM: Encountered unexpected exception importing solver DIFFCP:
ImportError('DLL load failed while importing _diffcp: The specified module could not be found.')
    test[18] Prostate_Patient_109: RelErr=31.9453  (1.3s)
(CVXPY) Jul 17 09:31:21 PM: Encountered unexpected exception importing solver DIFFCP:
ImportError('DLL load failed while importing _diffcp: The specified module could not be found.')
    test[19] Prostate_Patient_90: RelErr=34.5395  (0.8s)
    Mean RelErr = 33.0757  (20/20 valid, 36.8s total)

  -- N=5, rho=2, method=kkt --
    Training: 5 patients
(CVXPY) Jul 17 09:31:22 PM: Encountered unexpected exception importing solver DIFFCP:
ImportError('DLL load failed while importing _diffcp: The specified module could not be found.')
  patients used=5  comp-slack resid=1.8240e+00
  alpha_hat (sign-constrained): [0.3175 0.3174 0.1587 0.0793 0.0794 0.0476]
  true alpha/sum (per function):[0.3175 0.3175 0.1587 0.0794 0.0794 0.0476]
  cond(M)=9.43e+07  per-patient leverage shares (N entries)=[0.    0.205 0.27  0.181 0.344]
  unidentified direction (|smallest eigvec|, per function): [0.646 0.646 0.323 0.161 0.161 0.097]
    alpha_hat = [0.3175 0.3174 0.1587 0.0793 0.0794 0.0476]
    True alpha (per function) = [20. 20. 10.  5.  5.  3.]
(CVXPY) Jul 17 09:31:26 PM: Encountered unexpected exception importing solver DIFFCP:
ImportError('DLL load failed while importing _diffcp: The specified module could not be found.')
    test[ 0] Prostate_Patient_41: RelErr=0.0396  (4.0s)
(CVXPY) Jul 17 09:31:30 PM: Encountered unexpected exception importing solver DIFFCP:
ImportError('DLL load failed while importing _diffcp: The specified module could not be found.')
    test[ 1] Prostate_Patient_32: RelErr=0.0319  (2.2s)
(CVXPY) Jul 17 09:31:32 PM: Encountered unexpected exception importing solver DIFFCP:
ImportError('DLL load failed while importing _diffcp: The specified module could not be found.')
    test[ 2] Prostate_Patient_60: RelErr=0.0418  (2.1s)
(CVXPY) Jul 17 09:31:34 PM: Encountered unexpected exception importing solver DIFFCP:
ImportError('DLL load failed while importing _diffcp: The specified module could not be found.')
    test[ 3] Prostate_Patient_72: RelErr=0.0460  (1.7s)
(CVXPY) Jul 17 09:31:36 PM: Encountered unexpected exception importing solver DIFFCP:
ImportError('DLL load failed while importing _diffcp: The specified module could not be found.')
    test[ 4] Prostate_Patient_95: RelErr=0.0529  (2.0s)
(CVXPY) Jul 17 09:31:38 PM: Encountered unexpected exception importing solver DIFFCP:
ImportError('DLL load failed while importing _diffcp: The specified module could not be found.')
    test[ 5] Prostate_Patient_123: RelErr=0.0380  (2.9s)
(CVXPY) Jul 17 09:31:41 PM: Encountered unexpected exception importing solver DIFFCP:
ImportError('DLL load failed while importing _diffcp: The specified module could not be found.')
    test[ 6] Prostate_Patient_53: RelErr=0.0257  (3.2s)
(CVXPY) Jul 17 09:31:44 PM: Encountered unexpected exception importing solver DIFFCP:
ImportError('DLL load failed while importing _diffcp: The specified module could not be found.')
    test[ 7] Prostate_Patient_55: RelErr=0.0161  (1.4s)
(CVXPY) Jul 17 09:31:45 PM: Encountered unexpected exception importing solver DIFFCP:
ImportError('DLL load failed while importing _diffcp: The specified module could not be found.')
    test[ 8] Prostate_Patient_36: RelErr=0.0318  (1.7s)
(CVXPY) Jul 17 09:31:47 PM: Encountered unexpected exception importing solver DIFFCP:
ImportError('DLL load failed while importing _diffcp: The specified module could not be found.')
    test[ 9] Prostate_Patient_54: RelErr=0.0248  (1.8s)
(CVXPY) Jul 17 09:31:49 PM: Encountered unexpected exception importing solver DIFFCP:
ImportError('DLL load failed while importing _diffcp: The specified module could not be found.')
    test[10] Prostate_Patient_42: RelErr=0.0329  (2.0s)
(CVXPY) Jul 17 09:31:51 PM: Encountered unexpected exception importing solver DIFFCP:
ImportError('DLL load failed while importing _diffcp: The specified module could not be found.')
    test[11] Prostate_Patient_51: RelErr=0.0318  (2.2s)
(CVXPY) Jul 17 09:31:53 PM: Encountered unexpected exception importing solver DIFFCP:
ImportError('DLL load failed while importing _diffcp: The specified module could not be found.')
    test[12] Prostate_Patient_97: RelErr=0.0415  (1.8s)
(CVXPY) Jul 17 09:31:55 PM: Encountered unexpected exception importing solver DIFFCP:
ImportError('DLL load failed while importing _diffcp: The specified module could not be found.')
    test[13] Prostate_Patient_12: RelErr=0.0174  (6.4s)
(CVXPY) Jul 17 09:32:01 PM: Encountered unexpected exception importing solver DIFFCP:
ImportError('DLL load failed while importing _diffcp: The specified module could not be found.')
    test[14] Prostate_Patient_46: RelErr=0.0350  (2.0s)
(CVXPY) Jul 17 09:32:03 PM: Encountered unexpected exception importing solver DIFFCP:
ImportError('DLL load failed while importing _diffcp: The specified module could not be found.')
    test[15] Prostate_Patient_4: RelErr=0.0408  (3.1s)
(CVXPY) Jul 17 09:32:06 PM: Encountered unexpected exception importing solver DIFFCP:
ImportError('DLL load failed while importing _diffcp: The specified module could not be found.')
    test[16] Prostate_Patient_21: RelErr=0.0225  (5.9s)
(CVXPY) Jul 17 09:32:12 PM: Encountered unexpected exception importing solver DIFFCP:
ImportError('DLL load failed while importing _diffcp: The specified module could not be found.')
    test[17] Prostate_Patient_122: RelErr=0.0108  (14.2s)
(CVXPY) Jul 17 09:32:26 PM: Encountered unexpected exception importing solver DIFFCP:
ImportError('DLL load failed while importing _diffcp: The specified module could not be found.')
    test[18] Prostate_Patient_109: RelErr=0.0220  (2.9s)
(CVXPY) Jul 17 09:32:29 PM: Encountered unexpected exception importing solver DIFFCP:
ImportError('DLL load failed while importing _diffcp: The specified module could not be found.')
    test[19] Prostate_Patient_90: RelErr=0.0171  (1.7s)
    Mean RelErr = 0.0310  (20/20 valid, 69.2s total)

  -- N=5, rho=3, method=kkt --
    Training: 5 patients
(CVXPY) Jul 17 09:32:31 PM: Encountered unexpected exception importing solver DIFFCP:
ImportError('DLL load failed while importing _diffcp: The specified module could not be found.')
  patients used=5  comp-slack resid=9.3275e+09
  alpha_hat (sign-constrained): [0.2419 0.481  0.188  0.0474 0.0417 0.    ]
  true alpha/sum (per function):[0.3175 0.3175 0.1587 0.0794 0.0794 0.0476]
  cond(M)=3.67e+02  per-patient leverage shares (N entries)=[0.    0.299 0.281 0.166 0.253]
  unidentified direction (|smallest eigvec|, per function): [0.432 0.846 0.294 0.079 0.067 0.004]
    alpha_hat = [0.2419 0.481  0.188  0.0474 0.0417 0.    ]
    True alpha (per function) = [20. 20. 10.  5.  5.  3.]
(CVXPY) Jul 17 09:32:37 PM: Encountered unexpected exception importing solver DIFFCP:
ImportError('DLL load failed while importing _diffcp: The specified module could not be found.')
    test[ 0] Prostate_Patient_41: RelErr=9.3060  (6.3s)
(CVXPY) Jul 17 09:32:44 PM: Encountered unexpected exception importing solver DIFFCP:
ImportError('DLL load failed while importing _diffcp: The specified module could not be found.')
    test[ 1] Prostate_Patient_32: RelErr=11.4589  (2.5s)
(CVXPY) Jul 17 09:32:46 PM: Encountered unexpected exception importing solver DIFFCP:
ImportError('DLL load failed while importing _diffcp: The specified module could not be found.')
    test[ 2] Prostate_Patient_60: RelErr=13.3818  (2.9s)
(CVXPY) Jul 17 09:32:49 PM: Encountered unexpected exception importing solver DIFFCP:
ImportError('DLL load failed while importing _diffcp: The specified module could not be found.')
    test[ 3] Prostate_Patient_72: RelErr=12.0083  (1.6s)
(CVXPY) Jul 17 09:32:51 PM: Encountered unexpected exception importing solver DIFFCP:
ImportError('DLL load failed while importing _diffcp: The specified module could not be found.')
    test[ 4] Prostate_Patient_95: RelErr=12.9404  (2.0s)
(CVXPY) Jul 17 09:32:53 PM: Encountered unexpected exception importing solver DIFFCP:
ImportError('DLL load failed while importing _diffcp: The specified module could not be found.')
    test[ 5] Prostate_Patient_123: RelErr=11.6495  (3.4s)
(CVXPY) Jul 17 09:32:56 PM: Encountered unexpected exception importing solver DIFFCP:
ImportError('DLL load failed while importing _diffcp: The specified module could not be found.')
    test[ 6] Prostate_Patient_53: RelErr=10.0007  (3.7s)
(CVXPY) Jul 17 09:33:00 PM: Encountered unexpected exception importing solver DIFFCP:
ImportError('DLL load failed while importing _diffcp: The specified module could not be found.')
    test[ 7] Prostate_Patient_55: RelErr=15.2690  (1.5s)
(CVXPY) Jul 17 09:33:01 PM: Encountered unexpected exception importing solver DIFFCP:
ImportError('DLL load failed while importing _diffcp: The specified module could not be found.')
    test[ 8] Prostate_Patient_36: RelErr=13.4083  (1.9s)
(CVXPY) Jul 17 09:33:03 PM: Encountered unexpected exception importing solver DIFFCP:
ImportError('DLL load failed while importing _diffcp: The specified module could not be found.')
    test[ 9] Prostate_Patient_54: RelErr=11.4479  (2.1s)
(CVXPY) Jul 17 09:33:05 PM: Encountered unexpected exception importing solver DIFFCP:
ImportError('DLL load failed while importing _diffcp: The specified module could not be found.')
    test[10] Prostate_Patient_42: RelErr=17.0779  (2.3s)
(CVXPY) Jul 17 09:33:08 PM: Encountered unexpected exception importing solver DIFFCP:
ImportError('DLL load failed while importing _diffcp: The specified module could not be found.')
    test[11] Prostate_Patient_51: RelErr=10.5038  (3.5s)
(CVXPY) Jul 17 09:33:11 PM: Encountered unexpected exception importing solver DIFFCP:
ImportError('DLL load failed while importing _diffcp: The specified module could not be found.')
    test[12] Prostate_Patient_97: RelErr=10.4290  (2.6s)
(CVXPY) Jul 17 09:33:14 PM: Encountered unexpected exception importing solver DIFFCP:
ImportError('DLL load failed while importing _diffcp: The specified module could not be found.')
    test[13] Prostate_Patient_12: RelErr=9.6577  (8.7s)
(CVXPY) Jul 17 09:33:22 PM: Encountered unexpected exception importing solver DIFFCP:
ImportError('DLL load failed while importing _diffcp: The specified module could not be found.')
    test[14] Prostate_Patient_46: RelErr=11.4536  (2.3s)
(CVXPY) Jul 17 09:33:25 PM: Encountered unexpected exception importing solver DIFFCP:
ImportError('DLL load failed while importing _diffcp: The specified module could not be found.')
    test[15] Prostate_Patient_4: RelErr=11.0750  (5.4s)
(CVXPY) Jul 17 09:33:30 PM: Encountered unexpected exception importing solver DIFFCP:
ImportError('DLL load failed while importing _diffcp: The specified module could not be found.')
    test[16] Prostate_Patient_21: RelErr=10.7377  (6.4s)
(CVXPY) Jul 17 09:33:37 PM: Encountered unexpected exception importing solver DIFFCP:
ImportError('DLL load failed while importing _diffcp: The specified module could not be found.')
    test[17] Prostate_Patient_122: RelErr=13.2661  (12.5s)
(CVXPY) Jul 17 09:33:49 PM: Encountered unexpected exception importing solver DIFFCP:
ImportError('DLL load failed while importing _diffcp: The specified module could not be found.')
    test[18] Prostate_Patient_109: RelErr=13.0577  (3.4s)
(CVXPY) Jul 17 09:33:52 PM: Encountered unexpected exception importing solver DIFFCP:
ImportError('DLL load failed while importing _diffcp: The specified module could not be found.')
    test[19] Prostate_Patient_90: RelErr=14.1478  (1.6s)
    Mean RelErr = 12.1139  (20/20 valid, 83.3s total)

  -- N=6, rho=1, method=kkt --
    Training: 6 patients
(CVXPY) Jul 17 09:33:54 PM: Encountered unexpected exception importing solver DIFFCP:
ImportError('DLL load failed while importing _diffcp: The specified module could not be found.')
  patients used=6  comp-slack resid=5.8812e+03
  alpha_hat (sign-constrained): [0.1368 0.2331 0.0624 0.476  0.0361 0.0557]
  true alpha/sum (per function):[0.3175 0.3175 0.1587 0.0794 0.0794 0.0476]
  cond(M)=1.44e+02  per-patient leverage shares (N entries)=[0.005 0.112 0.211 0.172 0.245 0.256]
  unidentified direction (|smallest eigvec|, per function): [0.09  0.099 0.019 0.988 0.064 0.025]
    alpha_hat = [0.1368 0.2331 0.0624 0.476  0.0361 0.0557]
    True alpha (per function) = [20. 20. 10.  5.  5.  3.]
(CVXPY) Jul 17 09:33:58 PM: Encountered unexpected exception importing solver DIFFCP:
ImportError('DLL load failed while importing _diffcp: The specified module could not be found.')
    test[ 0] Prostate_Patient_41: RelErr=30.1555  (2.4s)
(CVXPY) Jul 17 09:34:00 PM: Encountered unexpected exception importing solver DIFFCP:
ImportError('DLL load failed while importing _diffcp: The specified module could not be found.')
    test[ 1] Prostate_Patient_32: RelErr=41.2486  (1.4s)
(CVXPY) Jul 17 09:34:02 PM: Encountered unexpected exception importing solver DIFFCP:
ImportError('DLL load failed while importing _diffcp: The specified module could not be found.')
    test[ 2] Prostate_Patient_60: RelErr=36.7288  (1.2s)
(CVXPY) Jul 17 09:34:03 PM: Encountered unexpected exception importing solver DIFFCP:
ImportError('DLL load failed while importing _diffcp: The specified module could not be found.')
    test[ 3] Prostate_Patient_72: RelErr=40.1401  (0.7s)
(CVXPY) Jul 17 09:34:04 PM: Encountered unexpected exception importing solver DIFFCP:
ImportError('DLL load failed while importing _diffcp: The specified module could not be found.')
    test[ 4] Prostate_Patient_95: RelErr=34.9594  (1.0s)
(CVXPY) Jul 17 09:34:05 PM: Encountered unexpected exception importing solver DIFFCP:
ImportError('DLL load failed while importing _diffcp: The specified module could not be found.')
    test[ 5] Prostate_Patient_123: RelErr=33.9313  (1.8s)
(CVXPY) Jul 17 09:34:06 PM: Encountered unexpected exception importing solver DIFFCP:
ImportError('DLL load failed while importing _diffcp: The specified module could not be found.')
    test[ 6] Prostate_Patient_53: RelErr=31.0988  (1.9s)
(CVXPY) Jul 17 09:34:08 PM: Encountered unexpected exception importing solver DIFFCP:
ImportError('DLL load failed while importing _diffcp: The specified module could not be found.')
    test[ 7] Prostate_Patient_55: RelErr=27.1371  (1.1s)
(CVXPY) Jul 17 09:34:09 PM: Encountered unexpected exception importing solver DIFFCP:
ImportError('DLL load failed while importing _diffcp: The specified module could not be found.')
    test[ 8] Prostate_Patient_36: RelErr=35.8767  (0.8s)
(CVXPY) Jul 17 09:34:10 PM: Encountered unexpected exception importing solver DIFFCP:
ImportError('DLL load failed while importing _diffcp: The specified module could not be found.')
    test[ 9] Prostate_Patient_54: RelErr=34.9505  (0.9s)
(CVXPY) Jul 17 09:34:11 PM: Encountered unexpected exception importing solver DIFFCP:
ImportError('DLL load failed while importing _diffcp: The specified module could not be found.')
    test[10] Prostate_Patient_42: RelErr=35.1024  (1.2s)
(CVXPY) Jul 17 09:34:12 PM: Encountered unexpected exception importing solver DIFFCP:
ImportError('DLL load failed while importing _diffcp: The specified module could not be found.')
    test[11] Prostate_Patient_51: RelErr=32.4893  (1.4s)
(CVXPY) Jul 17 09:34:14 PM: Encountered unexpected exception importing solver DIFFCP:
ImportError('DLL load failed while importing _diffcp: The specified module could not be found.')
    test[12] Prostate_Patient_97: RelErr=36.5930  (0.7s)
(CVXPY) Jul 17 09:34:15 PM: Encountered unexpected exception importing solver DIFFCP:
ImportError('DLL load failed while importing _diffcp: The specified module could not be found.')
    test[13] Prostate_Patient_12: RelErr=28.9698  (3.9s)
(CVXPY) Jul 17 09:34:18 PM: Encountered unexpected exception importing solver DIFFCP:
ImportError('DLL load failed while importing _diffcp: The specified module could not be found.')
    test[14] Prostate_Patient_46: RelErr=28.3086  (1.3s)
(CVXPY) Jul 17 09:34:20 PM: Encountered unexpected exception importing solver DIFFCP:
ImportError('DLL load failed while importing _diffcp: The specified module could not be found.')
    test[15] Prostate_Patient_4: RelErr=29.8818  (2.1s)
(CVXPY) Jul 17 09:34:22 PM: Encountered unexpected exception importing solver DIFFCP:
ImportError('DLL load failed while importing _diffcp: The specified module could not be found.')
    test[16] Prostate_Patient_21: RelErr=27.3113  (3.0s)
(CVXPY) Jul 17 09:34:25 PM: Encountered unexpected exception importing solver DIFFCP:
ImportError('DLL load failed while importing _diffcp: The specified module could not be found.')
    test[17] Prostate_Patient_122: RelErr=28.1062  (4.7s)
(CVXPY) Jul 17 09:34:30 PM: Encountered unexpected exception importing solver DIFFCP:
ImportError('DLL load failed while importing _diffcp: The specified module could not be found.')
    test[18] Prostate_Patient_109: RelErr=33.4161  (1.3s)
(CVXPY) Jul 17 09:34:31 PM: Encountered unexpected exception importing solver DIFFCP:
ImportError('DLL load failed while importing _diffcp: The specified module could not be found.')
    test[19] Prostate_Patient_90: RelErr=35.9150  (0.9s)
    Mean RelErr = 33.1160  (20/20 valid, 37.6s total)

  -- N=6, rho=2, method=kkt --
    Training: 6 patients
(CVXPY) Jul 17 09:34:32 PM: Encountered unexpected exception importing solver DIFFCP:
ImportError('DLL load failed while importing _diffcp: The specified module could not be found.')
  patients used=6  comp-slack resid=1.9680e+00
  alpha_hat (sign-constrained): [0.3175 0.3174 0.1587 0.0794 0.0794 0.0476]
  true alpha/sum (per function):[0.3175 0.3175 0.1587 0.0794 0.0794 0.0476]
  cond(M)=1.18e+08  per-patient leverage shares (N entries)=[0.    0.153 0.202 0.135 0.258 0.252]
  unidentified direction (|smallest eigvec|, per function): [0.646 0.646 0.323 0.161 0.161 0.097]
    alpha_hat = [0.3175 0.3174 0.1587 0.0794 0.0794 0.0476]
    True alpha (per function) = [20. 20. 10.  5.  5.  3.]
(CVXPY) Jul 17 09:34:37 PM: Encountered unexpected exception importing solver DIFFCP:
ImportError('DLL load failed while importing _diffcp: The specified module could not be found.')
    test[ 0] Prostate_Patient_41: RelErr=0.0238  (4.4s)
(CVXPY) Jul 17 09:34:41 PM: Encountered unexpected exception importing solver DIFFCP:
ImportError('DLL load failed while importing _diffcp: The specified module could not be found.')
    test[ 1] Prostate_Patient_32: RelErr=0.0314  (2.3s)
(CVXPY) Jul 17 09:34:43 PM: Encountered unexpected exception importing solver DIFFCP:
ImportError('DLL load failed while importing _diffcp: The specified module could not be found.')
    test[ 2] Prostate_Patient_60: RelErr=0.0434  (2.1s)
(CVXPY) Jul 17 09:34:46 PM: Encountered unexpected exception importing solver DIFFCP:
ImportError('DLL load failed while importing _diffcp: The specified module could not be found.')
    test[ 3] Prostate_Patient_72: RelErr=0.0456  (1.7s)
(CVXPY) Jul 17 09:34:47 PM: Encountered unexpected exception importing solver DIFFCP:
ImportError('DLL load failed while importing _diffcp: The specified module could not be found.')
    test[ 4] Prostate_Patient_95: RelErr=0.0579  (2.1s)
(CVXPY) Jul 17 09:34:49 PM: Encountered unexpected exception importing solver DIFFCP:
ImportError('DLL load failed while importing _diffcp: The specified module could not be found.')
    test[ 5] Prostate_Patient_123: RelErr=0.0459  (3.1s)
(CVXPY) Jul 17 09:34:53 PM: Encountered unexpected exception importing solver DIFFCP:
ImportError('DLL load failed while importing _diffcp: The specified module could not be found.')
    test[ 6] Prostate_Patient_53: RelErr=0.0494  (3.3s)
(CVXPY) Jul 17 09:34:56 PM: Encountered unexpected exception importing solver DIFFCP:
ImportError('DLL load failed while importing _diffcp: The specified module could not be found.')
    test[ 7] Prostate_Patient_55: RelErr=0.0169  (1.5s)
(CVXPY) Jul 17 09:34:57 PM: Encountered unexpected exception importing solver DIFFCP:
ImportError('DLL load failed while importing _diffcp: The specified module could not be found.')
    test[ 8] Prostate_Patient_36: RelErr=0.0209  (1.8s)
(CVXPY) Jul 17 09:34:59 PM: Encountered unexpected exception importing solver DIFFCP:
ImportError('DLL load failed while importing _diffcp: The specified module could not be found.')
    test[ 9] Prostate_Patient_54: RelErr=0.0219  (1.9s)
(CVXPY) Jul 17 09:35:01 PM: Encountered unexpected exception importing solver DIFFCP:
ImportError('DLL load failed while importing _diffcp: The specified module could not be found.')
    test[10] Prostate_Patient_42: RelErr=0.0320  (2.1s)
(CVXPY) Jul 17 09:35:03 PM: Encountered unexpected exception importing solver DIFFCP:
ImportError('DLL load failed while importing _diffcp: The specified module could not be found.')
    test[11] Prostate_Patient_51: RelErr=0.0414  (2.3s)
(CVXPY) Jul 17 09:35:06 PM: Encountered unexpected exception importing solver DIFFCP:
ImportError('DLL load failed while importing _diffcp: The specified module could not be found.')
    test[12] Prostate_Patient_97: RelErr=0.0405  (1.8s)
(CVXPY) Jul 17 09:35:07 PM: Encountered unexpected exception importing solver DIFFCP:
ImportError('DLL load failed while importing _diffcp: The specified module could not be found.')
    test[13] Prostate_Patient_12: RelErr=0.0172  (6.6s)
(CVXPY) Jul 17 09:35:14 PM: Encountered unexpected exception importing solver DIFFCP:
ImportError('DLL load failed while importing _diffcp: The specified module could not be found.')
    test[14] Prostate_Patient_46: RelErr=0.0347  (2.1s)
(CVXPY) Jul 17 09:35:16 PM: Encountered unexpected exception importing solver DIFFCP:
ImportError('DLL load failed while importing _diffcp: The specified module could not be found.')
    test[15] Prostate_Patient_4: RelErr=0.0669  (3.3s)
(CVXPY) Jul 17 09:35:19 PM: Encountered unexpected exception importing solver DIFFCP:
ImportError('DLL load failed while importing _diffcp: The specified module could not be found.')
    test[16] Prostate_Patient_21: RelErr=0.0198  (5.6s)
(CVXPY) Jul 17 09:35:25 PM: Encountered unexpected exception importing solver DIFFCP:
ImportError('DLL load failed while importing _diffcp: The specified module could not be found.')
    test[17] Prostate_Patient_122: RelErr=0.0247  (15.5s)
(CVXPY) Jul 17 09:35:41 PM: Encountered unexpected exception importing solver DIFFCP:
ImportError('DLL load failed while importing _diffcp: The specified module could not be found.')
    test[18] Prostate_Patient_109: RelErr=0.0303  (3.0s)
(CVXPY) Jul 17 09:35:44 PM: Encountered unexpected exception importing solver DIFFCP:
ImportError('DLL load failed while importing _diffcp: The specified module could not be found.')
    test[19] Prostate_Patient_90: RelErr=0.0159  (1.7s)
    Mean RelErr = 0.0340  (20/20 valid, 73.6s total)

  -- N=6, rho=3, method=kkt --
    Training: 6 patients
(CVXPY) Jul 17 09:35:46 PM: Encountered unexpected exception importing solver DIFFCP:
ImportError('DLL load failed while importing _diffcp: The specified module could not be found.')
  patients used=6  comp-slack resid=1.0623e+10
  alpha_hat (sign-constrained): [0.262  0.4868 0.1714 0.0415 0.0382 0.    ]
  true alpha/sum (per function):[0.3175 0.3175 0.1587 0.0794 0.0794 0.0476]
  cond(M)=3.89e+02  per-patient leverage shares (N entries)=[0.    0.235 0.221 0.131 0.199 0.213]
  unidentified direction (|smallest eigvec|, per function): [0.464 0.847 0.248 0.059 0.052 0.005]
    alpha_hat = [0.262  0.4868 0.1714 0.0415 0.0382 0.    ]
    True alpha (per function) = [20. 20. 10.  5.  5.  3.]
(CVXPY) Jul 17 09:35:55 PM: Encountered unexpected exception importing solver DIFFCP:
ImportError('DLL load failed while importing _diffcp: The specified module could not be found.')
    test[ 0] Prostate_Patient_41: RelErr=9.6518  (6.3s)
(CVXPY) Jul 17 09:36:01 PM: Encountered unexpected exception importing solver DIFFCP:
ImportError('DLL load failed while importing _diffcp: The specified module could not be found.')
    test[ 1] Prostate_Patient_32: RelErr=11.5466  (3.2s)
(CVXPY) Jul 17 09:36:04 PM: Encountered unexpected exception importing solver DIFFCP:
ImportError('DLL load failed while importing _diffcp: The specified module could not be found.')
    test[ 2] Prostate_Patient_60: RelErr=13.5090  (3.0s)
(CVXPY) Jul 17 09:36:07 PM: Encountered unexpected exception importing solver DIFFCP:
ImportError('DLL load failed while importing _diffcp: The specified module could not be found.')
    test[ 3] Prostate_Patient_72: RelErr=12.3265  (1.7s)
(CVXPY) Jul 17 09:36:09 PM: Encountered unexpected exception importing solver DIFFCP:
ImportError('DLL load failed while importing _diffcp: The specified module could not be found.')
    test[ 4] Prostate_Patient_95: RelErr=13.1462  (2.0s)
(CVXPY) Jul 17 09:36:11 PM: Encountered unexpected exception importing solver DIFFCP:
ImportError('DLL load failed while importing _diffcp: The specified module could not be found.')
    test[ 5] Prostate_Patient_123: RelErr=11.6708  (3.5s)
(CVXPY) Jul 17 09:36:14 PM: Encountered unexpected exception importing solver DIFFCP:
ImportError('DLL load failed while importing _diffcp: The specified module could not be found.')
    test[ 6] Prostate_Patient_53: RelErr=10.1955  (3.8s)
(CVXPY) Jul 17 09:36:18 PM: Encountered unexpected exception importing solver DIFFCP:
ImportError('DLL load failed while importing _diffcp: The specified module could not be found.')
    test[ 7] Prostate_Patient_55: RelErr=15.9091  (1.7s)
(CVXPY) Jul 17 09:36:20 PM: Encountered unexpected exception importing solver DIFFCP:
ImportError('DLL load failed while importing _diffcp: The specified module could not be found.')
    test[ 8] Prostate_Patient_36: RelErr=14.1982  (1.8s)
(CVXPY) Jul 17 09:36:22 PM: Encountered unexpected exception importing solver DIFFCP:
ImportError('DLL load failed while importing _diffcp: The specified module could not be found.')
    test[ 9] Prostate_Patient_54: RelErr=11.5886  (1.9s)
(CVXPY) Jul 17 09:36:24 PM: Encountered unexpected exception importing solver DIFFCP:
ImportError('DLL load failed while importing _diffcp: The specified module could not be found.')
    test[10] Prostate_Patient_42: RelErr=17.6223  (2.6s)
(CVXPY) Jul 17 09:36:26 PM: Encountered unexpected exception importing solver DIFFCP:
ImportError('DLL load failed while importing _diffcp: The specified module could not be found.')
    test[11] Prostate_Patient_51: RelErr=10.3395  (2.7s)
(CVXPY) Jul 17 09:36:29 PM: Encountered unexpected exception importing solver DIFFCP:
ImportError('DLL load failed while importing _diffcp: The specified module could not be found.')
    test[12] Prostate_Patient_97: RelErr=10.6051  (2.0s)
(CVXPY) Jul 17 09:36:31 PM: Encountered unexpected exception importing solver DIFFCP:
ImportError('DLL load failed while importing _diffcp: The specified module could not be found.')
    test[13] Prostate_Patient_12: RelErr=9.7840  (9.7s)
(CVXPY) Jul 17 09:36:41 PM: Encountered unexpected exception importing solver DIFFCP:
ImportError('DLL load failed while importing _diffcp: The specified module could not be found.')
    test[14] Prostate_Patient_46: RelErr=11.6565  (2.4s)
(CVXPY) Jul 17 09:36:43 PM: Encountered unexpected exception importing solver DIFFCP:
ImportError('DLL load failed while importing _diffcp: The specified module could not be found.')
    test[15] Prostate_Patient_4: RelErr=11.4522  (4.0s)
(CVXPY) Jul 17 09:36:47 PM: Encountered unexpected exception importing solver DIFFCP:
ImportError('DLL load failed while importing _diffcp: The specified module could not be found.')
    test[16] Prostate_Patient_21: RelErr=11.0727  (7.1s)
(CVXPY) Jul 17 09:36:54 PM: Encountered unexpected exception importing solver DIFFCP:
ImportError('DLL load failed while importing _diffcp: The specified module could not be found.')
    test[17] Prostate_Patient_122: RelErr=13.5036  (11.9s)
(CVXPY) Jul 17 09:37:06 PM: Encountered unexpected exception importing solver DIFFCP:
ImportError('DLL load failed while importing _diffcp: The specified module could not be found.')
    test[18] Prostate_Patient_109: RelErr=13.2444  (3.7s)
(CVXPY) Jul 17 09:37:10 PM: Encountered unexpected exception importing solver DIFFCP:
ImportError('DLL load failed while importing _diffcp: The specified module could not be found.')
    test[19] Prostate_Patient_90: RelErr=14.4022  (1.6s)
    Mean RelErr = 12.3712  (20/20 valid, 85.9s total)

  -- N=7, rho=1, method=kkt --
    Training: 7 patients
(CVXPY) Jul 17 09:37:12 PM: Encountered unexpected exception importing solver DIFFCP:
ImportError('DLL load failed while importing _diffcp: The specified module could not be found.')
  patients used=7  comp-slack resid=7.0603e+03
  alpha_hat (sign-constrained): [0.1327 0.2363 0.0599 0.49   0.028  0.0531]
  true alpha/sum (per function):[0.3175 0.3175 0.1587 0.0794 0.0794 0.0476]
  cond(M)=1.28e+02  per-patient leverage shares (N entries)=[0.004 0.094 0.177 0.144 0.206 0.216 0.158]
  unidentified direction (|smallest eigvec|, per function): [0.124 0.102 0.027 0.985 0.05  0.037]
    alpha_hat = [0.1327 0.2363 0.0599 0.49   0.028  0.0531]
    True alpha (per function) = [20. 20. 10.  5.  5.  3.]
(CVXPY) Jul 17 09:37:17 PM: Encountered unexpected exception importing solver DIFFCP:
ImportError('DLL load failed while importing _diffcp: The specified module could not be found.')
    test[ 0] Prostate_Patient_41: RelErr=30.3169  (2.5s)
(CVXPY) Jul 17 09:37:19 PM: Encountered unexpected exception importing solver DIFFCP:
ImportError('DLL load failed while importing _diffcp: The specified module could not be found.')
    test[ 1] Prostate_Patient_32: RelErr=40.6699  (1.4s)
(CVXPY) Jul 17 09:37:20 PM: Encountered unexpected exception importing solver DIFFCP:
ImportError('DLL load failed while importing _diffcp: The specified module could not be found.')
    test[ 2] Prostate_Patient_60: RelErr=37.6025  (1.1s)
(CVXPY) Jul 17 09:37:21 PM: Encountered unexpected exception importing solver DIFFCP:
ImportError('DLL load failed while importing _diffcp: The specified module could not be found.')
    test[ 3] Prostate_Patient_72: RelErr=40.1202  (0.7s)
(CVXPY) Jul 17 09:37:22 PM: Encountered unexpected exception importing solver DIFFCP:
ImportError('DLL load failed while importing _diffcp: The specified module could not be found.')
    test[ 4] Prostate_Patient_95: RelErr=35.9789  (1.2s)
(CVXPY) Jul 17 09:37:23 PM: Encountered unexpected exception importing solver DIFFCP:
ImportError('DLL load failed while importing _diffcp: The specified module could not be found.')
    test[ 5] Prostate_Patient_123: RelErr=34.1265  (1.9s)
(CVXPY) Jul 17 09:37:25 PM: Encountered unexpected exception importing solver DIFFCP:
ImportError('DLL load failed while importing _diffcp: The specified module could not be found.')
    test[ 6] Prostate_Patient_53: RelErr=31.8065  (2.0s)
(CVXPY) Jul 17 09:37:27 PM: Encountered unexpected exception importing solver DIFFCP:
ImportError('DLL load failed while importing _diffcp: The specified module could not be found.')
    test[ 7] Prostate_Patient_55: RelErr=27.0815  (1.2s)
(CVXPY) Jul 17 09:37:28 PM: Encountered unexpected exception importing solver DIFFCP:
ImportError('DLL load failed while importing _diffcp: The specified module could not be found.')
    test[ 8] Prostate_Patient_36: RelErr=35.5472  (0.8s)
(CVXPY) Jul 17 09:37:29 PM: Encountered unexpected exception importing solver DIFFCP:
ImportError('DLL load failed while importing _diffcp: The specified module could not be found.')
    test[ 9] Prostate_Patient_54: RelErr=35.2494  (1.0s)
(CVXPY) Jul 17 09:37:30 PM: Encountered unexpected exception importing solver DIFFCP:
ImportError('DLL load failed while importing _diffcp: The specified module could not be found.')
    test[10] Prostate_Patient_42: RelErr=34.6432  (1.3s)
(CVXPY) Jul 17 09:37:31 PM: Encountered unexpected exception importing solver DIFFCP:
ImportError('DLL load failed while importing _diffcp: The specified module could not be found.')
    test[11] Prostate_Patient_51: RelErr=32.7247  (1.4s)
(CVXPY) Jul 17 09:37:33 PM: Encountered unexpected exception importing solver DIFFCP:
ImportError('DLL load failed while importing _diffcp: The specified module could not be found.')
    test[12] Prostate_Patient_97: RelErr=39.3617  (0.7s)
(CVXPY) Jul 17 09:37:34 PM: Encountered unexpected exception importing solver DIFFCP:
ImportError('DLL load failed while importing _diffcp: The specified module could not be found.')
    test[13] Prostate_Patient_12: RelErr=29.4795  (4.1s)
(CVXPY) Jul 17 09:37:38 PM: Encountered unexpected exception importing solver DIFFCP:
ImportError('DLL load failed while importing _diffcp: The specified module could not be found.')
    test[14] Prostate_Patient_46: RelErr=28.2834  (1.3s)
(CVXPY) Jul 17 09:37:39 PM: Encountered unexpected exception importing solver DIFFCP:
ImportError('DLL load failed while importing _diffcp: The specified module could not be found.')
    test[15] Prostate_Patient_4: RelErr=29.8356  (2.3s)
(CVXPY) Jul 17 09:37:41 PM: Encountered unexpected exception importing solver DIFFCP:
ImportError('DLL load failed while importing _diffcp: The specified module could not be found.')
    test[16] Prostate_Patient_21: RelErr=27.3351  (3.2s)
(CVXPY) Jul 17 09:37:45 PM: Encountered unexpected exception importing solver DIFFCP:
ImportError('DLL load failed while importing _diffcp: The specified module could not be found.')
    test[17] Prostate_Patient_122: RelErr=28.0406  (4.8s)
(CVXPY) Jul 17 09:37:49 PM: Encountered unexpected exception importing solver DIFFCP:
ImportError('DLL load failed while importing _diffcp: The specified module could not be found.')
    test[18] Prostate_Patient_109: RelErr=33.9124  (1.4s)
(CVXPY) Jul 17 09:37:51 PM: Encountered unexpected exception importing solver DIFFCP:
ImportError('DLL load failed while importing _diffcp: The specified module could not be found.')
    test[19] Prostate_Patient_90: RelErr=36.0655  (0.9s)
    Mean RelErr = 33.4091  (20/20 valid, 40.3s total)

  -- N=7, rho=2, method=kkt --
    Training: 7 patients
(CVXPY) Jul 17 09:37:52 PM: Encountered unexpected exception importing solver DIFFCP:
ImportError('DLL load failed while importing _diffcp: The specified module could not be found.')
  patients used=7  comp-slack resid=3.6515e+00
  alpha_hat (sign-constrained): [0.3176 0.3175 0.1588 0.0792 0.0794 0.0476]
  true alpha/sum (per function):[0.3175 0.3175 0.1587 0.0794 0.0794 0.0476]
  cond(M)=8.86e+07  per-patient leverage shares (N entries)=[0.    0.133 0.175 0.117 0.223 0.218 0.134]
  unidentified direction (|smallest eigvec|, per function): [0.646 0.646 0.323 0.161 0.161 0.097]
    alpha_hat = [0.3176 0.3175 0.1588 0.0792 0.0794 0.0476]
    True alpha (per function) = [20. 20. 10.  5.  5.  3.]
(CVXPY) Jul 17 09:37:58 PM: Encountered unexpected exception importing solver DIFFCP:
ImportError('DLL load failed while importing _diffcp: The specified module could not be found.')
    test[ 0] Prostate_Patient_41: RelErr=0.0336  (4.2s)
(CVXPY) Jul 17 09:38:02 PM: Encountered unexpected exception importing solver DIFFCP:
ImportError('DLL load failed while importing _diffcp: The specified module could not be found.')
    test[ 1] Prostate_Patient_32: RelErr=0.0316  (2.3s)
(CVXPY) Jul 17 09:38:04 PM: Encountered unexpected exception importing solver DIFFCP:
ImportError('DLL load failed while importing _diffcp: The specified module could not be found.')
    test[ 2] Prostate_Patient_60: RelErr=0.3787  (2.4s)
(CVXPY) Jul 17 09:38:07 PM: Encountered unexpected exception importing solver DIFFCP:
ImportError('DLL load failed while importing _diffcp: The specified module could not be found.')
    test[ 3] Prostate_Patient_72: RelErr=0.0459  (1.7s)
(CVXPY) Jul 17 09:38:09 PM: Encountered unexpected exception importing solver DIFFCP:
ImportError('DLL load failed while importing _diffcp: The specified module could not be found.')
    test[ 4] Prostate_Patient_95: RelErr=0.0614  (2.1s)
(CVXPY) Jul 17 09:38:11 PM: Encountered unexpected exception importing solver DIFFCP:
ImportError('DLL load failed while importing _diffcp: The specified module could not be found.')
    test[ 5] Prostate_Patient_123: RelErr=0.0544  (2.9s)
(CVXPY) Jul 17 09:38:14 PM: Encountered unexpected exception importing solver DIFFCP:
ImportError('DLL load failed while importing _diffcp: The specified module could not be found.')
    test[ 6] Prostate_Patient_53: RelErr=0.0455  (3.3s)
(CVXPY) Jul 17 09:38:17 PM: Encountered unexpected exception importing solver DIFFCP:
ImportError('DLL load failed while importing _diffcp: The specified module could not be found.')
    test[ 7] Prostate_Patient_55: RelErr=0.0262  (1.4s)
(CVXPY) Jul 17 09:38:18 PM: Encountered unexpected exception importing solver DIFFCP:
ImportError('DLL load failed while importing _diffcp: The specified module could not be found.')
    test[ 8] Prostate_Patient_36: RelErr=0.0343  (1.9s)
(CVXPY) Jul 17 09:38:20 PM: Encountered unexpected exception importing solver DIFFCP:
ImportError('DLL load failed while importing _diffcp: The specified module could not be found.')
    test[ 9] Prostate_Patient_54: RelErr=0.0237  (1.9s)
(CVXPY) Jul 17 09:38:22 PM: Encountered unexpected exception importing solver DIFFCP:
ImportError('DLL load failed while importing _diffcp: The specified module could not be found.')
    test[10] Prostate_Patient_42: RelErr=0.0329  (2.1s)
(CVXPY) Jul 17 09:38:24 PM: Encountered unexpected exception importing solver DIFFCP:
ImportError('DLL load failed while importing _diffcp: The specified module could not be found.')
    test[11] Prostate_Patient_51: RelErr=0.0356  (2.3s)
(CVXPY) Jul 17 09:38:27 PM: Encountered unexpected exception importing solver DIFFCP:
ImportError('DLL load failed while importing _diffcp: The specified module could not be found.')
    test[12] Prostate_Patient_97: RelErr=0.0409  (1.9s)
(CVXPY) Jul 17 09:38:28 PM: Encountered unexpected exception importing solver DIFFCP:
ImportError('DLL load failed while importing _diffcp: The specified module could not be found.')
    test[13] Prostate_Patient_12: RelErr=0.0805  (6.8s)
(CVXPY) Jul 17 09:38:35 PM: Encountered unexpected exception importing solver DIFFCP:
ImportError('DLL load failed while importing _diffcp: The specified module could not be found.')
    test[14] Prostate_Patient_46: RelErr=0.0347  (2.2s)
(CVXPY) Jul 17 09:38:37 PM: Encountered unexpected exception importing solver DIFFCP:
ImportError('DLL load failed while importing _diffcp: The specified module could not be found.')
    test[15] Prostate_Patient_4: RelErr=0.0542  (3.1s)
(CVXPY) Jul 17 09:38:41 PM: Encountered unexpected exception importing solver DIFFCP:
ImportError('DLL load failed while importing _diffcp: The specified module could not be found.')
    test[16] Prostate_Patient_21: RelErr=0.0378  (6.8s)
(CVXPY) Jul 17 09:38:47 PM: Encountered unexpected exception importing solver DIFFCP:
ImportError('DLL load failed while importing _diffcp: The specified module could not be found.')
    test[17] Prostate_Patient_122: RelErr=0.0136  (15.8s)
(CVXPY) Jul 17 09:39:03 PM: Encountered unexpected exception importing solver DIFFCP:
ImportError('DLL load failed while importing _diffcp: The specified module could not be found.')
    test[18] Prostate_Patient_109: RelErr=0.0463  (2.9s)
(CVXPY) Jul 17 09:39:06 PM: Encountered unexpected exception importing solver DIFFCP:
ImportError('DLL load failed while importing _diffcp: The specified module could not be found.')
    test[19] Prostate_Patient_90: RelErr=0.0465  (1.7s)
    Mean RelErr = 0.0579  (20/20 valid, 76.3s total)

  -- N=7, rho=3, method=kkt --
    Training: 7 patients
(CVXPY) Jul 17 09:39:08 PM: Encountered unexpected exception importing solver DIFFCP:
ImportError('DLL load failed while importing _diffcp: The specified module could not be found.')
  patients used=7  comp-slack resid=1.7248e+10
  alpha_hat (sign-constrained): [0.2431 0.5547 0.1374 0.0305 0.0343 0.    ]
  true alpha/sum (per function):[0.3175 0.3175 0.1587 0.0794 0.0794 0.0476]
  cond(M)=3.08e+02  per-patient leverage shares (N entries)=[0.    0.195 0.183 0.108 0.165 0.176 0.173]
  unidentified direction (|smallest eigvec|, per function): [0.236 0.961 0.137 0.046 0.03  0.003]
    alpha_hat = [0.2431 0.5547 0.1374 0.0305 0.0343 0.    ]
    True alpha (per function) = [20. 20. 10.  5.  5.  3.]
(CVXPY) Jul 17 09:39:18 PM: Encountered unexpected exception importing solver DIFFCP:
ImportError('DLL load failed while importing _diffcp: The specified module could not be found.')
    test[ 0] Prostate_Patient_41: RelErr=10.0279  (6.3s)
(CVXPY) Jul 17 09:39:25 PM: Encountered unexpected exception importing solver DIFFCP:
ImportError('DLL load failed while importing _diffcp: The specified module could not be found.')
    test[ 1] Prostate_Patient_32: RelErr=12.0292  (1.4s)
(CVXPY) Jul 17 09:39:26 PM: Encountered unexpected exception importing solver DIFFCP:
ImportError('DLL load failed while importing _diffcp: The specified module could not be found.')
    test[ 2] Prostate_Patient_60: RelErr=13.5350  (1.8s)
(CVXPY) Jul 17 09:39:28 PM: Encountered unexpected exception importing solver DIFFCP:
ImportError('DLL load failed while importing _diffcp: The specified module could not be found.')
    test[ 3] Prostate_Patient_72: RelErr=12.9988  (1.7s)
(CVXPY) Jul 17 09:39:30 PM: Encountered unexpected exception importing solver DIFFCP:
ImportError('DLL load failed while importing _diffcp: The specified module could not be found.')
    test[ 4] Prostate_Patient_95: RelErr=13.0989  (3.7s)
(CVXPY) Jul 17 09:39:33 PM: Encountered unexpected exception importing solver DIFFCP:
ImportError('DLL load failed while importing _diffcp: The specified module could not be found.')
    test[ 5] Prostate_Patient_123: RelErr=11.7214  (3.0s)
(CVXPY) Jul 17 09:39:36 PM: Encountered unexpected exception importing solver DIFFCP:
ImportError('DLL load failed while importing _diffcp: The specified module could not be found.')
    test[ 6] Prostate_Patient_53: RelErr=10.3541  (3.1s)
(CVXPY) Jul 17 09:39:40 PM: Encountered unexpected exception importing solver DIFFCP:
ImportError('DLL load failed while importing _diffcp: The specified module could not be found.')
    test[ 7] Prostate_Patient_55: RelErr=17.1923  (1.1s)
(CVXPY) Jul 17 09:39:41 PM: Encountered unexpected exception importing solver DIFFCP:
ImportError('DLL load failed while importing _diffcp: The specified module could not be found.')
    test[ 8] Prostate_Patient_36: RelErr=15.8525  (2.5s)
(CVXPY) Jul 17 09:39:43 PM: Encountered unexpected exception importing solver DIFFCP:
ImportError('DLL load failed while importing _diffcp: The specified module could not be found.')
    test[ 9] Prostate_Patient_54: RelErr=12.0728  (1.6s)
(CVXPY) Jul 17 09:39:45 PM: Encountered unexpected exception importing solver DIFFCP:
ImportError('DLL load failed while importing _diffcp: The specified module could not be found.')
    test[10] Prostate_Patient_42: RelErr=18.1440  (1.3s)
(CVXPY) Jul 17 09:39:46 PM: Encountered unexpected exception importing solver DIFFCP:
ImportError('DLL load failed while importing _diffcp: The specified module could not be found.')
    test[11] Prostate_Patient_51: RelErr=9.9950  (4.5s)
(CVXPY) Jul 17 09:39:51 PM: Encountered unexpected exception importing solver DIFFCP:
ImportError('DLL load failed while importing _diffcp: The specified module could not be found.')
    test[12] Prostate_Patient_97: RelErr=10.7765  (1.3s)
(CVXPY) Jul 17 09:39:52 PM: Encountered unexpected exception importing solver DIFFCP:
ImportError('DLL load failed while importing _diffcp: The specified module could not be found.')
    test[13] Prostate_Patient_12: RelErr=10.1164  (13.1s)
(CVXPY) Jul 17 09:40:05 PM: Encountered unexpected exception importing solver DIFFCP:
ImportError('DLL load failed while importing _diffcp: The specified module could not be found.')
    test[14] Prostate_Patient_46: RelErr=12.0405  (2.5s)
(CVXPY) Jul 17 09:40:07 PM: Encountered unexpected exception importing solver DIFFCP:
ImportError('DLL load failed while importing _diffcp: The specified module could not be found.')
    test[15] Prostate_Patient_4: RelErr=12.3971  (3.8s)
(CVXPY) Jul 17 09:40:11 PM: Encountered unexpected exception importing solver DIFFCP:
ImportError('DLL load failed while importing _diffcp: The specified module could not be found.')
    test[16] Prostate_Patient_21: RelErr=11.3144  (4.0s)
(CVXPY) Jul 17 09:40:15 PM: Encountered unexpected exception importing solver DIFFCP:
ImportError('DLL load failed while importing _diffcp: The specified module could not be found.')
    test[17] Prostate_Patient_122: RelErr=13.9563  (7.7s)
(CVXPY) Jul 17 09:40:23 PM: Encountered unexpected exception importing solver DIFFCP:
ImportError('DLL load failed while importing _diffcp: The specified module could not be found.')
    test[18] Prostate_Patient_109: RelErr=13.6574  (3.6s)
(CVXPY) Jul 17 09:40:27 PM: Encountered unexpected exception importing solver DIFFCP:
ImportError('DLL load failed while importing _diffcp: The specified module could not be found.')
    test[19] Prostate_Patient_90: RelErr=14.7123  (1.7s)
    Mean RelErr = 12.7996  (20/20 valid, 80.4s total)

  -- N=8, rho=1, method=kkt --
    Training: 8 patients
(CVXPY) Jul 17 09:40:29 PM: Encountered unexpected exception importing solver DIFFCP:
ImportError('DLL load failed while importing _diffcp: The specified module could not be found.')
  patients used=8  comp-slack resid=7.9752e+03
  alpha_hat (sign-constrained): [0.1412 0.2219 0.0608 0.4935 0.0229 0.0597]
  true alpha/sum (per function):[0.3175 0.3175 0.1587 0.0794 0.0794 0.0476]
  cond(M)=1.29e+02  per-patient leverage shares (N entries)=[0.003 0.083 0.155 0.126 0.181 0.189 0.138 0.125]
  unidentified direction (|smallest eigvec|, per function): [0.126 0.106 0.033 0.983 0.058 0.045]
    alpha_hat = [0.1412 0.2219 0.0608 0.4935 0.0229 0.0597]
    True alpha (per function) = [20. 20. 10.  5.  5.  3.]
(CVXPY) Jul 17 09:40:34 PM: Encountered unexpected exception importing solver DIFFCP:
ImportError('DLL load failed while importing _diffcp: The specified module could not be found.')
    test[ 0] Prostate_Patient_41: RelErr=29.8125  (2.5s)
(CVXPY) Jul 17 09:40:36 PM: Encountered unexpected exception importing solver DIFFCP:
ImportError('DLL load failed while importing _diffcp: The specified module could not be found.')
    test[ 1] Prostate_Patient_32: RelErr=38.9032  (1.4s)
(CVXPY) Jul 17 09:40:38 PM: Encountered unexpected exception importing solver DIFFCP:
ImportError('DLL load failed while importing _diffcp: The specified module could not be found.')
    test[ 2] Prostate_Patient_60: RelErr=38.6948  (1.0s)
(CVXPY) Jul 17 09:40:39 PM: Encountered unexpected exception importing solver DIFFCP:
ImportError('DLL load failed while importing _diffcp: The specified module could not be found.')
    test[ 3] Prostate_Patient_72: RelErr=39.4014  (0.7s)
(CVXPY) Jul 17 09:40:39 PM: Encountered unexpected exception importing solver DIFFCP:
ImportError('DLL load failed while importing _diffcp: The specified module could not be found.')
    test[ 4] Prostate_Patient_95: RelErr=35.9491  (1.1s)
(CVXPY) Jul 17 09:40:41 PM: Encountered unexpected exception importing solver DIFFCP:
ImportError('DLL load failed while importing _diffcp: The specified module could not be found.')
    test[ 5] Prostate_Patient_123: RelErr=33.2366  (1.7s)
(CVXPY) Jul 17 09:40:42 PM: Encountered unexpected exception importing solver DIFFCP:
ImportError('DLL load failed while importing _diffcp: The specified module could not be found.')
    test[ 6] Prostate_Patient_53: RelErr=31.5385  (2.2s)
(CVXPY) Jul 17 09:40:44 PM: Encountered unexpected exception importing solver DIFFCP:
ImportError('DLL load failed while importing _diffcp: The specified module could not be found.')
    test[ 7] Prostate_Patient_55: RelErr=26.8670  (1.1s)
(CVXPY) Jul 17 09:40:46 PM: Encountered unexpected exception importing solver DIFFCP:
ImportError('DLL load failed while importing _diffcp: The specified module could not be found.')
    test[ 8] Prostate_Patient_36: RelErr=34.6888  (0.8s)
(CVXPY) Jul 17 09:40:46 PM: Encountered unexpected exception importing solver DIFFCP:
ImportError('DLL load failed while importing _diffcp: The specified module could not be found.')
    test[ 9] Prostate_Patient_54: RelErr=35.1380  (0.8s)
(CVXPY) Jul 17 09:40:47 PM: Encountered unexpected exception importing solver DIFFCP:
ImportError('DLL load failed while importing _diffcp: The specified module could not be found.')
    test[10] Prostate_Patient_42: RelErr=34.8493  (1.3s)
(CVXPY) Jul 17 09:40:48 PM: Encountered unexpected exception importing solver DIFFCP:
ImportError('DLL load failed while importing _diffcp: The specified module could not be found.')
    test[11] Prostate_Patient_51: RelErr=32.4873  (1.4s)
(CVXPY) Jul 17 09:40:50 PM: Encountered unexpected exception importing solver DIFFCP:
ImportError('DLL load failed while importing _diffcp: The specified module could not be found.')
    test[12] Prostate_Patient_97: RelErr=42.4041  (0.8s)
(CVXPY) Jul 17 09:40:51 PM: Encountered unexpected exception importing solver DIFFCP:
ImportError('DLL load failed while importing _diffcp: The specified module could not be found.')
    test[13] Prostate_Patient_12: RelErr=29.2054  (3.9s)
(CVXPY) Jul 17 09:40:54 PM: Encountered unexpected exception importing solver DIFFCP:
ImportError('DLL load failed while importing _diffcp: The specified module could not be found.')
    test[14] Prostate_Patient_46: RelErr=28.3745  (1.3s)
(CVXPY) Jul 17 09:40:56 PM: Encountered unexpected exception importing solver DIFFCP:
ImportError('DLL load failed while importing _diffcp: The specified module could not be found.')
    test[15] Prostate_Patient_4: RelErr=29.5325  (2.2s)
(CVXPY) Jul 17 09:40:58 PM: Encountered unexpected exception importing solver DIFFCP:
ImportError('DLL load failed while importing _diffcp: The specified module could not be found.')
    test[16] Prostate_Patient_21: RelErr=26.9685  (3.0s)
(CVXPY) Jul 17 09:41:01 PM: Encountered unexpected exception importing solver DIFFCP:
ImportError('DLL load failed while importing _diffcp: The specified module could not be found.')
    test[17] Prostate_Patient_122: RelErr=28.4866  (4.7s)
(CVXPY) Jul 17 09:41:06 PM: Encountered unexpected exception importing solver DIFFCP:
ImportError('DLL load failed while importing _diffcp: The specified module could not be found.')
    test[18] Prostate_Patient_109: RelErr=32.3452  (1.3s)
(CVXPY) Jul 17 09:41:07 PM: Encountered unexpected exception importing solver DIFFCP:
ImportError('DLL load failed while importing _diffcp: The specified module could not be found.')
    test[19] Prostate_Patient_90: RelErr=37.4379  (0.9s)
    Mean RelErr = 33.3161  (20/20 valid, 39.6s total)

  -- N=8, rho=2, method=kkt --
    Training: 8 patients
(CVXPY) Jul 17 09:41:08 PM: Encountered unexpected exception importing solver DIFFCP:
ImportError('DLL load failed while importing _diffcp: The specified module could not be found.')
  patients used=8  comp-slack resid=3.8295e+00
  alpha_hat (sign-constrained): [0.3176 0.3175 0.1588 0.0793 0.0794 0.0476]
  true alpha/sum (per function):[0.3175 0.3175 0.1587 0.0794 0.0794 0.0476]
  cond(M)=1.00e+08  per-patient leverage shares (N entries)=[0.    0.115 0.152 0.102 0.194 0.189 0.117 0.132]
  unidentified direction (|smallest eigvec|, per function): [0.646 0.646 0.323 0.161 0.161 0.097]
    alpha_hat = [0.3176 0.3175 0.1588 0.0793 0.0794 0.0476]
    True alpha (per function) = [20. 20. 10.  5.  5.  3.]
(CVXPY) Jul 17 09:41:15 PM: Encountered unexpected exception importing solver DIFFCP:
ImportError('DLL load failed while importing _diffcp: The specified module could not be found.')
    test[ 0] Prostate_Patient_41: RelErr=0.0392  (4.3s)
(CVXPY) Jul 17 09:41:19 PM: Encountered unexpected exception importing solver DIFFCP:
ImportError('DLL load failed while importing _diffcp: The specified module could not be found.')
    test[ 1] Prostate_Patient_32: RelErr=0.0319  (2.2s)
(CVXPY) Jul 17 09:41:21 PM: Encountered unexpected exception importing solver DIFFCP:
ImportError('DLL load failed while importing _diffcp: The specified module could not be found.')
    test[ 2] Prostate_Patient_60: RelErr=0.0351  (2.3s)
(CVXPY) Jul 17 09:41:24 PM: Encountered unexpected exception importing solver DIFFCP:
ImportError('DLL load failed while importing _diffcp: The specified module could not be found.')
    test[ 3] Prostate_Patient_72: RelErr=0.0457  (1.8s)
(CVXPY) Jul 17 09:41:25 PM: Encountered unexpected exception importing solver DIFFCP:
ImportError('DLL load failed while importing _diffcp: The specified module could not be found.')
    test[ 4] Prostate_Patient_95: RelErr=0.0544  (2.1s)
(CVXPY) Jul 17 09:41:27 PM: Encountered unexpected exception importing solver DIFFCP:
ImportError('DLL load failed while importing _diffcp: The specified module could not be found.')
    test[ 5] Prostate_Patient_123: RelErr=0.0534  (2.9s)
(CVXPY) Jul 17 09:41:30 PM: Encountered unexpected exception importing solver DIFFCP:
ImportError('DLL load failed while importing _diffcp: The specified module could not be found.')
    test[ 6] Prostate_Patient_53: RelErr=0.0511  (3.3s)
(CVXPY) Jul 17 09:41:34 PM: Encountered unexpected exception importing solver DIFFCP:
ImportError('DLL load failed while importing _diffcp: The specified module could not be found.')
    test[ 7] Prostate_Patient_55: RelErr=0.0260  (1.5s)
(CVXPY) Jul 17 09:41:35 PM: Encountered unexpected exception importing solver DIFFCP:
ImportError('DLL load failed while importing _diffcp: The specified module could not be found.')
    test[ 8] Prostate_Patient_36: RelErr=0.0344  (1.7s)
(CVXPY) Jul 17 09:41:37 PM: Encountered unexpected exception importing solver DIFFCP:
ImportError('DLL load failed while importing _diffcp: The specified module could not be found.')
    test[ 9] Prostate_Patient_54: RelErr=0.0271  (1.9s)
(CVXPY) Jul 17 09:41:39 PM: Encountered unexpected exception importing solver DIFFCP:
ImportError('DLL load failed while importing _diffcp: The specified module could not be found.')
    test[10] Prostate_Patient_42: RelErr=0.0436  (2.0s)
(CVXPY) Jul 17 09:41:41 PM: Encountered unexpected exception importing solver DIFFCP:
ImportError('DLL load failed while importing _diffcp: The specified module could not be found.')
    test[11] Prostate_Patient_51: RelErr=0.0381  (2.2s)
(CVXPY) Jul 17 09:41:43 PM: Encountered unexpected exception importing solver DIFFCP:
ImportError('DLL load failed while importing _diffcp: The specified module could not be found.')
    test[12] Prostate_Patient_97: RelErr=0.0407  (1.9s)
(CVXPY) Jul 17 09:41:45 PM: Encountered unexpected exception importing solver DIFFCP:
ImportError('DLL load failed while importing _diffcp: The specified module could not be found.')
    test[13] Prostate_Patient_12: RelErr=0.0804  (6.8s)
(CVXPY) Jul 17 09:41:52 PM: Encountered unexpected exception importing solver DIFFCP:
ImportError('DLL load failed while importing _diffcp: The specified module could not be found.')
    test[14] Prostate_Patient_46: RelErr=0.0174  (2.1s)
(CVXPY) Jul 17 09:41:54 PM: Encountered unexpected exception importing solver DIFFCP:
ImportError('DLL load failed while importing _diffcp: The specified module could not be found.')
    test[15] Prostate_Patient_4: RelErr=0.0292  (3.1s)
(CVXPY) Jul 17 09:41:57 PM: Encountered unexpected exception importing solver DIFFCP:
ImportError('DLL load failed while importing _diffcp: The specified module could not be found.')
    test[16] Prostate_Patient_21: RelErr=0.0225  (6.7s)
(CVXPY) Jul 17 09:42:04 PM: Encountered unexpected exception importing solver DIFFCP:
ImportError('DLL load failed while importing _diffcp: The specified module could not be found.')
    test[17] Prostate_Patient_122: RelErr=0.0340  (15.9s)
(CVXPY) Jul 17 09:42:19 PM: Encountered unexpected exception importing solver DIFFCP:
ImportError('DLL load failed while importing _diffcp: The specified module could not be found.')
    test[18] Prostate_Patient_109: RelErr=0.0324  (3.1s)
(CVXPY) Jul 17 09:42:23 PM: Encountered unexpected exception importing solver DIFFCP:
ImportError('DLL load failed while importing _diffcp: The specified module could not be found.')
    test[19] Prostate_Patient_90: RelErr=0.0163  (1.6s)
    Mean RelErr = 0.0377  (20/20 valid, 76.4s total)

  -- N=8, rho=3, method=kkt --
    Training: 8 patients
(CVXPY) Jul 17 09:42:24 PM: Encountered unexpected exception importing solver DIFFCP:
ImportError('DLL load failed while importing _diffcp: The specified module could not be found.')
  patients used=8  comp-slack resid=2.0027e+10
  alpha_hat (sign-constrained): [0.2639 0.5193 0.1449 0.0362 0.0358 0.    ]
  true alpha/sum (per function):[0.3175 0.3175 0.1587 0.0794 0.0794 0.0476]
  cond(M)=2.81e+02  per-patient leverage shares (N entries)=[0.    0.173 0.163 0.097 0.147 0.157 0.154 0.108]
  unidentified direction (|smallest eigvec|, per function): [0.277 0.945 0.16  0.056 0.034 0.002]
    alpha_hat = [0.2639 0.5193 0.1449 0.0362 0.0358 0.    ]
    True alpha (per function) = [20. 20. 10.  5.  5.  3.]
(CVXPY) Jul 17 09:42:39 PM: Encountered unexpected exception importing solver DIFFCP:
ImportError('DLL load failed while importing _diffcp: The specified module could not be found.')
    test[ 0] Prostate_Patient_41: RelErr=9.9231  (7.1s)
(CVXPY) Jul 17 09:42:46 PM: Encountered unexpected exception importing solver DIFFCP:
ImportError('DLL load failed while importing _diffcp: The specified module could not be found.')
    test[ 1] Prostate_Patient_32: RelErr=11.6890  (3.4s)
(CVXPY) Jul 17 09:42:50 PM: Encountered unexpected exception importing solver DIFFCP:
ImportError('DLL load failed while importing _diffcp: The specified module could not be found.')
    test[ 2] Prostate_Patient_60: RelErr=13.4604  (3.8s)
(CVXPY) Jul 17 09:42:53 PM: Encountered unexpected exception importing solver DIFFCP:
ImportError('DLL load failed while importing _diffcp: The specified module could not be found.')
    test[ 3] Prostate_Patient_72: RelErr=12.6700  (2.9s)
(CVXPY) Jul 17 09:42:56 PM: Encountered unexpected exception importing solver DIFFCP:
ImportError('DLL load failed while importing _diffcp: The specified module could not be found.')
    test[ 4] Prostate_Patient_95: RelErr=13.0752  (2.6s)
(CVXPY) Jul 17 09:42:59 PM: Encountered unexpected exception importing solver DIFFCP:
ImportError('DLL load failed while importing _diffcp: The specified module could not be found.')
    test[ 5] Prostate_Patient_123: RelErr=11.5795  (4.0s)
(CVXPY) Jul 17 09:43:03 PM: Encountered unexpected exception importing solver DIFFCP:
ImportError('DLL load failed while importing _diffcp: The specified module could not be found.')
    test[ 6] Prostate_Patient_53: RelErr=10.2974  (4.8s)
(CVXPY) Jul 17 09:43:08 PM: Encountered unexpected exception importing solver DIFFCP:
ImportError('DLL load failed while importing _diffcp: The specified module could not be found.')
    test[ 7] Prostate_Patient_55: RelErr=16.7573  (2.2s)
(CVXPY) Jul 17 09:43:10 PM: Encountered unexpected exception importing solver DIFFCP:
ImportError('DLL load failed while importing _diffcp: The specified module could not be found.')
    test[ 8] Prostate_Patient_36: RelErr=15.2255  (2.3s)
(CVXPY) Jul 17 09:43:12 PM: Encountered unexpected exception importing solver DIFFCP:
ImportError('DLL load failed while importing _diffcp: The specified module could not be found.')
    test[ 9] Prostate_Patient_54: RelErr=11.8135  (2.5s)
(CVXPY) Jul 17 09:43:15 PM: Encountered unexpected exception importing solver DIFFCP:
ImportError('DLL load failed while importing _diffcp: The specified module could not be found.')
    test[10] Prostate_Patient_42: RelErr=17.9446  (4.3s)
(CVXPY) Jul 17 09:43:19 PM: Encountered unexpected exception importing solver DIFFCP:
ImportError('DLL load failed while importing _diffcp: The specified module could not be found.')
    test[11] Prostate_Patient_51: RelErr=9.9630  (3.6s)
(CVXPY) Jul 17 09:43:23 PM: Encountered unexpected exception importing solver DIFFCP:
ImportError('DLL load failed while importing _diffcp: The specified module could not be found.')
    test[12] Prostate_Patient_97: RelErr=10.7223  (3.4s)
(CVXPY) Jul 17 09:43:26 PM: Encountered unexpected exception importing solver DIFFCP:
ImportError('DLL load failed while importing _diffcp: The specified module could not be found.')
    test[13] Prostate_Patient_12: RelErr=9.8876  (11.6s)
(CVXPY) Jul 17 09:43:38 PM: Encountered unexpected exception importing solver DIFFCP:
ImportError('DLL load failed while importing _diffcp: The specified module could not be found.')
    test[14] Prostate_Patient_46: RelErr=11.8268  (3.7s)
(CVXPY) Jul 17 09:43:41 PM: Encountered unexpected exception importing solver DIFFCP:
ImportError('DLL load failed while importing _diffcp: The specified module could not be found.')
    test[15] Prostate_Patient_4: RelErr=12.0074  (4.9s)
(CVXPY) Jul 17 09:43:46 PM: Encountered unexpected exception importing solver DIFFCP:
ImportError('DLL load failed while importing _diffcp: The specified module could not be found.')
    test[16] Prostate_Patient_21: RelErr=11.2227  (9.1s)
(CVXPY) Jul 17 09:43:55 PM: Encountered unexpected exception importing solver DIFFCP:
ImportError('DLL load failed while importing _diffcp: The specified module could not be found.')
    test[17] Prostate_Patient_122: RelErr=13.6800  (14.2s)
(CVXPY) Jul 17 09:44:09 PM: Encountered unexpected exception importing solver DIFFCP:
ImportError('DLL load failed while importing _diffcp: The specified module could not be found.')
    test[18] Prostate_Patient_109: RelErr=13.4858  (5.0s)
(CVXPY) Jul 17 09:44:14 PM: Encountered unexpected exception importing solver DIFFCP:
ImportError('DLL load failed while importing _diffcp: The specified module could not be found.')
    test[19] Prostate_Patient_90: RelErr=14.4758  (2.7s)
    Mean RelErr = 12.5853  (20/20 valid, 113.0s total)

  -- N=9, rho=1, method=kkt --
    Training: 9 patients
(CVXPY) Jul 17 09:44:17 PM: Encountered unexpected exception importing solver DIFFCP:
ImportError('DLL load failed while importing _diffcp: The specified module could not be found.')
  patients used=9  comp-slack resid=8.9739e+03
  alpha_hat (sign-constrained): [0.1333 0.2236 0.0594 0.4968 0.0251 0.0618]
  true alpha/sum (per function):[0.3175 0.3175 0.1587 0.0794 0.0794 0.0476]
  cond(M)=1.23e+02  per-patient leverage shares (N entries)=[0.003 0.076 0.142 0.116 0.165 0.172 0.126 0.114 0.086]
  unidentified direction (|smallest eigvec|, per function): [0.107 0.09  0.032 0.987 0.049 0.045]
    alpha_hat = [0.1333 0.2236 0.0594 0.4968 0.0251 0.0618]
    True alpha (per function) = [20. 20. 10.  5.  5.  3.]
(CVXPY) Jul 17 09:44:26 PM: Encountered unexpected exception importing solver DIFFCP:
ImportError('DLL load failed while importing _diffcp: The specified module could not be found.')
    test[ 0] Prostate_Patient_41: RelErr=29.8429  (2.9s)
(CVXPY) Jul 17 09:44:29 PM: Encountered unexpected exception importing solver DIFFCP:
ImportError('DLL load failed while importing _diffcp: The specified module could not be found.')
    test[ 1] Prostate_Patient_32: RelErr=39.1589  (1.9s)
(CVXPY) Jul 17 09:44:31 PM: Encountered unexpected exception importing solver DIFFCP:
ImportError('DLL load failed while importing _diffcp: The specified module could not be found.')
    test[ 2] Prostate_Patient_60: RelErr=38.0826  (1.3s)
(CVXPY) Jul 17 09:44:32 PM: Encountered unexpected exception importing solver DIFFCP:
ImportError('DLL load failed while importing _diffcp: The specified module could not be found.')
    test[ 3] Prostate_Patient_72: RelErr=39.3460  (1.0s)
(CVXPY) Jul 17 09:44:33 PM: Encountered unexpected exception importing solver DIFFCP:
ImportError('DLL load failed while importing _diffcp: The specified module could not be found.')
    test[ 4] Prostate_Patient_95: RelErr=35.4477  (1.4s)
(CVXPY) Jul 17 09:44:35 PM: Encountered unexpected exception importing solver DIFFCP:
ImportError('DLL load failed while importing _diffcp: The specified module could not be found.')
    test[ 5] Prostate_Patient_123: RelErr=33.1388  (2.5s)
(CVXPY) Jul 17 09:44:37 PM: Encountered unexpected exception importing solver DIFFCP:
ImportError('DLL load failed while importing _diffcp: The specified module could not be found.')
    test[ 6] Prostate_Patient_53: RelErr=30.9148  (2.6s)
(CVXPY) Jul 17 09:44:40 PM: Encountered unexpected exception importing solver DIFFCP:
ImportError('DLL load failed while importing _diffcp: The specified module could not be found.')
    test[ 7] Prostate_Patient_55: RelErr=27.1265  (1.6s)
(CVXPY) Jul 17 09:44:41 PM: Encountered unexpected exception importing solver DIFFCP:
ImportError('DLL load failed while importing _diffcp: The specified module could not be found.')
    test[ 8] Prostate_Patient_36: RelErr=34.8634  (1.3s)
(CVXPY) Jul 17 09:44:43 PM: Encountered unexpected exception importing solver DIFFCP:
ImportError('DLL load failed while importing _diffcp: The specified module could not be found.')
    test[ 9] Prostate_Patient_54: RelErr=35.2434  (1.2s)
(CVXPY) Jul 17 09:44:44 PM: Encountered unexpected exception importing solver DIFFCP:
ImportError('DLL load failed while importing _diffcp: The specified module could not be found.')
    test[10] Prostate_Patient_42: RelErr=35.1415  (1.6s)
(CVXPY) Jul 17 09:44:46 PM: Encountered unexpected exception importing solver DIFFCP:
ImportError('DLL load failed while importing _diffcp: The specified module could not be found.')
    test[11] Prostate_Patient_51: RelErr=32.7719  (1.7s)
(CVXPY) Jul 17 09:44:47 PM: Encountered unexpected exception importing solver DIFFCP:
ImportError('DLL load failed while importing _diffcp: The specified module could not be found.')
    test[12] Prostate_Patient_97: RelErr=41.7572  (1.1s)
(CVXPY) Jul 17 09:44:48 PM: Encountered unexpected exception importing solver DIFFCP:
ImportError('DLL load failed while importing _diffcp: The specified module could not be found.')
    test[13] Prostate_Patient_12: RelErr=29.2626  (4.8s)
(CVXPY) Jul 17 09:44:53 PM: Encountered unexpected exception importing solver DIFFCP:
ImportError('DLL load failed while importing _diffcp: The specified module could not be found.')
    test[14] Prostate_Patient_46: RelErr=28.3261  (1.5s)
(CVXPY) Jul 17 09:44:55 PM: Encountered unexpected exception importing solver DIFFCP:
ImportError('DLL load failed while importing _diffcp: The specified module could not be found.')
    test[15] Prostate_Patient_4: RelErr=29.2716  (2.8s)
(CVXPY) Jul 17 09:44:57 PM: Encountered unexpected exception importing solver DIFFCP:
ImportError('DLL load failed while importing _diffcp: The specified module could not be found.')
    test[16] Prostate_Patient_21: RelErr=27.6994  (3.9s)
(CVXPY) Jul 17 09:45:01 PM: Encountered unexpected exception importing solver DIFFCP:
ImportError('DLL load failed while importing _diffcp: The specified module could not be found.')
    test[17] Prostate_Patient_122: RelErr=28.3615  (5.4s)
(CVXPY) Jul 17 09:45:07 PM: Encountered unexpected exception importing solver DIFFCP:
ImportError('DLL load failed while importing _diffcp: The specified module could not be found.')
    test[18] Prostate_Patient_109: RelErr=31.9171  (1.7s)
(CVXPY) Jul 17 09:45:08 PM: Encountered unexpected exception importing solver DIFFCP:
ImportError('DLL load failed while importing _diffcp: The specified module could not be found.')
    test[19] Prostate_Patient_90: RelErr=37.8787  (1.2s)
    Mean RelErr = 33.2776  (20/20 valid, 52.5s total)

  -- N=9, rho=2, method=kkt --
    Training: 9 patients
(CVXPY) Jul 17 09:45:10 PM: Encountered unexpected exception importing solver DIFFCP:
ImportError('DLL load failed while importing _diffcp: The specified module could not be found.')
  patients used=9  comp-slack resid=4.4595e+00
  alpha_hat (sign-constrained): [0.3176 0.3174 0.1587 0.0793 0.0794 0.0476]
  true alpha/sum (per function):[0.3175 0.3175 0.1587 0.0794 0.0794 0.0476]
  cond(M)=1.01e+08  per-patient leverage shares (N entries)=[0.    0.105 0.138 0.092 0.176 0.172 0.106 0.12  0.092]
  unidentified direction (|smallest eigvec|, per function): [0.646 0.646 0.323 0.161 0.161 0.097]
    alpha_hat = [0.3176 0.3174 0.1587 0.0793 0.0794 0.0476]
    True alpha (per function) = [20. 20. 10.  5.  5.  3.]
(CVXPY) Jul 17 09:45:20 PM: Encountered unexpected exception importing solver DIFFCP:
ImportError('DLL load failed while importing _diffcp: The specified module could not be found.')
    test[ 0] Prostate_Patient_41: RelErr=0.0255  (5.5s)
(CVXPY) Jul 17 09:45:26 PM: Encountered unexpected exception importing solver DIFFCP:
ImportError('DLL load failed while importing _diffcp: The specified module could not be found.')
    test[ 1] Prostate_Patient_32: RelErr=0.0316  (3.1s)
(CVXPY) Jul 17 09:45:29 PM: Encountered unexpected exception importing solver DIFFCP:
ImportError('DLL load failed while importing _diffcp: The specified module could not be found.')
    test[ 2] Prostate_Patient_60: RelErr=0.0418  (3.1s)
(CVXPY) Jul 17 09:45:32 PM: Encountered unexpected exception importing solver DIFFCP:
ImportError('DLL load failed while importing _diffcp: The specified module could not be found.')
    test[ 3] Prostate_Patient_72: RelErr=0.0458  (2.5s)
(CVXPY) Jul 17 09:45:34 PM: Encountered unexpected exception importing solver DIFFCP:
ImportError('DLL load failed while importing _diffcp: The specified module could not be found.')
    test[ 4] Prostate_Patient_95: RelErr=0.0545  (3.0s)
(CVXPY) Jul 17 09:45:37 PM: Encountered unexpected exception importing solver DIFFCP:
ImportError('DLL load failed while importing _diffcp: The specified module could not be found.')
    test[ 5] Prostate_Patient_123: RelErr=0.0506  (3.9s)
(CVXPY) Jul 17 09:45:41 PM: Encountered unexpected exception importing solver DIFFCP:
ImportError('DLL load failed while importing _diffcp: The specified module could not be found.')
    test[ 6] Prostate_Patient_53: RelErr=0.0396  (4.7s)
(CVXPY) Jul 17 09:45:46 PM: Encountered unexpected exception importing solver DIFFCP:
ImportError('DLL load failed while importing _diffcp: The specified module could not be found.')
    test[ 7] Prostate_Patient_55: RelErr=0.0279  (2.2s)
(CVXPY) Jul 17 09:45:48 PM: Encountered unexpected exception importing solver DIFFCP:
ImportError('DLL load failed while importing _diffcp: The specified module could not be found.')
    test[ 8] Prostate_Patient_36: RelErr=0.0451  (3.3s)
(CVXPY) Jul 17 09:45:52 PM: Encountered unexpected exception importing solver DIFFCP:
ImportError('DLL load failed while importing _diffcp: The specified module could not be found.')
    test[ 9] Prostate_Patient_54: RelErr=0.0230  (2.5s)
(CVXPY) Jul 17 09:45:54 PM: Encountered unexpected exception importing solver DIFFCP:
ImportError('DLL load failed while importing _diffcp: The specified module could not be found.')
    test[10] Prostate_Patient_42: RelErr=0.0326  (2.5s)
(CVXPY) Jul 17 09:45:57 PM: Encountered unexpected exception importing solver DIFFCP:
ImportError('DLL load failed while importing _diffcp: The specified module could not be found.')
    test[11] Prostate_Patient_51: RelErr=0.0315  (2.7s)
(CVXPY) Jul 17 09:45:59 PM: Encountered unexpected exception importing solver DIFFCP:
ImportError('DLL load failed while importing _diffcp: The specified module could not be found.')
    test[12] Prostate_Patient_97: RelErr=0.0339  (2.9s)
(CVXPY) Jul 17 09:46:02 PM: Encountered unexpected exception importing solver DIFFCP:
ImportError('DLL load failed while importing _diffcp: The specified module could not be found.')
    test[13] Prostate_Patient_12: RelErr=0.0400  (8.5s)
(CVXPY) Jul 17 09:46:11 PM: Encountered unexpected exception importing solver DIFFCP:
ImportError('DLL load failed while importing _diffcp: The specified module could not be found.')
    test[14] Prostate_Patient_46: RelErr=0.0345  (2.7s)
(CVXPY) Jul 17 09:46:13 PM: Encountered unexpected exception importing solver DIFFCP:
ImportError('DLL load failed while importing _diffcp: The specified module could not be found.')
    test[15] Prostate_Patient_4: RelErr=0.0236  (4.1s)
(CVXPY) Jul 17 09:46:17 PM: Encountered unexpected exception importing solver DIFFCP:
ImportError('DLL load failed while importing _diffcp: The specified module could not be found.')
    test[16] Prostate_Patient_21: RelErr=0.0231  (8.6s)
(CVXPY) Jul 17 09:46:26 PM: Encountered unexpected exception importing solver DIFFCP:
ImportError('DLL load failed while importing _diffcp: The specified module could not be found.')
    test[17] Prostate_Patient_122: RelErr=0.0224  (17.4s)
(CVXPY) Jul 17 09:46:43 PM: Encountered unexpected exception importing solver DIFFCP:
ImportError('DLL load failed while importing _diffcp: The specified module could not be found.')
    test[18] Prostate_Patient_109: RelErr=0.0445  (4.2s)
(CVXPY) Jul 17 09:46:48 PM: Encountered unexpected exception importing solver DIFFCP:
ImportError('DLL load failed while importing _diffcp: The specified module could not be found.')
    test[19] Prostate_Patient_90: RelErr=0.0411  (2.5s)
    Mean RelErr = 0.0356  (20/20 valid, 100.4s total)

  -- N=9, rho=3, method=kkt --
    Training: 9 patients
(CVXPY) Jul 17 09:46:50 PM: Encountered unexpected exception importing solver DIFFCP:
ImportError('DLL load failed while importing _diffcp: The specified module could not be found.')
D:\more tests with new functions\portpy_experiment\parametric_io.py:489: UserWarning: Solution may be inaccurate. Try another solver, adjusting the solver settings, or solve with verbose=True for more information.
  prob_i.solve(solver=getattr(cp, slv), verbose=False)
  patients used=9  comp-slack resid=2.1431e+10
  alpha_hat (sign-constrained): [0.2762 0.5014 0.1464 0.0406 0.0353 0.    ]
  true alpha/sum (per function):[0.3175 0.3175 0.1587 0.0794 0.0794 0.0476]
  cond(M)=3.17e+02  per-patient leverage shares (N entries)=[0.    0.149 0.14  0.083 0.126 0.135 0.132 0.093 0.141]
  unidentified direction (|smallest eigvec|, per function): [0.329 0.924 0.174 0.078 0.04  0.001]
    alpha_hat = [0.2762 0.5014 0.1464 0.0406 0.0353 0.    ]
    True alpha (per function) = [20. 20. 10.  5.  5.  3.]
(CVXPY) Jul 17 09:47:12 PM: Encountered unexpected exception importing solver DIFFCP:
ImportError('DLL load failed while importing _diffcp: The specified module could not be found.')
    test[ 0] Prostate_Patient_41: RelErr=9.9656  (9.2s)
(CVXPY) Jul 17 09:47:21 PM: Encountered unexpected exception importing solver DIFFCP:
ImportError('DLL load failed while importing _diffcp: The specified module could not be found.')
    test[ 1] Prostate_Patient_32: RelErr=11.6155  (3.5s)
(CVXPY) Jul 17 09:47:24 PM: Encountered unexpected exception importing solver DIFFCP:
ImportError('DLL load failed while importing _diffcp: The specified module could not be found.')
    test[ 2] Prostate_Patient_60: RelErr=13.5584  (4.0s)
(CVXPY) Jul 17 09:47:28 PM: Encountered unexpected exception importing solver DIFFCP:
ImportError('DLL load failed while importing _diffcp: The specified module could not be found.')
    test[ 3] Prostate_Patient_72: RelErr=12.6295  (2.0s)
(CVXPY) Jul 17 09:47:31 PM: Encountered unexpected exception importing solver DIFFCP:
ImportError('DLL load failed while importing _diffcp: The specified module could not be found.')
    test[ 4] Prostate_Patient_95: RelErr=13.1975  (5.6s)
(CVXPY) Jul 17 09:47:36 PM: Encountered unexpected exception importing solver DIFFCP:
ImportError('DLL load failed while importing _diffcp: The specified module could not be found.')
    test[ 5] Prostate_Patient_123: RelErr=11.6239  (4.5s)
(CVXPY) Jul 17 09:47:41 PM: Encountered unexpected exception importing solver DIFFCP:
ImportError('DLL load failed while importing _diffcp: The specified module could not be found.')
    test[ 6] Prostate_Patient_53: RelErr=10.4234  (5.0s)
(CVXPY) Jul 17 09:47:46 PM: Encountered unexpected exception importing solver DIFFCP:
ImportError('DLL load failed while importing _diffcp: The specified module could not be found.')
    test[ 7] Prostate_Patient_55: RelErr=16.6761  (2.2s)
(CVXPY) Jul 17 09:47:48 PM: Encountered unexpected exception importing solver DIFFCP:
ImportError('DLL load failed while importing _diffcp: The specified module could not be found.')
    test[ 8] Prostate_Patient_36: RelErr=15.0794  (2.4s)
(CVXPY) Jul 17 09:47:50 PM: Encountered unexpected exception importing solver DIFFCP:
ImportError('DLL load failed while importing _diffcp: The specified module could not be found.')
    test[ 9] Prostate_Patient_54: RelErr=11.7504  (2.4s)
(CVXPY) Jul 17 09:47:53 PM: Encountered unexpected exception importing solver DIFFCP:
ImportError('DLL load failed while importing _diffcp: The specified module could not be found.')
    test[10] Prostate_Patient_42: RelErr=18.1088  (4.2s)
(CVXPY) Jul 17 09:47:57 PM: Encountered unexpected exception importing solver DIFFCP:
ImportError('DLL load failed while importing _diffcp: The specified module could not be found.')
    test[11] Prostate_Patient_51: RelErr=10.0574  (4.9s)
(CVXPY) Jul 17 09:48:02 PM: Encountered unexpected exception importing solver DIFFCP:
ImportError('DLL load failed while importing _diffcp: The specified module could not be found.')
    test[12] Prostate_Patient_97: RelErr=10.8033  (2.7s)
(CVXPY) Jul 17 09:48:04 PM: Encountered unexpected exception importing solver DIFFCP:
ImportError('DLL load failed while importing _diffcp: The specified module could not be found.')
    test[13] Prostate_Patient_12: RelErr=9.9297  (11.0s)
(CVXPY) Jul 17 09:48:15 PM: Encountered unexpected exception importing solver DIFFCP:
ImportError('DLL load failed while importing _diffcp: The specified module could not be found.')
    test[14] Prostate_Patient_46: RelErr=11.8227  (4.0s)
(CVXPY) Jul 17 09:48:19 PM: Encountered unexpected exception importing solver DIFFCP:
ImportError('DLL load failed while importing _diffcp: The specified module could not be found.')
    test[15] Prostate_Patient_4: RelErr=11.9943  (6.9s)
(CVXPY) Jul 17 09:48:26 PM: Encountered unexpected exception importing solver DIFFCP:
ImportError('DLL load failed while importing _diffcp: The specified module could not be found.')
    test[16] Prostate_Patient_21: RelErr=11.2706  (8.3s)
(CVXPY) Jul 17 09:48:35 PM: Encountered unexpected exception importing solver DIFFCP:
ImportError('DLL load failed while importing _diffcp: The specified module could not be found.')
    test[17] Prostate_Patient_122: RelErr=13.7027  (14.1s)
(CVXPY) Jul 17 09:48:49 PM: Encountered unexpected exception importing solver DIFFCP:
ImportError('DLL load failed while importing _diffcp: The specified module could not be found.')
    test[18] Prostate_Patient_109: RelErr=13.4911  (4.6s)
(CVXPY) Jul 17 09:48:53 PM: Encountered unexpected exception importing solver DIFFCP:
ImportError('DLL load failed while importing _diffcp: The specified module could not be found.')
    test[19] Prostate_Patient_90: RelErr=14.5188  (4.4s)
    Mean RelErr = 12.6110  (20/20 valid, 127.5s total)

  -- N=10, rho=1, method=kkt --
    Training: 10 patients
(CVXPY) Jul 17 09:48:58 PM: Encountered unexpected exception importing solver DIFFCP:
ImportError('DLL load failed while importing _diffcp: The specified module could not be found.')
  patients used=10  comp-slack resid=1.1006e+04
  alpha_hat (sign-constrained): [0.1142 0.2274 0.057  0.5182 0.0236 0.0596]
  true alpha/sum (per function):[0.3175 0.3175 0.1587 0.0794 0.0794 0.0476]
  cond(M)=1.31e+02  per-patient leverage shares (N entries)=[0.003 0.063 0.117 0.096 0.137 0.143 0.105 0.094 0.071 0.172]
  unidentified direction (|smallest eigvec|, per function): [0.094 0.067 0.025 0.99  0.057 0.042]
    alpha_hat = [0.1142 0.2274 0.057  0.5182 0.0236 0.0596]
    True alpha (per function) = [20. 20. 10.  5.  5.  3.]
(CVXPY) Jul 17 09:49:07 PM: Encountered unexpected exception importing solver DIFFCP:
ImportError('DLL load failed while importing _diffcp: The specified module could not be found.')
    test[ 0] Prostate_Patient_41: RelErr=29.9848  (3.1s)
(CVXPY) Jul 17 09:49:11 PM: Encountered unexpected exception importing solver DIFFCP:
ImportError('DLL load failed while importing _diffcp: The specified module could not be found.')
    test[ 1] Prostate_Patient_32: RelErr=39.6224  (1.8s)
(CVXPY) Jul 17 09:49:12 PM: Encountered unexpected exception importing solver DIFFCP:
ImportError('DLL load failed while importing _diffcp: The specified module could not be found.')
    test[ 2] Prostate_Patient_60: RelErr=38.0653  (1.3s)
(CVXPY) Jul 17 09:49:14 PM: Encountered unexpected exception importing solver DIFFCP:
ImportError('DLL load failed while importing _diffcp: The specified module could not be found.')
    test[ 3] Prostate_Patient_72: RelErr=39.4998  (1.1s)
(CVXPY) Jul 17 09:49:15 PM: Encountered unexpected exception importing solver DIFFCP:
ImportError('DLL load failed while importing _diffcp: The specified module could not be found.')
    test[ 4] Prostate_Patient_95: RelErr=36.0608  (1.5s)
(CVXPY) Jul 17 09:49:16 PM: Encountered unexpected exception importing solver DIFFCP:
ImportError('DLL load failed while importing _diffcp: The specified module could not be found.')
    test[ 5] Prostate_Patient_123: RelErr=33.5734  (2.2s)
(CVXPY) Jul 17 09:49:18 PM: Encountered unexpected exception importing solver DIFFCP:
ImportError('DLL load failed while importing _diffcp: The specified module could not be found.')
    test[ 6] Prostate_Patient_53: RelErr=31.0452  (2.6s)
(CVXPY) Jul 17 09:49:21 PM: Encountered unexpected exception importing solver DIFFCP:
ImportError('DLL load failed while importing _diffcp: The specified module could not be found.')
    test[ 7] Prostate_Patient_55: RelErr=27.2794  (1.6s)
(CVXPY) Jul 17 09:49:23 PM: Encountered unexpected exception importing solver DIFFCP:
ImportError('DLL load failed while importing _diffcp: The specified module could not be found.')
    test[ 8] Prostate_Patient_36: RelErr=34.4131  (1.2s)
(CVXPY) Jul 17 09:49:24 PM: Encountered unexpected exception importing solver DIFFCP:
ImportError('DLL load failed while importing _diffcp: The specified module could not be found.')
    test[ 9] Prostate_Patient_54: RelErr=35.2566  (1.3s)
(CVXPY) Jul 17 09:49:25 PM: Encountered unexpected exception importing solver DIFFCP:
ImportError('DLL load failed while importing _diffcp: The specified module could not be found.')
    test[10] Prostate_Patient_42: RelErr=35.0511  (1.5s)
(CVXPY) Jul 17 09:49:27 PM: Encountered unexpected exception importing solver DIFFCP:
ImportError('DLL load failed while importing _diffcp: The specified module could not be found.')
    test[11] Prostate_Patient_51: RelErr=32.7976  (1.9s)
(CVXPY) Jul 17 09:49:29 PM: Encountered unexpected exception importing solver DIFFCP:
ImportError('DLL load failed while importing _diffcp: The specified module could not be found.')
    test[12] Prostate_Patient_97: RelErr=42.6292  (1.0s)
(CVXPY) Jul 17 09:49:30 PM: Encountered unexpected exception importing solver DIFFCP:
ImportError('DLL load failed while importing _diffcp: The specified module could not be found.')
    test[13] Prostate_Patient_12: RelErr=29.6870  (5.1s)
(CVXPY) Jul 17 09:49:35 PM: Encountered unexpected exception importing solver DIFFCP:
ImportError('DLL load failed while importing _diffcp: The specified module could not be found.')
    test[14] Prostate_Patient_46: RelErr=28.6967  (1.7s)
(CVXPY) Jul 17 09:49:36 PM: Encountered unexpected exception importing solver DIFFCP:
ImportError('DLL load failed while importing _diffcp: The specified module could not be found.')
    test[15] Prostate_Patient_4: RelErr=29.8917  (3.2s)
(CVXPY) Jul 17 09:49:39 PM: Encountered unexpected exception importing solver DIFFCP:
ImportError('DLL load failed while importing _diffcp: The specified module could not be found.')
    test[16] Prostate_Patient_21: RelErr=27.7788  (3.7s)
(CVXPY) Jul 17 09:49:43 PM: Encountered unexpected exception importing solver DIFFCP:
ImportError('DLL load failed while importing _diffcp: The specified module could not be found.')
    test[17] Prostate_Patient_122: RelErr=28.0278  (6.1s)
(CVXPY) Jul 17 09:49:49 PM: Encountered unexpected exception importing solver DIFFCP:
ImportError('DLL load failed while importing _diffcp: The specified module could not be found.')
    test[18] Prostate_Patient_109: RelErr=32.9658  (1.8s)
(CVXPY) Jul 17 09:49:51 PM: Encountered unexpected exception importing solver DIFFCP:
ImportError('DLL load failed while importing _diffcp: The specified module could not be found.')
    test[19] Prostate_Patient_90: RelErr=37.3050  (1.0s)
    Mean RelErr = 33.4816  (20/20 valid, 54.4s total)

  -- N=10, rho=2, method=kkt --
    Training: 10 patients
(CVXPY) Jul 17 09:49:52 PM: Encountered unexpected exception importing solver DIFFCP:
ImportError('DLL load failed while importing _diffcp: The specified module could not be found.')
  patients used=10  comp-slack resid=5.5923e+00
  alpha_hat (sign-constrained): [0.3175 0.3174 0.1587 0.0793 0.0794 0.0476]
  true alpha/sum (per function):[0.3175 0.3175 0.1587 0.0794 0.0794 0.0476]
  cond(M)=1.06e+08  per-patient leverage shares (N entries)=[0.    0.079 0.104 0.07  0.133 0.13  0.08  0.09  0.069 0.245]
  unidentified direction (|smallest eigvec|, per function): [0.646 0.646 0.323 0.161 0.161 0.097]
    alpha_hat = [0.3175 0.3174 0.1587 0.0793 0.0794 0.0476]
    True alpha (per function) = [20. 20. 10.  5.  5.  3.]
(CVXPY) Jul 17 09:50:03 PM: Encountered unexpected exception importing solver DIFFCP:
ImportError('DLL load failed while importing _diffcp: The specified module could not be found.')
    test[ 0] Prostate_Patient_41: RelErr=0.0229  (5.9s)
(CVXPY) Jul 17 09:50:09 PM: Encountered unexpected exception importing solver DIFFCP:
ImportError('DLL load failed while importing _diffcp: The specified module could not be found.')
    test[ 1] Prostate_Patient_32: RelErr=0.0314  (3.0s)
(CVXPY) Jul 17 09:50:12 PM: Encountered unexpected exception importing solver DIFFCP:
ImportError('DLL load failed while importing _diffcp: The specified module could not be found.')
    test[ 2] Prostate_Patient_60: RelErr=0.0210  (2.8s)
(CVXPY) Jul 17 09:50:15 PM: Encountered unexpected exception importing solver DIFFCP:
ImportError('DLL load failed while importing _diffcp: The specified module could not be found.')
    test[ 3] Prostate_Patient_72: RelErr=0.0457  (2.3s)
(CVXPY) Jul 17 09:50:17 PM: Encountered unexpected exception importing solver DIFFCP:
ImportError('DLL load failed while importing _diffcp: The specified module could not be found.')
    test[ 4] Prostate_Patient_95: RelErr=0.0648  (2.9s)
(CVXPY) Jul 17 09:50:20 PM: Encountered unexpected exception importing solver DIFFCP:
ImportError('DLL load failed while importing _diffcp: The specified module could not be found.')
    test[ 5] Prostate_Patient_123: RelErr=0.0532  (4.1s)
(CVXPY) Jul 17 09:50:24 PM: Encountered unexpected exception importing solver DIFFCP:
ImportError('DLL load failed while importing _diffcp: The specified module could not be found.')
    test[ 6] Prostate_Patient_53: RelErr=0.0480  (4.3s)
(CVXPY) Jul 17 09:50:28 PM: Encountered unexpected exception importing solver DIFFCP:
ImportError('DLL load failed while importing _diffcp: The specified module could not be found.')
    test[ 7] Prostate_Patient_55: RelErr=0.0262  (2.2s)
(CVXPY) Jul 17 09:50:31 PM: Encountered unexpected exception importing solver DIFFCP:
ImportError('DLL load failed while importing _diffcp: The specified module could not be found.')
    test[ 8] Prostate_Patient_36: RelErr=0.0658  (2.4s)
(CVXPY) Jul 17 09:50:33 PM: Encountered unexpected exception importing solver DIFFCP:
ImportError('DLL load failed while importing _diffcp: The specified module could not be found.')
    test[ 9] Prostate_Patient_54: RelErr=0.0238  (2.7s)
(CVXPY) Jul 17 09:50:36 PM: Encountered unexpected exception importing solver DIFFCP:
ImportError('DLL load failed while importing _diffcp: The specified module could not be found.')
    test[10] Prostate_Patient_42: RelErr=0.0322  (2.5s)
(CVXPY) Jul 17 09:50:38 PM: Encountered unexpected exception importing solver DIFFCP:
ImportError('DLL load failed while importing _diffcp: The specified module could not be found.')
    test[11] Prostate_Patient_51: RelErr=0.0364  (3.3s)
(CVXPY) Jul 17 09:50:41 PM: Encountered unexpected exception importing solver DIFFCP:
ImportError('DLL load failed while importing _diffcp: The specified module could not be found.')
    test[12] Prostate_Patient_97: RelErr=0.0408  (2.5s)
(CVXPY) Jul 17 09:50:44 PM: Encountered unexpected exception importing solver DIFFCP:
ImportError('DLL load failed while importing _diffcp: The specified module could not be found.')
    test[13] Prostate_Patient_12: RelErr=0.0173  (7.9s)
(CVXPY) Jul 17 09:50:52 PM: Encountered unexpected exception importing solver DIFFCP:
ImportError('DLL load failed while importing _diffcp: The specified module could not be found.')
    test[14] Prostate_Patient_46: RelErr=0.0347  (2.8s)
(CVXPY) Jul 17 09:50:55 PM: Encountered unexpected exception importing solver DIFFCP:
ImportError('DLL load failed while importing _diffcp: The specified module could not be found.')
    test[15] Prostate_Patient_4: RelErr=0.0224  (4.4s)
(CVXPY) Jul 17 09:50:59 PM: Encountered unexpected exception importing solver DIFFCP:
ImportError('DLL load failed while importing _diffcp: The specified module could not be found.')
    test[16] Prostate_Patient_21: RelErr=0.0272  (8.3s)
(CVXPY) Jul 17 09:51:07 PM: Encountered unexpected exception importing solver DIFFCP:
ImportError('DLL load failed while importing _diffcp: The specified module could not be found.')
    test[17] Prostate_Patient_122: RelErr=0.0120  (18.9s)
(CVXPY) Jul 17 09:51:26 PM: Encountered unexpected exception importing solver DIFFCP:
ImportError('DLL load failed while importing _diffcp: The specified module could not be found.')
    test[18] Prostate_Patient_109: RelErr=0.0418  (4.4s)
(CVXPY) Jul 17 09:51:31 PM: Encountered unexpected exception importing solver DIFFCP:
ImportError('DLL load failed while importing _diffcp: The specified module could not be found.')
    test[19] Prostate_Patient_90: RelErr=0.0393  (2.7s)
    Mean RelErr = 0.0353  (20/20 valid, 101.2s total)

  -- N=10, rho=3, method=kkt --
    Training: 10 patients
(CVXPY) Jul 17 09:51:34 PM: Encountered unexpected exception importing solver DIFFCP:
ImportError('DLL load failed while importing _diffcp: The specified module could not be found.')
  patients used=10  comp-slack resid=2.9808e+10
  alpha_hat (sign-constrained): [0.2771 0.5086 0.1459 0.034  0.0344 0.    ]
  true alpha/sum (per function):[0.3175 0.3175 0.1587 0.0794 0.0794 0.0476]
  cond(M)=3.85e+02  per-patient leverage shares (N entries)=[0.    0.1   0.094 0.056 0.085 0.091 0.089 0.062 0.095 0.329]
  unidentified direction (|smallest eigvec|, per function): [0.184 0.969 0.145 0.07  0.037 0.001]
    alpha_hat = [0.2771 0.5086 0.1459 0.034  0.0344 0.    ]
    True alpha (per function) = [20. 20. 10.  5.  5.  3.]
(CVXPY) Jul 17 09:51:53 PM: Encountered unexpected exception importing solver DIFFCP:
ImportError('DLL load failed while importing _diffcp: The specified module could not be found.')
    test[ 0] Prostate_Patient_41: RelErr=10.0877  (7.7s)
(CVXPY) Jul 17 09:52:01 PM: Encountered unexpected exception importing solver DIFFCP:
ImportError('DLL load failed while importing _diffcp: The specified module could not be found.')
    test[ 1] Prostate_Patient_32: RelErr=11.7331  (3.8s)
(CVXPY) Jul 17 09:52:05 PM: Encountered unexpected exception importing solver DIFFCP:
ImportError('DLL load failed while importing _diffcp: The specified module could not be found.')
    test[ 2] Prostate_Patient_60: RelErr=13.6134  (2.8s)
(CVXPY) Jul 17 09:52:08 PM: Encountered unexpected exception importing solver DIFFCP:
ImportError('DLL load failed while importing _diffcp: The specified module could not be found.')
    test[ 3] Prostate_Patient_72: RelErr=12.7904  (2.6s)
(CVXPY) Jul 17 09:52:10 PM: Encountered unexpected exception importing solver DIFFCP:
ImportError('DLL load failed while importing _diffcp: The specified module could not be found.')
    test[ 4] Prostate_Patient_95: RelErr=13.3151  (4.3s)
(CVXPY) Jul 17 09:52:15 PM: Encountered unexpected exception importing solver DIFFCP:
ImportError('DLL load failed while importing _diffcp: The specified module could not be found.')
    test[ 5] Prostate_Patient_123: RelErr=11.6462  (4.9s)
(CVXPY) Jul 17 09:52:20 PM: Encountered unexpected exception importing solver DIFFCP:
ImportError('DLL load failed while importing _diffcp: The specified module could not be found.')
    test[ 6] Prostate_Patient_53: RelErr=10.4694  (5.4s)
(CVXPY) Jul 17 09:52:25 PM: Encountered unexpected exception importing solver DIFFCP:
ImportError('DLL load failed while importing _diffcp: The specified module could not be found.')
    test[ 7] Prostate_Patient_55: RelErr=16.9246  (2.0s)
(CVXPY) Jul 17 09:52:27 PM: Encountered unexpected exception importing solver DIFFCP:
ImportError('DLL load failed while importing _diffcp: The specified module could not be found.')
    test[ 8] Prostate_Patient_36: RelErr=15.3151  (2.2s)
(CVXPY) Jul 17 09:52:29 PM: Encountered unexpected exception importing solver DIFFCP:
ImportError('DLL load failed while importing _diffcp: The specified module could not be found.')
    test[ 9] Prostate_Patient_54: RelErr=11.8737  (3.0s)
(CVXPY) Jul 17 09:52:32 PM: Encountered unexpected exception importing solver DIFFCP:
ImportError('DLL load failed while importing _diffcp: The specified module could not be found.')
    test[10] Prostate_Patient_42: RelErr=18.2110  (2.8s)
(CVXPY) Jul 17 09:52:35 PM: Encountered unexpected exception importing solver DIFFCP:
ImportError('DLL load failed while importing _diffcp: The specified module could not be found.')
    test[11] Prostate_Patient_51: RelErr=10.1100  (4.9s)
(CVXPY) Jul 17 09:52:40 PM: Encountered unexpected exception importing solver DIFFCP:
ImportError('DLL load failed while importing _diffcp: The specified module could not be found.')
    test[12] Prostate_Patient_97: RelErr=10.9087  (2.3s)
(CVXPY) Jul 17 09:52:42 PM: Encountered unexpected exception importing solver DIFFCP:
ImportError('DLL load failed while importing _diffcp: The specified module could not be found.')
    test[13] Prostate_Patient_12: RelErr=10.1223  (10.7s)
(CVXPY) Jul 17 09:52:53 PM: Encountered unexpected exception importing solver DIFFCP:
ImportError('DLL load failed while importing _diffcp: The specified module could not be found.')
    test[14] Prostate_Patient_46: RelErr=11.8878  (4.1s)
(CVXPY) Jul 17 09:52:57 PM: Encountered unexpected exception importing solver DIFFCP:
ImportError('DLL load failed while importing _diffcp: The specified module could not be found.')
    test[15] Prostate_Patient_4: RelErr=12.1044  (6.4s)
(CVXPY) Jul 17 09:53:03 PM: Encountered unexpected exception importing solver DIFFCP:
ImportError('DLL load failed while importing _diffcp: The specified module could not be found.')
    test[16] Prostate_Patient_21: RelErr=11.4221  (8.3s)
(CVXPY) Jul 17 09:53:12 PM: Encountered unexpected exception importing solver DIFFCP:
ImportError('DLL load failed while importing _diffcp: The specified module could not be found.')
    test[17] Prostate_Patient_122: RelErr=13.8801  (13.1s)
(CVXPY) Jul 17 09:53:25 PM: Encountered unexpected exception importing solver DIFFCP:
ImportError('DLL load failed while importing _diffcp: The specified module could not be found.')
    test[18] Prostate_Patient_109: RelErr=13.5564  (4.3s)
(CVXPY) Jul 17 09:53:29 PM: Encountered unexpected exception importing solver DIFFCP:
ImportError('DLL load failed while importing _diffcp: The specified module could not be found.')
    test[19] Prostate_Patient_90: RelErr=14.6433  (2.0s)
    Mean RelErr = 12.7307  (20/20 valid, 117.8s total)
Saved CSV: results/parametric_comparison\parametric_mape_nested_mape_kkt.csv
Saved figure: results/parametric_comparison\parametric_mape_figure_mape_kkt.pdf

===== SUMMARY =====
   N         rho=1         rho=2         rho=3
   3        33.212%       0.038%      12.222%
   4        33.134%       0.032%      12.226%
   5        33.076%       0.031%      12.114%
   6        33.116%       0.034%      12.371%
   7        33.409%       0.058%      12.800%
   8        33.316%       0.038%      12.585%
   9        33.278%       0.036%      12.611%
  10        33.482%       0.035%      12.731%
MAPE DONE Fri Jul 17 21:53:32 EDT 2026
