START Fri Jul 17 21:58:05 EDT 2026
(CVXPY) Jul 17 09:58:06 PM: Encountered unexpected exception importing solver DIFFCP:
ImportError('DLL load failed while importing _diffcp: The specified module could not be found.')
Test set: 20 patients
Using canonical test set: 20 patients

  -- N=3, rho=1, method=kkt --
    Training: 3 patients
(CVXPY) Jul 17 09:58:07 PM: Encountered unexpected exception importing solver DIFFCP:
ImportError('DLL load failed while importing _diffcp: The specified module could not be found.')
  patients used=3  comp-slack resid=3.1605e+03
  alpha_hat (sign-constrained): [0.2123 0.232  0.0719 0.3806 0.0346 0.0685]
  true alpha/sum (per function):[0.3175 0.3175 0.1587 0.0794 0.0794 0.0476]
  cond(M)=6.85e+01  per-patient leverage shares (N entries)=[0.014 0.343 0.643]
  unidentified direction (|smallest eigvec|, per function): [0.221 0.15  0.047 0.955 0.097 0.079]
    alpha_hat = [0.2123 0.232  0.0719 0.3806 0.0346 0.0685]
    True alpha (per function) = [20. 20. 10.  5.  5.  3.]
(CVXPY) Jul 17 09:58:12 PM: Encountered unexpected exception importing solver DIFFCP:
ImportError('DLL load failed while importing _diffcp: The specified module could not be found.')
    test[ 0] Prostate_Patient_41: RelErr=1.0391  (3.7s)
(CVXPY) Jul 17 09:58:15 PM: Encountered unexpected exception importing solver DIFFCP:
ImportError('DLL load failed while importing _diffcp: The specified module could not be found.')
    test[ 1] Prostate_Patient_32: RelErr=1.1003  (2.0s)
(CVXPY) Jul 17 09:58:17 PM: Encountered unexpected exception importing solver DIFFCP:
ImportError('DLL load failed while importing _diffcp: The specified module could not be found.')
    test[ 2] Prostate_Patient_60: RelErr=1.1662  (1.6s)
(CVXPY) Jul 17 09:58:19 PM: Encountered unexpected exception importing solver DIFFCP:
ImportError('DLL load failed while importing _diffcp: The specified module could not be found.')
    test[ 3] Prostate_Patient_72: RelErr=1.2218  (1.2s)
(CVXPY) Jul 17 09:58:20 PM: Encountered unexpected exception importing solver DIFFCP:
ImportError('DLL load failed while importing _diffcp: The specified module could not be found.')
    test[ 4] Prostate_Patient_95: RelErr=0.9698  (1.7s)
(CVXPY) Jul 17 09:58:22 PM: Encountered unexpected exception importing solver DIFFCP:
ImportError('DLL load failed while importing _diffcp: The specified module could not be found.')
    test[ 5] Prostate_Patient_123: RelErr=1.0577  (2.8s)
(CVXPY) Jul 17 09:58:25 PM: Encountered unexpected exception importing solver DIFFCP:
ImportError('DLL load failed while importing _diffcp: The specified module could not be found.')
    test[ 6] Prostate_Patient_53: RelErr=1.0505  (3.1s)
(CVXPY) Jul 17 09:58:28 PM: Encountered unexpected exception importing solver DIFFCP:
ImportError('DLL load failed while importing _diffcp: The specified module could not be found.')
    test[ 7] Prostate_Patient_55: RelErr=0.9941  (1.7s)
(CVXPY) Jul 17 09:58:29 PM: Encountered unexpected exception importing solver DIFFCP:
ImportError('DLL load failed while importing _diffcp: The specified module could not be found.')
    test[ 8] Prostate_Patient_36: RelErr=1.0844  (1.4s)
(CVXPY) Jul 17 09:58:31 PM: Encountered unexpected exception importing solver DIFFCP:
ImportError('DLL load failed while importing _diffcp: The specified module could not be found.')
    test[ 9] Prostate_Patient_54: RelErr=1.0327  (1.3s)
(CVXPY) Jul 17 09:58:32 PM: Encountered unexpected exception importing solver DIFFCP:
ImportError('DLL load failed while importing _diffcp: The specified module could not be found.')
    test[10] Prostate_Patient_42: RelErr=1.0726  (1.9s)
(CVXPY) Jul 17 09:58:34 PM: Encountered unexpected exception importing solver DIFFCP:
ImportError('DLL load failed while importing _diffcp: The specified module could not be found.')
    test[11] Prostate_Patient_51: RelErr=1.1217  (2.1s)
(CVXPY) Jul 17 09:58:36 PM: Encountered unexpected exception importing solver DIFFCP:
ImportError('DLL load failed while importing _diffcp: The specified module could not be found.')
    test[12] Prostate_Patient_97: RelErr=1.2120  (1.1s)
(CVXPY) Jul 17 09:58:37 PM: Encountered unexpected exception importing solver DIFFCP:
ImportError('DLL load failed while importing _diffcp: The specified module could not be found.')
    test[13] Prostate_Patient_12: RelErr=1.0175  (5.4s)
(CVXPY) Jul 17 09:58:43 PM: Encountered unexpected exception importing solver DIFFCP:
ImportError('DLL load failed while importing _diffcp: The specified module could not be found.')
    test[14] Prostate_Patient_46: RelErr=1.0409  (2.0s)
(CVXPY) Jul 17 09:58:45 PM: Encountered unexpected exception importing solver DIFFCP:
ImportError('DLL load failed while importing _diffcp: The specified module could not be found.')
    test[15] Prostate_Patient_4: RelErr=0.9292  (3.2s)
(CVXPY) Jul 17 09:58:48 PM: Encountered unexpected exception importing solver DIFFCP:
ImportError('DLL load failed while importing _diffcp: The specified module could not be found.')
    test[16] Prostate_Patient_21: RelErr=0.9879  (4.4s)
(CVXPY) Jul 17 09:58:52 PM: Encountered unexpected exception importing solver DIFFCP:
ImportError('DLL load failed while importing _diffcp: The specified module could not be found.')
    test[17] Prostate_Patient_122: RelErr=1.0742  (6.5s)
(CVXPY) Jul 17 09:58:59 PM: Encountered unexpected exception importing solver DIFFCP:
ImportError('DLL load failed while importing _diffcp: The specified module could not be found.')
    test[18] Prostate_Patient_109: RelErr=1.0649  (2.0s)
(CVXPY) Jul 17 09:59:01 PM: Encountered unexpected exception importing solver DIFFCP:
ImportError('DLL load failed while importing _diffcp: The specified module could not be found.')
    test[19] Prostate_Patient_90: RelErr=1.0400  (1.3s)
    Mean RelErr = 1.0639  (20/20 valid, 54.8s total)

  -- N=3, rho=2, method=kkt --
    Training: 3 patients
(CVXPY) Jul 17 09:59:02 PM: Encountered unexpected exception importing solver DIFFCP:
ImportError('DLL load failed while importing _diffcp: The specified module could not be found.')
  patients used=3  comp-slack resid=1.2814e+00
  alpha_hat (sign-constrained): [0.3175 0.3175 0.1587 0.0794 0.0794 0.0476]
  true alpha/sum (per function):[0.3175 0.3175 0.1587 0.0794 0.0794 0.0476]
  cond(M)=4.64e+07  per-patient leverage shares (N entries)=[0.    0.431 0.569]
  unidentified direction (|smallest eigvec|, per function): [0.646 0.646 0.323 0.161 0.161 0.097]
    alpha_hat = [0.3175 0.3175 0.1587 0.0794 0.0794 0.0476]
    True alpha (per function) = [20. 20. 10.  5.  5.  3.]
(CVXPY) Jul 17 09:59:06 PM: Encountered unexpected exception importing solver DIFFCP:
ImportError('DLL load failed while importing _diffcp: The specified module could not be found.')
    test[ 0] Prostate_Patient_41: RelErr=0.0069  (7.0s)
(CVXPY) Jul 17 09:59:13 PM: Encountered unexpected exception importing solver DIFFCP:
ImportError('DLL load failed while importing _diffcp: The specified module could not be found.')
    test[ 1] Prostate_Patient_32: RelErr=0.0062  (3.5s)
(CVXPY) Jul 17 09:59:17 PM: Encountered unexpected exception importing solver DIFFCP:
ImportError('DLL load failed while importing _diffcp: The specified module could not be found.')
    test[ 2] Prostate_Patient_60: RelErr=0.0064  (3.2s)
(CVXPY) Jul 17 09:59:20 PM: Encountered unexpected exception importing solver DIFFCP:
ImportError('DLL load failed while importing _diffcp: The specified module could not be found.')
    test[ 3] Prostate_Patient_72: RelErr=0.0171  (2.7s)
(CVXPY) Jul 17 09:59:23 PM: Encountered unexpected exception importing solver DIFFCP:
ImportError('DLL load failed while importing _diffcp: The specified module could not be found.')
    test[ 4] Prostate_Patient_95: RelErr=0.0129  (3.3s)
(CVXPY) Jul 17 09:59:26 PM: Encountered unexpected exception importing solver DIFFCP:
ImportError('DLL load failed while importing _diffcp: The specified module could not be found.')
    test[ 5] Prostate_Patient_123: RelErr=0.0061  (4.5s)
(CVXPY) Jul 17 09:59:31 PM: Encountered unexpected exception importing solver DIFFCP:
ImportError('DLL load failed while importing _diffcp: The specified module could not be found.')
    test[ 6] Prostate_Patient_53: RelErr=0.0044  (5.4s)
(CVXPY) Jul 17 09:59:36 PM: Encountered unexpected exception importing solver DIFFCP:
ImportError('DLL load failed while importing _diffcp: The specified module could not be found.')
    test[ 7] Prostate_Patient_55: RelErr=0.0055  (2.2s)
(CVXPY) Jul 17 09:59:38 PM: Encountered unexpected exception importing solver DIFFCP:
ImportError('DLL load failed while importing _diffcp: The specified module could not be found.')
    test[ 8] Prostate_Patient_36: RelErr=0.0043  (2.8s)
(CVXPY) Jul 17 09:59:41 PM: Encountered unexpected exception importing solver DIFFCP:
ImportError('DLL load failed while importing _diffcp: The specified module could not be found.')
    test[ 9] Prostate_Patient_54: RelErr=0.0079  (3.0s)
(CVXPY) Jul 17 09:59:44 PM: Encountered unexpected exception importing solver DIFFCP:
ImportError('DLL load failed while importing _diffcp: The specified module could not be found.')
    test[10] Prostate_Patient_42: RelErr=0.0076  (3.3s)
(CVXPY) Jul 17 09:59:48 PM: Encountered unexpected exception importing solver DIFFCP:
ImportError('DLL load failed while importing _diffcp: The specified module could not be found.')
    test[11] Prostate_Patient_51: RelErr=0.0051  (3.6s)
(CVXPY) Jul 17 09:59:51 PM: Encountered unexpected exception importing solver DIFFCP:
ImportError('DLL load failed while importing _diffcp: The specified module could not be found.')
    test[12] Prostate_Patient_97: RelErr=0.0105  (2.8s)
(CVXPY) Jul 17 09:59:54 PM: Encountered unexpected exception importing solver DIFFCP:
ImportError('DLL load failed while importing _diffcp: The specified module could not be found.')
    test[13] Prostate_Patient_12: RelErr=0.0181  (10.2s)
(CVXPY) Jul 17 10:00:04 PM: Encountered unexpected exception importing solver DIFFCP:
ImportError('DLL load failed while importing _diffcp: The specified module could not be found.')
    test[14] Prostate_Patient_46: RelErr=0.0045  (3.4s)
(CVXPY) Jul 17 10:00:08 PM: Encountered unexpected exception importing solver DIFFCP:
ImportError('DLL load failed while importing _diffcp: The specified module could not be found.')
    test[15] Prostate_Patient_4: RelErr=0.0086  (4.9s)
(CVXPY) Jul 17 10:00:12 PM: Encountered unexpected exception importing solver DIFFCP:
ImportError('DLL load failed while importing _diffcp: The specified module could not be found.')
    test[16] Prostate_Patient_21: RelErr=0.0055  (10.1s)
(CVXPY) Jul 17 10:00:23 PM: Encountered unexpected exception importing solver DIFFCP:
ImportError('DLL load failed while importing _diffcp: The specified module could not be found.')
    test[17] Prostate_Patient_122: RelErr=0.0019  (20.6s)
(CVXPY) Jul 17 10:00:43 PM: Encountered unexpected exception importing solver DIFFCP:
ImportError('DLL load failed while importing _diffcp: The specified module could not be found.')
    test[18] Prostate_Patient_109: RelErr=0.0021  (4.6s)
(CVXPY) Jul 17 10:00:48 PM: Encountered unexpected exception importing solver DIFFCP:
ImportError('DLL load failed while importing _diffcp: The specified module could not be found.')
    test[19] Prostate_Patient_90: RelErr=0.0050  (2.7s)
    Mean RelErr = 0.0073  (20/20 valid, 108.4s total)

  -- N=3, rho=3, method=kkt --
    Training: 3 patients
(CVXPY) Jul 17 10:00:51 PM: Encountered unexpected exception importing solver DIFFCP:
ImportError('DLL load failed while importing _diffcp: The specified module could not be found.')
  patients used=3  comp-slack resid=5.9647e+09
  alpha_hat (sign-constrained): [0.2163 0.4729 0.2364 0.0293 0.0452 0.    ]
  true alpha/sum (per function):[0.3175 0.3175 0.1587 0.0794 0.0794 0.0476]
  cond(M)=4.23e+02  per-patient leverage shares (N entries)=[0.    0.515 0.485]
  unidentified direction (|smallest eigvec|, per function): [0.47  0.788 0.39  0.012 0.071 0.003]
    alpha_hat = [0.2163 0.4729 0.2364 0.0293 0.0452 0.    ]
    True alpha (per function) = [20. 20. 10.  5.  5.  3.]
(CVXPY) Jul 17 10:00:54 PM: Encountered unexpected exception importing solver DIFFCP:
ImportError('DLL load failed while importing _diffcp: The specified module could not be found.')
    test[ 0] Prostate_Patient_41: RelErr=0.5602  (9.2s)
(CVXPY) Jul 17 10:01:03 PM: Encountered unexpected exception importing solver DIFFCP:
ImportError('DLL load failed while importing _diffcp: The specified module could not be found.')
    test[ 1] Prostate_Patient_32: RelErr=0.5827  (3.9s)
(CVXPY) Jul 17 10:01:07 PM: Encountered unexpected exception importing solver DIFFCP:
ImportError('DLL load failed while importing _diffcp: The specified module could not be found.')
    test[ 2] Prostate_Patient_60: RelErr=0.6112  (3.0s)
(CVXPY) Jul 17 10:01:10 PM: Encountered unexpected exception importing solver DIFFCP:
ImportError('DLL load failed while importing _diffcp: The specified module could not be found.')
    test[ 3] Prostate_Patient_72: RelErr=0.5979  (3.0s)
(CVXPY) Jul 17 10:01:13 PM: Encountered unexpected exception importing solver DIFFCP:
ImportError('DLL load failed while importing _diffcp: The specified module could not be found.')
    test[ 4] Prostate_Patient_95: RelErr=0.6316  (4.6s)
(CVXPY) Jul 17 10:01:18 PM: Encountered unexpected exception importing solver DIFFCP:
ImportError('DLL load failed while importing _diffcp: The specified module could not be found.')
    test[ 5] Prostate_Patient_123: RelErr=0.6329  (4.7s)
(CVXPY) Jul 17 10:01:22 PM: Encountered unexpected exception importing solver DIFFCP:
ImportError('DLL load failed while importing _diffcp: The specified module could not be found.')
    test[ 6] Prostate_Patient_53: RelErr=0.5808  (5.6s)
(CVXPY) Jul 17 10:01:28 PM: Encountered unexpected exception importing solver DIFFCP:
ImportError('DLL load failed while importing _diffcp: The specified module could not be found.')
    test[ 7] Prostate_Patient_55: RelErr=0.7289  (3.8s)
(CVXPY) Jul 17 10:01:32 PM: Encountered unexpected exception importing solver DIFFCP:
ImportError('DLL load failed while importing _diffcp: The specified module could not be found.')
    test[ 8] Prostate_Patient_36: RelErr=0.7429  (4.2s)
(CVXPY) Jul 17 10:01:36 PM: Encountered unexpected exception importing solver DIFFCP:
ImportError('DLL load failed while importing _diffcp: The specified module could not be found.')
    test[ 9] Prostate_Patient_54: RelErr=0.6572  (2.6s)
(CVXPY) Jul 17 10:01:39 PM: Encountered unexpected exception importing solver DIFFCP:
ImportError('DLL load failed while importing _diffcp: The specified module could not be found.')
    test[10] Prostate_Patient_42: RelErr=0.7566  (4.8s)
(CVXPY) Jul 17 10:01:43 PM: Encountered unexpected exception importing solver DIFFCP:
ImportError('DLL load failed while importing _diffcp: The specified module could not be found.')
    test[11] Prostate_Patient_51: RelErr=0.5370  (6.9s)
(CVXPY) Jul 17 10:01:50 PM: Encountered unexpected exception importing solver DIFFCP:
ImportError('DLL load failed while importing _diffcp: The specified module could not be found.')
    test[12] Prostate_Patient_97: RelErr=0.6615  (4.6s)
(CVXPY) Jul 17 10:01:55 PM: Encountered unexpected exception importing solver DIFFCP:
ImportError('DLL load failed while importing _diffcp: The specified module could not be found.')
    test[13] Prostate_Patient_12: RelErr=0.5534  (12.9s)
(CVXPY) Jul 17 10:02:08 PM: Encountered unexpected exception importing solver DIFFCP:
ImportError('DLL load failed while importing _diffcp: The specified module could not be found.')
    test[14] Prostate_Patient_46: RelErr=0.5813  (3.6s)
(CVXPY) Jul 17 10:02:12 PM: Encountered unexpected exception importing solver DIFFCP:
ImportError('DLL load failed while importing _diffcp: The specified module could not be found.')
    test[15] Prostate_Patient_4: RelErr=0.6340  (5.8s)
(CVXPY) Jul 17 10:02:17 PM: Encountered unexpected exception importing solver DIFFCP:
ImportError('DLL load failed while importing _diffcp: The specified module could not be found.')
    test[16] Prostate_Patient_21: RelErr=0.5922  (9.3s)
(CVXPY) Jul 17 10:02:27 PM: Encountered unexpected exception importing solver DIFFCP:
ImportError('DLL load failed while importing _diffcp: The specified module could not be found.')
    test[17] Prostate_Patient_122: RelErr=0.6929  (16.0s)
(CVXPY) Jul 17 10:02:43 PM: Encountered unexpected exception importing solver DIFFCP:
ImportError('DLL load failed while importing _diffcp: The specified module could not be found.')
    test[18] Prostate_Patient_109: RelErr=0.6270  (5.2s)
(CVXPY) Jul 17 10:02:48 PM: Encountered unexpected exception importing solver DIFFCP:
ImportError('DLL load failed while importing _diffcp: The specified module could not be found.')
    test[19] Prostate_Patient_90: RelErr=0.5682  (3.0s)
    Mean RelErr = 0.6265  (20/20 valid, 120.4s total)

  -- N=4, rho=1, method=kkt --
    Training: 4 patients
(CVXPY) Jul 17 10:02:51 PM: Encountered unexpected exception importing solver DIFFCP:
ImportError('DLL load failed while importing _diffcp: The specified module could not be found.')
  patients used=4  comp-slack resid=3.9127e+03
  alpha_hat (sign-constrained): [0.2262 0.2014 0.0649 0.4061 0.0295 0.072 ]
  true alpha/sum (per function):[0.3175 0.3175 0.1587 0.0794 0.0794 0.0476]
  cond(M)=9.31e+01  per-patient leverage shares (N entries)=[0.009 0.225 0.422 0.344]
  unidentified direction (|smallest eigvec|, per function): [0.207 0.084 0.032 0.967 0.097 0.075]
    alpha_hat = [0.2262 0.2014 0.0649 0.4061 0.0295 0.072 ]
    True alpha (per function) = [20. 20. 10.  5.  5.  3.]
(CVXPY) Jul 17 10:02:56 PM: Encountered unexpected exception importing solver DIFFCP:
ImportError('DLL load failed while importing _diffcp: The specified module could not be found.')
    test[ 0] Prostate_Patient_41: RelErr=1.0244  (3.6s)
(CVXPY) Jul 17 10:03:00 PM: Encountered unexpected exception importing solver DIFFCP:
ImportError('DLL load failed while importing _diffcp: The specified module could not be found.')
    test[ 1] Prostate_Patient_32: RelErr=1.0976  (2.1s)
(CVXPY) Jul 17 10:03:02 PM: Encountered unexpected exception importing solver DIFFCP:
ImportError('DLL load failed while importing _diffcp: The specified module could not be found.')
    test[ 2] Prostate_Patient_60: RelErr=1.1679  (1.6s)
(CVXPY) Jul 17 10:03:04 PM: Encountered unexpected exception importing solver DIFFCP:
ImportError('DLL load failed while importing _diffcp: The specified module could not be found.')
    test[ 3] Prostate_Patient_72: RelErr=1.1200  (0.9s)
(CVXPY) Jul 17 10:03:04 PM: Encountered unexpected exception importing solver DIFFCP:
ImportError('DLL load failed while importing _diffcp: The specified module could not be found.')
    test[ 4] Prostate_Patient_95: RelErr=0.9927  (1.7s)
(CVXPY) Jul 17 10:03:06 PM: Encountered unexpected exception importing solver DIFFCP:
ImportError('DLL load failed while importing _diffcp: The specified module could not be found.')
    test[ 5] Prostate_Patient_123: RelErr=1.0747  (2.7s)
(CVXPY) Jul 17 10:03:09 PM: Encountered unexpected exception importing solver DIFFCP:
ImportError('DLL load failed while importing _diffcp: The specified module could not be found.')
    test[ 6] Prostate_Patient_53: RelErr=1.0620  (3.0s)
(CVXPY) Jul 17 10:03:12 PM: Encountered unexpected exception importing solver DIFFCP:
ImportError('DLL load failed while importing _diffcp: The specified module could not be found.')
    test[ 7] Prostate_Patient_55: RelErr=1.0200  (1.5s)
(CVXPY) Jul 17 10:03:13 PM: Encountered unexpected exception importing solver DIFFCP:
ImportError('DLL load failed while importing _diffcp: The specified module could not be found.')
    test[ 8] Prostate_Patient_36: RelErr=1.0848  (1.2s)
(CVXPY) Jul 17 10:03:15 PM: Encountered unexpected exception importing solver DIFFCP:
ImportError('DLL load failed while importing _diffcp: The specified module could not be found.')
    test[ 9] Prostate_Patient_54: RelErr=1.0451  (1.3s)
(CVXPY) Jul 17 10:03:16 PM: Encountered unexpected exception importing solver DIFFCP:
ImportError('DLL load failed while importing _diffcp: The specified module could not be found.')
    test[10] Prostate_Patient_42: RelErr=1.0357  (1.7s)
(CVXPY) Jul 17 10:03:18 PM: Encountered unexpected exception importing solver DIFFCP:
ImportError('DLL load failed while importing _diffcp: The specified module could not be found.')
    test[11] Prostate_Patient_51: RelErr=1.1171  (2.0s)
(CVXPY) Jul 17 10:03:20 PM: Encountered unexpected exception importing solver DIFFCP:
ImportError('DLL load failed while importing _diffcp: The specified module could not be found.')
    test[12] Prostate_Patient_97: RelErr=1.2267  (1.0s)
(CVXPY) Jul 17 10:03:21 PM: Encountered unexpected exception importing solver DIFFCP:
ImportError('DLL load failed while importing _diffcp: The specified module could not be found.')
    test[13] Prostate_Patient_12: RelErr=1.0043  (5.0s)
(CVXPY) Jul 17 10:03:26 PM: Encountered unexpected exception importing solver DIFFCP:
ImportError('DLL load failed while importing _diffcp: The specified module could not be found.')
    test[14] Prostate_Patient_46: RelErr=1.0426  (1.7s)
(CVXPY) Jul 17 10:03:27 PM: Encountered unexpected exception importing solver DIFFCP:
ImportError('DLL load failed while importing _diffcp: The specified module could not be found.')
    test[15] Prostate_Patient_4: RelErr=0.9065  (3.0s)
(CVXPY) Jul 17 10:03:31 PM: Encountered unexpected exception importing solver DIFFCP:
ImportError('DLL load failed while importing _diffcp: The specified module could not be found.')
    test[16] Prostate_Patient_21: RelErr=1.0075  (3.9s)
(CVXPY) Jul 17 10:03:34 PM: Encountered unexpected exception importing solver DIFFCP:
ImportError('DLL load failed while importing _diffcp: The specified module could not be found.')
    test[17] Prostate_Patient_122: RelErr=1.0519  (6.2s)
(CVXPY) Jul 17 10:03:41 PM: Encountered unexpected exception importing solver DIFFCP:
ImportError('DLL load failed while importing _diffcp: The specified module could not be found.')
    test[18] Prostate_Patient_109: RelErr=1.0860  (1.7s)
(CVXPY) Jul 17 10:03:42 PM: Encountered unexpected exception importing solver DIFFCP:
ImportError('DLL load failed while importing _diffcp: The specified module could not be found.')
    test[19] Prostate_Patient_90: RelErr=1.0006  (1.2s)
    Mean RelErr = 1.0584  (20/20 valid, 52.8s total)

  -- N=4, rho=2, method=kkt --
    Training: 4 patients
(CVXPY) Jul 17 10:03:44 PM: Encountered unexpected exception importing solver DIFFCP:
ImportError('DLL load failed while importing _diffcp: The specified module could not be found.')
  patients used=4  comp-slack resid=1.6579e+00
  alpha_hat (sign-constrained): [0.3175 0.3175 0.1587 0.0793 0.0794 0.0476]
  true alpha/sum (per function):[0.3175 0.3175 0.1587 0.0794 0.0794 0.0476]
  cond(M)=5.98e+07  per-patient leverage shares (N entries)=[0.    0.312 0.412 0.276]
  unidentified direction (|smallest eigvec|, per function): [0.646 0.646 0.323 0.161 0.161 0.097]
    alpha_hat = [0.3175 0.3175 0.1587 0.0793 0.0794 0.0476]
    True alpha (per function) = [20. 20. 10.  5.  5.  3.]
(CVXPY) Jul 17 10:03:49 PM: Encountered unexpected exception importing solver DIFFCP:
ImportError('DLL load failed while importing _diffcp: The specified module could not be found.')
    test[ 0] Prostate_Patient_41: RelErr=0.0033  (5.9s)
(CVXPY) Jul 17 10:03:55 PM: Encountered unexpected exception importing solver DIFFCP:
ImportError('DLL load failed while importing _diffcp: The specified module could not be found.')
    test[ 1] Prostate_Patient_32: RelErr=0.0061  (3.1s)
(CVXPY) Jul 17 10:03:58 PM: Encountered unexpected exception importing solver DIFFCP:
ImportError('DLL load failed while importing _diffcp: The specified module could not be found.')
    test[ 2] Prostate_Patient_60: RelErr=0.0073  (3.6s)
(CVXPY) Jul 17 10:04:02 PM: Encountered unexpected exception importing solver DIFFCP:
ImportError('DLL load failed while importing _diffcp: The specified module could not be found.')
    test[ 3] Prostate_Patient_72: RelErr=0.0171  (2.4s)
(CVXPY) Jul 17 10:04:04 PM: Encountered unexpected exception importing solver DIFFCP:
ImportError('DLL load failed while importing _diffcp: The specified module could not be found.')
    test[ 4] Prostate_Patient_95: RelErr=0.0153  (3.1s)
(CVXPY) Jul 17 10:04:07 PM: Encountered unexpected exception importing solver DIFFCP:
ImportError('DLL load failed while importing _diffcp: The specified module could not be found.')
    test[ 5] Prostate_Patient_123: RelErr=0.0072  (4.3s)
(CVXPY) Jul 17 10:04:11 PM: Encountered unexpected exception importing solver DIFFCP:
ImportError('DLL load failed while importing _diffcp: The specified module could not be found.')
    test[ 6] Prostate_Patient_53: RelErr=0.0072  (4.8s)
(CVXPY) Jul 17 10:04:16 PM: Encountered unexpected exception importing solver DIFFCP:
ImportError('DLL load failed while importing _diffcp: The specified module could not be found.')
    test[ 7] Prostate_Patient_55: RelErr=0.0055  (2.2s)
(CVXPY) Jul 17 10:04:18 PM: Encountered unexpected exception importing solver DIFFCP:
ImportError('DLL load failed while importing _diffcp: The specified module could not be found.')
    test[ 8] Prostate_Patient_36: RelErr=0.0043  (2.4s)
(CVXPY) Jul 17 10:04:21 PM: Encountered unexpected exception importing solver DIFFCP:
ImportError('DLL load failed while importing _diffcp: The specified module could not be found.')
    test[ 9] Prostate_Patient_54: RelErr=0.0078  (2.8s)
(CVXPY) Jul 17 10:04:24 PM: Encountered unexpected exception importing solver DIFFCP:
ImportError('DLL load failed while importing _diffcp: The specified module could not be found.')
    test[10] Prostate_Patient_42: RelErr=0.0076  (3.2s)
(CVXPY) Jul 17 10:04:27 PM: Encountered unexpected exception importing solver DIFFCP:
ImportError('DLL load failed while importing _diffcp: The specified module could not be found.')
    test[11] Prostate_Patient_51: RelErr=0.0048  (3.3s)
(CVXPY) Jul 17 10:04:30 PM: Encountered unexpected exception importing solver DIFFCP:
ImportError('DLL load failed while importing _diffcp: The specified module could not be found.')
    test[12] Prostate_Patient_97: RelErr=0.0055  (2.9s)
(CVXPY) Jul 17 10:04:33 PM: Encountered unexpected exception importing solver DIFFCP:
ImportError('DLL load failed while importing _diffcp: The specified module could not be found.')
    test[13] Prostate_Patient_12: RelErr=0.0036  (9.1s)
(CVXPY) Jul 17 10:04:42 PM: Encountered unexpected exception importing solver DIFFCP:
ImportError('DLL load failed while importing _diffcp: The specified module could not be found.')
    test[14] Prostate_Patient_46: RelErr=0.0045  (2.9s)
(CVXPY) Jul 17 10:04:45 PM: Encountered unexpected exception importing solver DIFFCP:
ImportError('DLL load failed while importing _diffcp: The specified module could not be found.')
    test[15] Prostate_Patient_4: RelErr=0.0033  (4.6s)
(CVXPY) Jul 17 10:04:50 PM: Encountered unexpected exception importing solver DIFFCP:
ImportError('DLL load failed while importing _diffcp: The specified module could not be found.')
    test[16] Prostate_Patient_21: RelErr=0.0074  (8.0s)
(CVXPY) Jul 17 10:04:58 PM: Encountered unexpected exception importing solver DIFFCP:
ImportError('DLL load failed while importing _diffcp: The specified module could not be found.')
    test[17] Prostate_Patient_122: RelErr=0.0014  (18.9s)
(CVXPY) Jul 17 10:05:17 PM: Encountered unexpected exception importing solver DIFFCP:
ImportError('DLL load failed while importing _diffcp: The specified module could not be found.')
    test[18] Prostate_Patient_109: RelErr=0.0020  (3.8s)
(CVXPY) Jul 17 10:05:20 PM: Encountered unexpected exception importing solver DIFFCP:
ImportError('DLL load failed while importing _diffcp: The specified module could not be found.')
    test[19] Prostate_Patient_90: RelErr=0.0073  (2.4s)
    Mean RelErr = 0.0064  (20/20 valid, 99.3s total)

  -- N=4, rho=3, method=kkt --
    Training: 4 patients
(CVXPY) Jul 17 10:05:23 PM: Encountered unexpected exception importing solver DIFFCP:
ImportError('DLL load failed while importing _diffcp: The specified module could not be found.')
  patients used=4  comp-slack resid=6.4002e+09
  alpha_hat (sign-constrained): [0.2118 0.4818 0.2318 0.0297 0.0449 0.    ]
  true alpha/sum (per function):[0.3175 0.3175 0.1587 0.0794 0.0794 0.0476]
  cond(M)=4.23e+02  per-patient leverage shares (N entries)=[0.    0.4   0.377 0.223]
  unidentified direction (|smallest eigvec|, per function): [0.37  0.849 0.368 0.052 0.068 0.   ]
    alpha_hat = [0.2118 0.4818 0.2318 0.0297 0.0449 0.    ]
    True alpha (per function) = [20. 20. 10.  5.  5.  3.]
(CVXPY) Jul 17 10:05:27 PM: Encountered unexpected exception importing solver DIFFCP:
ImportError('DLL load failed while importing _diffcp: The specified module could not be found.')
    test[ 0] Prostate_Patient_41: RelErr=0.5597  (8.8s)
(CVXPY) Jul 17 10:05:36 PM: Encountered unexpected exception importing solver DIFFCP:
ImportError('DLL load failed while importing _diffcp: The specified module could not be found.')
    test[ 1] Prostate_Patient_32: RelErr=0.5824  (4.9s)
(CVXPY) Jul 17 10:05:41 PM: Encountered unexpected exception importing solver DIFFCP:
ImportError('DLL load failed while importing _diffcp: The specified module could not be found.')
    test[ 2] Prostate_Patient_60: RelErr=0.6119  (2.5s)
(CVXPY) Jul 17 10:05:43 PM: Encountered unexpected exception importing solver DIFFCP:
ImportError('DLL load failed while importing _diffcp: The specified module could not be found.')
    test[ 3] Prostate_Patient_72: RelErr=0.5971  (2.3s)
(CVXPY) Jul 17 10:05:45 PM: Encountered unexpected exception importing solver DIFFCP:
ImportError('DLL load failed while importing _diffcp: The specified module could not be found.')
    test[ 4] Prostate_Patient_95: RelErr=0.6301  (3.4s)
(CVXPY) Jul 17 10:05:49 PM: Encountered unexpected exception importing solver DIFFCP:
ImportError('DLL load failed while importing _diffcp: The specified module could not be found.')
    test[ 5] Prostate_Patient_123: RelErr=0.6299  (4.3s)
(CVXPY) Jul 17 10:05:53 PM: Encountered unexpected exception importing solver DIFFCP:
ImportError('DLL load failed while importing _diffcp: The specified module could not be found.')
    test[ 6] Prostate_Patient_53: RelErr=0.5823  (5.0s)
(CVXPY) Jul 17 10:05:58 PM: Encountered unexpected exception importing solver DIFFCP:
ImportError('DLL load failed while importing _diffcp: The specified module could not be found.')
    test[ 7] Prostate_Patient_55: RelErr=0.7354  (2.4s)
(CVXPY) Jul 17 10:06:01 PM: Encountered unexpected exception importing solver DIFFCP:
ImportError('DLL load failed while importing _diffcp: The specified module could not be found.')
    test[ 8] Prostate_Patient_36: RelErr=0.7514  (3.4s)
(CVXPY) Jul 17 10:06:04 PM: Encountered unexpected exception importing solver DIFFCP:
ImportError('DLL load failed while importing _diffcp: The specified module could not be found.')
    test[ 9] Prostate_Patient_54: RelErr=0.6587  (2.5s)
(CVXPY) Jul 17 10:06:06 PM: Encountered unexpected exception importing solver DIFFCP:
ImportError('DLL load failed while importing _diffcp: The specified module could not be found.')
    test[10] Prostate_Patient_42: RelErr=0.7585  (3.1s)
(CVXPY) Jul 17 10:06:10 PM: Encountered unexpected exception importing solver DIFFCP:
ImportError('DLL load failed while importing _diffcp: The specified module could not be found.')
    test[11] Prostate_Patient_51: RelErr=0.5362  (3.5s)
(CVXPY) Jul 17 10:06:13 PM: Encountered unexpected exception importing solver DIFFCP:
ImportError('DLL load failed while importing _diffcp: The specified module could not be found.')
    test[12] Prostate_Patient_97: RelErr=0.6605  (3.1s)
(CVXPY) Jul 17 10:06:16 PM: Encountered unexpected exception importing solver DIFFCP:
ImportError('DLL load failed while importing _diffcp: The specified module could not be found.')
    test[13] Prostate_Patient_12: RelErr=0.5573  (11.9s)
(CVXPY) Jul 17 10:06:28 PM: Encountered unexpected exception importing solver DIFFCP:
ImportError('DLL load failed while importing _diffcp: The specified module could not be found.')
    test[14] Prostate_Patient_46: RelErr=0.5815  (4.3s)
(CVXPY) Jul 17 10:06:32 PM: Encountered unexpected exception importing solver DIFFCP:
ImportError('DLL load failed while importing _diffcp: The specified module could not be found.')
    test[15] Prostate_Patient_4: RelErr=0.6360  (8.7s)
(CVXPY) Jul 17 10:06:41 PM: Encountered unexpected exception importing solver DIFFCP:
ImportError('DLL load failed while importing _diffcp: The specified module could not be found.')
    test[16] Prostate_Patient_21: RelErr=0.5916  (9.6s)
(CVXPY) Jul 17 10:06:51 PM: Encountered unexpected exception importing solver DIFFCP:
ImportError('DLL load failed while importing _diffcp: The specified module could not be found.')
    test[17] Prostate_Patient_122: RelErr=0.6941  (14.8s)
(CVXPY) Jul 17 10:07:05 PM: Encountered unexpected exception importing solver DIFFCP:
ImportError('DLL load failed while importing _diffcp: The specified module could not be found.')
    test[18] Prostate_Patient_109: RelErr=0.6279  (4.6s)
(CVXPY) Jul 17 10:07:10 PM: Encountered unexpected exception importing solver DIFFCP:
ImportError('DLL load failed while importing _diffcp: The specified module could not be found.')
    test[19] Prostate_Patient_90: RelErr=0.5666  (2.2s)
    Mean RelErr = 0.6275  (20/20 valid, 109.1s total)

  -- N=5, rho=1, method=kkt --
    Training: 5 patients
(CVXPY) Jul 17 10:07:12 PM: Encountered unexpected exception importing solver DIFFCP:
ImportError('DLL load failed while importing _diffcp: The specified module could not be found.')
  patients used=5  comp-slack resid=4.7519e+03
  alpha_hat (sign-constrained): [0.2069 0.2119 0.0633 0.4249 0.0349 0.0582]
  true alpha/sum (per function):[0.3175 0.3175 0.1587 0.0794 0.0794 0.0476]
  cond(M)=1.23e+02  per-patient leverage shares (N entries)=[0.006 0.151 0.283 0.231 0.329]
  unidentified direction (|smallest eigvec|, per function): [0.159 0.115 0.025 0.977 0.076 0.036]
    alpha_hat = [0.2069 0.2119 0.0633 0.4249 0.0349 0.0582]
    True alpha (per function) = [20. 20. 10.  5.  5.  3.]
(CVXPY) Jul 17 10:07:18 PM: Encountered unexpected exception importing solver DIFFCP:
ImportError('DLL load failed while importing _diffcp: The specified module could not be found.')
    test[ 0] Prostate_Patient_41: RelErr=1.0505  (3.2s)
(CVXPY) Jul 17 10:07:21 PM: Encountered unexpected exception importing solver DIFFCP:
ImportError('DLL load failed while importing _diffcp: The specified module could not be found.')
    test[ 1] Prostate_Patient_32: RelErr=1.1118  (1.8s)
(CVXPY) Jul 17 10:07:23 PM: Encountered unexpected exception importing solver DIFFCP:
ImportError('DLL load failed while importing _diffcp: The specified module could not be found.')
    test[ 2] Prostate_Patient_60: RelErr=1.1530  (1.5s)
(CVXPY) Jul 17 10:07:24 PM: Encountered unexpected exception importing solver DIFFCP:
ImportError('DLL load failed while importing _diffcp: The specified module could not be found.')
    test[ 3] Prostate_Patient_72: RelErr=1.1867  (0.9s)
(CVXPY) Jul 17 10:07:25 PM: Encountered unexpected exception importing solver DIFFCP:
ImportError('DLL load failed while importing _diffcp: The specified module could not be found.')
    test[ 4] Prostate_Patient_95: RelErr=0.9595  (1.6s)
(CVXPY) Jul 17 10:07:27 PM: Encountered unexpected exception importing solver DIFFCP:
ImportError('DLL load failed while importing _diffcp: The specified module could not be found.')
    test[ 5] Prostate_Patient_123: RelErr=1.0778  (2.3s)
(CVXPY) Jul 17 10:07:29 PM: Encountered unexpected exception importing solver DIFFCP:
ImportError('DLL load failed while importing _diffcp: The specified module could not be found.')
    test[ 6] Prostate_Patient_53: RelErr=1.0499  (2.4s)
(CVXPY) Jul 17 10:07:32 PM: Encountered unexpected exception importing solver DIFFCP:
ImportError('DLL load failed while importing _diffcp: The specified module could not be found.')
    test[ 7] Prostate_Patient_55: RelErr=1.0038  (1.4s)
(CVXPY) Jul 17 10:07:33 PM: Encountered unexpected exception importing solver DIFFCP:
ImportError('DLL load failed while importing _diffcp: The specified module could not be found.')
    test[ 8] Prostate_Patient_36: RelErr=1.1146  (1.0s)
(CVXPY) Jul 17 10:07:34 PM: Encountered unexpected exception importing solver DIFFCP:
ImportError('DLL load failed while importing _diffcp: The specified module could not be found.')
    test[ 9] Prostate_Patient_54: RelErr=1.0677  (1.1s)
(CVXPY) Jul 17 10:07:35 PM: Encountered unexpected exception importing solver DIFFCP:
ImportError('DLL load failed while importing _diffcp: The specified module could not be found.')
    test[10] Prostate_Patient_42: RelErr=1.0270  (1.5s)
(CVXPY) Jul 17 10:07:37 PM: Encountered unexpected exception importing solver DIFFCP:
ImportError('DLL load failed while importing _diffcp: The specified module could not be found.')
    test[11] Prostate_Patient_51: RelErr=1.1092  (1.6s)
(CVXPY) Jul 17 10:07:38 PM: Encountered unexpected exception importing solver DIFFCP:
ImportError('DLL load failed while importing _diffcp: The specified module could not be found.')
    test[12] Prostate_Patient_97: RelErr=1.2351  (1.0s)
(CVXPY) Jul 17 10:07:39 PM: Encountered unexpected exception importing solver DIFFCP:
ImportError('DLL load failed while importing _diffcp: The specified module could not be found.')
    test[13] Prostate_Patient_12: RelErr=1.0054  (4.5s)
(CVXPY) Jul 17 10:07:44 PM: Encountered unexpected exception importing solver DIFFCP:
ImportError('DLL load failed while importing _diffcp: The specified module could not be found.')
    test[14] Prostate_Patient_46: RelErr=1.0428  (1.5s)
(CVXPY) Jul 17 10:07:45 PM: Encountered unexpected exception importing solver DIFFCP:
ImportError('DLL load failed while importing _diffcp: The specified module could not be found.')
    test[15] Prostate_Patient_4: RelErr=0.9201  (2.5s)
(CVXPY) Jul 17 10:07:48 PM: Encountered unexpected exception importing solver DIFFCP:
ImportError('DLL load failed while importing _diffcp: The specified module could not be found.')
    test[16] Prostate_Patient_21: RelErr=0.9982  (3.5s)
(CVXPY) Jul 17 10:07:51 PM: Encountered unexpected exception importing solver DIFFCP:
ImportError('DLL load failed while importing _diffcp: The specified module could not be found.')
    test[17] Prostate_Patient_122: RelErr=1.0706  (5.2s)
(CVXPY) Jul 17 10:07:56 PM: Encountered unexpected exception importing solver DIFFCP:
ImportError('DLL load failed while importing _diffcp: The specified module could not be found.')
    test[18] Prostate_Patient_109: RelErr=1.0825  (1.6s)
(CVXPY) Jul 17 10:07:58 PM: Encountered unexpected exception importing solver DIFFCP:
ImportError('DLL load failed while importing _diffcp: The specified module could not be found.')
    test[19] Prostate_Patient_90: RelErr=1.0077  (1.1s)
    Mean RelErr = 1.0637  (20/20 valid, 46.9s total)

  -- N=5, rho=2, method=kkt --
    Training: 5 patients
(CVXPY) Jul 17 10:07:59 PM: Encountered unexpected exception importing solver DIFFCP:
ImportError('DLL load failed while importing _diffcp: The specified module could not be found.')
  patients used=5  comp-slack resid=1.8240e+00
  alpha_hat (sign-constrained): [0.3175 0.3174 0.1587 0.0793 0.0794 0.0476]
  true alpha/sum (per function):[0.3175 0.3175 0.1587 0.0794 0.0794 0.0476]
  cond(M)=9.43e+07  per-patient leverage shares (N entries)=[0.    0.205 0.27  0.181 0.344]
  unidentified direction (|smallest eigvec|, per function): [0.646 0.646 0.323 0.161 0.161 0.097]
    alpha_hat = [0.3175 0.3174 0.1587 0.0793 0.0794 0.0476]
    True alpha (per function) = [20. 20. 10.  5.  5.  3.]
(CVXPY) Jul 17 10:08:04 PM: Encountered unexpected exception importing solver DIFFCP:
ImportError('DLL load failed while importing _diffcp: The specified module could not be found.')
    test[ 0] Prostate_Patient_41: RelErr=0.0065  (5.1s)
(CVXPY) Jul 17 10:08:09 PM: Encountered unexpected exception importing solver DIFFCP:
ImportError('DLL load failed while importing _diffcp: The specified module could not be found.')
    test[ 1] Prostate_Patient_32: RelErr=0.0061  (2.8s)
(CVXPY) Jul 17 10:08:12 PM: Encountered unexpected exception importing solver DIFFCP:
ImportError('DLL load failed while importing _diffcp: The specified module could not be found.')
    test[ 2] Prostate_Patient_60: RelErr=0.0067  (2.7s)
(CVXPY) Jul 17 10:08:15 PM: Encountered unexpected exception importing solver DIFFCP:
ImportError('DLL load failed while importing _diffcp: The specified module could not be found.')
    test[ 3] Prostate_Patient_72: RelErr=0.0171  (2.1s)
(CVXPY) Jul 17 10:08:17 PM: Encountered unexpected exception importing solver DIFFCP:
ImportError('DLL load failed while importing _diffcp: The specified module could not be found.')
    test[ 4] Prostate_Patient_95: RelErr=0.0138  (2.5s)
(CVXPY) Jul 17 10:08:19 PM: Encountered unexpected exception importing solver DIFFCP:
ImportError('DLL load failed while importing _diffcp: The specified module could not be found.')
    test[ 5] Prostate_Patient_123: RelErr=0.0060  (3.6s)
(CVXPY) Jul 17 10:08:23 PM: Encountered unexpected exception importing solver DIFFCP:
ImportError('DLL load failed while importing _diffcp: The specified module could not be found.')
    test[ 6] Prostate_Patient_53: RelErr=0.0044  (4.1s)
(CVXPY) Jul 17 10:08:27 PM: Encountered unexpected exception importing solver DIFFCP:
ImportError('DLL load failed while importing _diffcp: The specified module could not be found.')
    test[ 7] Prostate_Patient_55: RelErr=0.0030  (1.9s)
(CVXPY) Jul 17 10:08:29 PM: Encountered unexpected exception importing solver DIFFCP:
ImportError('DLL load failed while importing _diffcp: The specified module could not be found.')
    test[ 8] Prostate_Patient_36: RelErr=0.0057  (2.1s)
(CVXPY) Jul 17 10:08:31 PM: Encountered unexpected exception importing solver DIFFCP:
ImportError('DLL load failed while importing _diffcp: The specified module could not be found.')
    test[ 9] Prostate_Patient_54: RelErr=0.0082  (2.3s)
(CVXPY) Jul 17 10:08:33 PM: Encountered unexpected exception importing solver DIFFCP:
ImportError('DLL load failed while importing _diffcp: The specified module could not be found.')
    test[10] Prostate_Patient_42: RelErr=0.0050  (2.6s)
(CVXPY) Jul 17 10:08:36 PM: Encountered unexpected exception importing solver DIFFCP:
ImportError('DLL load failed while importing _diffcp: The specified module could not be found.')
    test[11] Prostate_Patient_51: RelErr=0.0047  (2.9s)
(CVXPY) Jul 17 10:08:39 PM: Encountered unexpected exception importing solver DIFFCP:
ImportError('DLL load failed while importing _diffcp: The specified module could not be found.')
    test[12] Prostate_Patient_97: RelErr=0.0104  (2.1s)
(CVXPY) Jul 17 10:08:41 PM: Encountered unexpected exception importing solver DIFFCP:
ImportError('DLL load failed while importing _diffcp: The specified module could not be found.')
    test[13] Prostate_Patient_12: RelErr=0.0035  (7.6s)
(CVXPY) Jul 17 10:08:48 PM: Encountered unexpected exception importing solver DIFFCP:
ImportError('DLL load failed while importing _diffcp: The specified module could not be found.')
    test[14] Prostate_Patient_46: RelErr=0.0045  (2.5s)
(CVXPY) Jul 17 10:08:51 PM: Encountered unexpected exception importing solver DIFFCP:
ImportError('DLL load failed while importing _diffcp: The specified module could not be found.')
    test[15] Prostate_Patient_4: RelErr=0.0051  (3.8s)
(CVXPY) Jul 17 10:08:55 PM: Encountered unexpected exception importing solver DIFFCP:
ImportError('DLL load failed while importing _diffcp: The specified module could not be found.')
    test[16] Prostate_Patient_21: RelErr=0.0052  (6.7s)
(CVXPY) Jul 17 10:09:01 PM: Encountered unexpected exception importing solver DIFFCP:
ImportError('DLL load failed while importing _diffcp: The specified module could not be found.')
    test[17] Prostate_Patient_122: RelErr=0.0015  (15.6s)
(CVXPY) Jul 17 10:09:17 PM: Encountered unexpected exception importing solver DIFFCP:
ImportError('DLL load failed while importing _diffcp: The specified module could not be found.')
    test[18] Prostate_Patient_109: RelErr=0.0021  (3.6s)
(CVXPY) Jul 17 10:09:21 PM: Encountered unexpected exception importing solver DIFFCP:
ImportError('DLL load failed while importing _diffcp: The specified module could not be found.')
    test[19] Prostate_Patient_90: RelErr=0.0053  (2.1s)
    Mean RelErr = 0.0062  (20/20 valid, 83.7s total)

  -- N=5, rho=3, method=kkt --
    Training: 5 patients
(CVXPY) Jul 17 10:09:23 PM: Encountered unexpected exception importing solver DIFFCP:
ImportError('DLL load failed while importing _diffcp: The specified module could not be found.')
  patients used=5  comp-slack resid=9.3275e+09
  alpha_hat (sign-constrained): [0.2419 0.481  0.188  0.0474 0.0417 0.    ]
  true alpha/sum (per function):[0.3175 0.3175 0.1587 0.0794 0.0794 0.0476]
  cond(M)=3.67e+02  per-patient leverage shares (N entries)=[0.    0.299 0.281 0.166 0.253]
  unidentified direction (|smallest eigvec|, per function): [0.432 0.846 0.294 0.079 0.067 0.004]
    alpha_hat = [0.2419 0.481  0.188  0.0474 0.0417 0.    ]
    True alpha (per function) = [20. 20. 10.  5.  5.  3.]
(CVXPY) Jul 17 10:09:31 PM: Encountered unexpected exception importing solver DIFFCP:
ImportError('DLL load failed while importing _diffcp: The specified module could not be found.')
    test[ 0] Prostate_Patient_41: RelErr=0.5735  (7.0s)
(CVXPY) Jul 17 10:09:38 PM: Encountered unexpected exception importing solver DIFFCP:
ImportError('DLL load failed while importing _diffcp: The specified module could not be found.')
    test[ 1] Prostate_Patient_32: RelErr=0.5789  (2.9s)
(CVXPY) Jul 17 10:09:41 PM: Encountered unexpected exception importing solver DIFFCP:
ImportError('DLL load failed while importing _diffcp: The specified module could not be found.')
    test[ 2] Prostate_Patient_60: RelErr=0.6288  (3.2s)
(CVXPY) Jul 17 10:09:44 PM: Encountered unexpected exception importing solver DIFFCP:
ImportError('DLL load failed while importing _diffcp: The specified module could not be found.')
    test[ 3] Prostate_Patient_72: RelErr=0.5893  (1.9s)
(CVXPY) Jul 17 10:09:46 PM: Encountered unexpected exception importing solver DIFFCP:
ImportError('DLL load failed while importing _diffcp: The specified module could not be found.')
    test[ 4] Prostate_Patient_95: RelErr=0.6241  (2.2s)
(CVXPY) Jul 17 10:09:48 PM: Encountered unexpected exception importing solver DIFFCP:
ImportError('DLL load failed while importing _diffcp: The specified module could not be found.')
    test[ 5] Prostate_Patient_123: RelErr=0.6328  (3.9s)
(CVXPY) Jul 17 10:09:52 PM: Encountered unexpected exception importing solver DIFFCP:
ImportError('DLL load failed while importing _diffcp: The specified module could not be found.')
    test[ 6] Prostate_Patient_53: RelErr=0.5629  (4.3s)
(CVXPY) Jul 17 10:09:56 PM: Encountered unexpected exception importing solver DIFFCP:
ImportError('DLL load failed while importing _diffcp: The specified module could not be found.')
    test[ 7] Prostate_Patient_55: RelErr=0.7411  (2.1s)
(CVXPY) Jul 17 10:09:58 PM: Encountered unexpected exception importing solver DIFFCP:
ImportError('DLL load failed while importing _diffcp: The specified module could not be found.')
    test[ 8] Prostate_Patient_36: RelErr=0.7373  (2.3s)
(CVXPY) Jul 17 10:10:01 PM: Encountered unexpected exception importing solver DIFFCP:
ImportError('DLL load failed while importing _diffcp: The specified module could not be found.')
    test[ 9] Prostate_Patient_54: RelErr=0.6544  (2.3s)
(CVXPY) Jul 17 10:10:03 PM: Encountered unexpected exception importing solver DIFFCP:
ImportError('DLL load failed while importing _diffcp: The specified module could not be found.')
    test[10] Prostate_Patient_42: RelErr=0.7837  (2.8s)
(CVXPY) Jul 17 10:10:06 PM: Encountered unexpected exception importing solver DIFFCP:
ImportError('DLL load failed while importing _diffcp: The specified module could not be found.')
    test[11] Prostate_Patient_51: RelErr=0.5279  (4.0s)
(CVXPY) Jul 17 10:10:10 PM: Encountered unexpected exception importing solver DIFFCP:
ImportError('DLL load failed while importing _diffcp: The specified module could not be found.')
    test[12] Prostate_Patient_97: RelErr=0.6401  (2.9s)
(CVXPY) Jul 17 10:10:13 PM: Encountered unexpected exception importing solver DIFFCP:
ImportError('DLL load failed while importing _diffcp: The specified module could not be found.')
    test[13] Prostate_Patient_12: RelErr=0.5613  (9.6s)
(CVXPY) Jul 17 10:10:22 PM: Encountered unexpected exception importing solver DIFFCP:
ImportError('DLL load failed while importing _diffcp: The specified module could not be found.')
    test[14] Prostate_Patient_46: RelErr=0.6029  (2.7s)
(CVXPY) Jul 17 10:10:25 PM: Encountered unexpected exception importing solver DIFFCP:
ImportError('DLL load failed while importing _diffcp: The specified module could not be found.')
    test[15] Prostate_Patient_4: RelErr=0.6403  (6.1s)
(CVXPY) Jul 17 10:10:31 PM: Encountered unexpected exception importing solver DIFFCP:
ImportError('DLL load failed while importing _diffcp: The specified module could not be found.')
    test[16] Prostate_Patient_21: RelErr=0.6064  (7.0s)
(CVXPY) Jul 17 10:10:38 PM: Encountered unexpected exception importing solver DIFFCP:
ImportError('DLL load failed while importing _diffcp: The specified module could not be found.')
    test[17] Prostate_Patient_122: RelErr=0.7034  (14.1s)
(CVXPY) Jul 17 10:10:52 PM: Encountered unexpected exception importing solver DIFFCP:
ImportError('DLL load failed while importing _diffcp: The specified module could not be found.')
    test[18] Prostate_Patient_109: RelErr=0.6421  (4.0s)
(CVXPY) Jul 17 10:10:56 PM: Encountered unexpected exception importing solver DIFFCP:
ImportError('DLL load failed while importing _diffcp: The specified module could not be found.')
    test[19] Prostate_Patient_90: RelErr=0.5536  (2.0s)
    Mean RelErr = 0.6292  (20/20 valid, 95.5s total)

  -- N=6, rho=1, method=kkt --
    Training: 6 patients
(CVXPY) Jul 17 10:10:58 PM: Encountered unexpected exception importing solver DIFFCP:
ImportError('DLL load failed while importing _diffcp: The specified module could not be found.')
  patients used=6  comp-slack resid=5.8812e+03
  alpha_hat (sign-constrained): [0.1368 0.2331 0.0624 0.476  0.0361 0.0557]
  true alpha/sum (per function):[0.3175 0.3175 0.1587 0.0794 0.0794 0.0476]
  cond(M)=1.44e+02  per-patient leverage shares (N entries)=[0.005 0.112 0.211 0.172 0.245 0.256]
  unidentified direction (|smallest eigvec|, per function): [0.09  0.099 0.019 0.988 0.064 0.025]
    alpha_hat = [0.1368 0.2331 0.0624 0.476  0.0361 0.0557]
    True alpha (per function) = [20. 20. 10.  5.  5.  3.]
(CVXPY) Jul 17 10:11:03 PM: Encountered unexpected exception importing solver DIFFCP:
ImportError('DLL load failed while importing _diffcp: The specified module could not be found.')
    test[ 0] Prostate_Patient_41: RelErr=1.0668  (2.7s)
(CVXPY) Jul 17 10:11:06 PM: Encountered unexpected exception importing solver DIFFCP:
ImportError('DLL load failed while importing _diffcp: The specified module could not be found.')
    test[ 1] Prostate_Patient_32: RelErr=1.0882  (1.8s)
(CVXPY) Jul 17 10:11:08 PM: Encountered unexpected exception importing solver DIFFCP:
ImportError('DLL load failed while importing _diffcp: The specified module could not be found.')
    test[ 2] Prostate_Patient_60: RelErr=1.1750  (1.4s)
(CVXPY) Jul 17 10:11:09 PM: Encountered unexpected exception importing solver DIFFCP:
ImportError('DLL load failed while importing _diffcp: The specified module could not be found.')
    test[ 3] Prostate_Patient_72: RelErr=1.2349  (0.9s)
(CVXPY) Jul 17 10:11:10 PM: Encountered unexpected exception importing solver DIFFCP:
ImportError('DLL load failed while importing _diffcp: The specified module could not be found.')
    test[ 4] Prostate_Patient_95: RelErr=0.9684  (1.3s)
(CVXPY) Jul 17 10:11:11 PM: Encountered unexpected exception importing solver DIFFCP:
ImportError('DLL load failed while importing _diffcp: The specified module could not be found.')
    test[ 5] Prostate_Patient_123: RelErr=1.0743  (2.0s)
(CVXPY) Jul 17 10:11:13 PM: Encountered unexpected exception importing solver DIFFCP:
ImportError('DLL load failed while importing _diffcp: The specified module could not be found.')
    test[ 6] Prostate_Patient_53: RelErr=1.0474  (2.3s)
(CVXPY) Jul 17 10:11:16 PM: Encountered unexpected exception importing solver DIFFCP:
ImportError('DLL load failed while importing _diffcp: The specified module could not be found.')
    test[ 7] Prostate_Patient_55: RelErr=1.0208  (1.3s)
(CVXPY) Jul 17 10:11:17 PM: Encountered unexpected exception importing solver DIFFCP:
ImportError('DLL load failed while importing _diffcp: The specified module could not be found.')
    test[ 8] Prostate_Patient_36: RelErr=1.1578  (1.0s)
(CVXPY) Jul 17 10:11:18 PM: Encountered unexpected exception importing solver DIFFCP:
ImportError('DLL load failed while importing _diffcp: The specified module could not be found.')
    test[ 9] Prostate_Patient_54: RelErr=1.0530  (1.2s)
(CVXPY) Jul 17 10:11:19 PM: Encountered unexpected exception importing solver DIFFCP:
ImportError('DLL load failed while importing _diffcp: The specified module could not be found.')
    test[10] Prostate_Patient_42: RelErr=1.0410  (1.4s)
(CVXPY) Jul 17 10:11:21 PM: Encountered unexpected exception importing solver DIFFCP:
ImportError('DLL load failed while importing _diffcp: The specified module could not be found.')
    test[11] Prostate_Patient_51: RelErr=1.1193  (1.7s)
(CVXPY) Jul 17 10:11:22 PM: Encountered unexpected exception importing solver DIFFCP:
ImportError('DLL load failed while importing _diffcp: The specified module could not be found.')
    test[12] Prostate_Patient_97: RelErr=1.1798  (0.9s)
(CVXPY) Jul 17 10:11:23 PM: Encountered unexpected exception importing solver DIFFCP:
ImportError('DLL load failed while importing _diffcp: The specified module could not be found.')
    test[13] Prostate_Patient_12: RelErr=1.0505  (4.5s)
(CVXPY) Jul 17 10:11:28 PM: Encountered unexpected exception importing solver DIFFCP:
ImportError('DLL load failed while importing _diffcp: The specified module could not be found.')
    test[14] Prostate_Patient_46: RelErr=1.0144  (1.5s)
(CVXPY) Jul 17 10:11:29 PM: Encountered unexpected exception importing solver DIFFCP:
ImportError('DLL load failed while importing _diffcp: The specified module could not be found.')
    test[15] Prostate_Patient_4: RelErr=0.9814  (2.5s)
(CVXPY) Jul 17 10:11:32 PM: Encountered unexpected exception importing solver DIFFCP:
ImportError('DLL load failed while importing _diffcp: The specified module could not be found.')
    test[16] Prostate_Patient_21: RelErr=1.0184  (3.5s)
(CVXPY) Jul 17 10:11:35 PM: Encountered unexpected exception importing solver DIFFCP:
ImportError('DLL load failed while importing _diffcp: The specified module could not be found.')
    test[17] Prostate_Patient_122: RelErr=1.0708  (5.3s)
(CVXPY) Jul 17 10:11:41 PM: Encountered unexpected exception importing solver DIFFCP:
ImportError('DLL load failed while importing _diffcp: The specified module could not be found.')
    test[18] Prostate_Patient_109: RelErr=1.0853  (1.5s)
(CVXPY) Jul 17 10:11:42 PM: Encountered unexpected exception importing solver DIFFCP:
ImportError('DLL load failed while importing _diffcp: The specified module could not be found.')
    test[19] Prostate_Patient_90: RelErr=1.0061  (1.0s)
    Mean RelErr = 1.0727  (20/20 valid, 44.9s total)

  -- N=6, rho=2, method=kkt --
    Training: 6 patients
(CVXPY) Jul 17 10:11:43 PM: Encountered unexpected exception importing solver DIFFCP:
ImportError('DLL load failed while importing _diffcp: The specified module could not be found.')
  patients used=6  comp-slack resid=1.9680e+00
  alpha_hat (sign-constrained): [0.3175 0.3174 0.1587 0.0794 0.0794 0.0476]
  true alpha/sum (per function):[0.3175 0.3175 0.1587 0.0794 0.0794 0.0476]
  cond(M)=1.18e+08  per-patient leverage shares (N entries)=[0.    0.153 0.202 0.135 0.258 0.252]
  unidentified direction (|smallest eigvec|, per function): [0.646 0.646 0.323 0.161 0.161 0.097]
    alpha_hat = [0.3175 0.3174 0.1587 0.0794 0.0794 0.0476]
    True alpha (per function) = [20. 20. 10.  5.  5.  3.]
(CVXPY) Jul 17 10:11:49 PM: Encountered unexpected exception importing solver DIFFCP:
ImportError('DLL load failed while importing _diffcp: The specified module could not be found.')
    test[ 0] Prostate_Patient_41: RelErr=0.0040  (4.9s)
(CVXPY) Jul 17 10:11:54 PM: Encountered unexpected exception importing solver DIFFCP:
ImportError('DLL load failed while importing _diffcp: The specified module could not be found.')
    test[ 1] Prostate_Patient_32: RelErr=0.0062  (3.0s)
(CVXPY) Jul 17 10:11:57 PM: Encountered unexpected exception importing solver DIFFCP:
ImportError('DLL load failed while importing _diffcp: The specified module could not be found.')
    test[ 2] Prostate_Patient_60: RelErr=0.0071  (2.9s)
(CVXPY) Jul 17 10:12:00 PM: Encountered unexpected exception importing solver DIFFCP:
ImportError('DLL load failed while importing _diffcp: The specified module could not be found.')
    test[ 3] Prostate_Patient_72: RelErr=0.0171  (2.3s)
(CVXPY) Jul 17 10:12:02 PM: Encountered unexpected exception importing solver DIFFCP:
ImportError('DLL load failed while importing _diffcp: The specified module could not be found.')
    test[ 4] Prostate_Patient_95: RelErr=0.0195  (3.0s)
(CVXPY) Jul 17 10:12:05 PM: Encountered unexpected exception importing solver DIFFCP:
ImportError('DLL load failed while importing _diffcp: The specified module could not be found.')
    test[ 5] Prostate_Patient_123: RelErr=0.0084  (4.1s)
(CVXPY) Jul 17 10:12:09 PM: Encountered unexpected exception importing solver DIFFCP:
ImportError('DLL load failed while importing _diffcp: The specified module could not be found.')
    test[ 6] Prostate_Patient_53: RelErr=0.0075  (4.5s)
(CVXPY) Jul 17 10:12:14 PM: Encountered unexpected exception importing solver DIFFCP:
ImportError('DLL load failed while importing _diffcp: The specified module could not be found.')
    test[ 7] Prostate_Patient_55: RelErr=0.0032  (2.1s)
(CVXPY) Jul 17 10:12:16 PM: Encountered unexpected exception importing solver DIFFCP:
ImportError('DLL load failed while importing _diffcp: The specified module could not be found.')
    test[ 8] Prostate_Patient_36: RelErr=0.0038  (2.5s)
(CVXPY) Jul 17 10:12:19 PM: Encountered unexpected exception importing solver DIFFCP:
ImportError('DLL load failed while importing _diffcp: The specified module could not be found.')
    test[ 9] Prostate_Patient_54: RelErr=0.0079  (2.8s)
(CVXPY) Jul 17 10:12:21 PM: Encountered unexpected exception importing solver DIFFCP:
ImportError('DLL load failed while importing _diffcp: The specified module could not be found.')
    test[10] Prostate_Patient_42: RelErr=0.0050  (3.3s)
(CVXPY) Jul 17 10:12:25 PM: Encountered unexpected exception importing solver DIFFCP:
ImportError('DLL load failed while importing _diffcp: The specified module could not be found.')
    test[11] Prostate_Patient_51: RelErr=0.0057  (3.4s)
(CVXPY) Jul 17 10:12:28 PM: Encountered unexpected exception importing solver DIFFCP:
ImportError('DLL load failed while importing _diffcp: The specified module could not be found.')
    test[12] Prostate_Patient_97: RelErr=0.0102  (2.7s)
(CVXPY) Jul 17 10:12:31 PM: Encountered unexpected exception importing solver DIFFCP:
ImportError('DLL load failed while importing _diffcp: The specified module could not be found.')
    test[13] Prostate_Patient_12: RelErr=0.0035  (10.1s)
(CVXPY) Jul 17 10:12:41 PM: Encountered unexpected exception importing solver DIFFCP:
ImportError('DLL load failed while importing _diffcp: The specified module could not be found.')
    test[14] Prostate_Patient_46: RelErr=0.0045  (3.1s)
(CVXPY) Jul 17 10:12:44 PM: Encountered unexpected exception importing solver DIFFCP:
ImportError('DLL load failed while importing _diffcp: The specified module could not be found.')
    test[15] Prostate_Patient_4: RelErr=0.0063  (4.8s)
(CVXPY) Jul 17 10:12:49 PM: Encountered unexpected exception importing solver DIFFCP:
ImportError('DLL load failed while importing _diffcp: The specified module could not be found.')
    test[16] Prostate_Patient_21: RelErr=0.0046  (8.0s)
(CVXPY) Jul 17 10:12:57 PM: Encountered unexpected exception importing solver DIFFCP:
ImportError('DLL load failed while importing _diffcp: The specified module could not be found.')
    test[17] Prostate_Patient_122: RelErr=0.0040  (20.7s)
(CVXPY) Jul 17 10:13:17 PM: Encountered unexpected exception importing solver DIFFCP:
ImportError('DLL load failed while importing _diffcp: The specified module could not be found.')
    test[18] Prostate_Patient_109: RelErr=0.0042  (4.3s)
(CVXPY) Jul 17 10:13:22 PM: Encountered unexpected exception importing solver DIFFCP:
ImportError('DLL load failed while importing _diffcp: The specified module could not be found.')
    test[19] Prostate_Patient_90: RelErr=0.0052  (2.6s)
    Mean RelErr = 0.0069  (20/20 valid, 101.2s total)

  -- N=6, rho=3, method=kkt --
    Training: 6 patients
(CVXPY) Jul 17 10:13:25 PM: Encountered unexpected exception importing solver DIFFCP:
ImportError('DLL load failed while importing _diffcp: The specified module could not be found.')
  patients used=6  comp-slack resid=1.0623e+10
  alpha_hat (sign-constrained): [0.262  0.4868 0.1714 0.0415 0.0382 0.    ]
  true alpha/sum (per function):[0.3175 0.3175 0.1587 0.0794 0.0794 0.0476]
  cond(M)=3.89e+02  per-patient leverage shares (N entries)=[0.    0.235 0.221 0.131 0.199 0.213]
  unidentified direction (|smallest eigvec|, per function): [0.464 0.847 0.248 0.059 0.052 0.005]
    alpha_hat = [0.262  0.4868 0.1714 0.0415 0.0382 0.    ]
    True alpha (per function) = [20. 20. 10.  5.  5.  3.]
(CVXPY) Jul 17 10:13:38 PM: Encountered unexpected exception importing solver DIFFCP:
ImportError('DLL load failed while importing _diffcp: The specified module could not be found.')
    test[ 0] Prostate_Patient_41: RelErr=0.5822  (8.1s)
(CVXPY) Jul 17 10:13:46 PM: Encountered unexpected exception importing solver DIFFCP:
ImportError('DLL load failed while importing _diffcp: The specified module could not be found.')
    test[ 1] Prostate_Patient_32: RelErr=0.5858  (3.9s)
(CVXPY) Jul 17 10:13:50 PM: Encountered unexpected exception importing solver DIFFCP:
ImportError('DLL load failed while importing _diffcp: The specified module could not be found.')
    test[ 2] Prostate_Patient_60: RelErr=0.6269  (4.0s)
(CVXPY) Jul 17 10:13:54 PM: Encountered unexpected exception importing solver DIFFCP:
ImportError('DLL load failed while importing _diffcp: The specified module could not be found.')
    test[ 3] Prostate_Patient_72: RelErr=0.5968  (2.5s)
(CVXPY) Jul 17 10:13:56 PM: Encountered unexpected exception importing solver DIFFCP:
ImportError('DLL load failed while importing _diffcp: The specified module could not be found.')
    test[ 4] Prostate_Patient_95: RelErr=0.6290  (2.8s)
(CVXPY) Jul 17 10:13:59 PM: Encountered unexpected exception importing solver DIFFCP:
ImportError('DLL load failed while importing _diffcp: The specified module could not be found.')
    test[ 5] Prostate_Patient_123: RelErr=0.6393  (4.7s)
(CVXPY) Jul 17 10:14:04 PM: Encountered unexpected exception importing solver DIFFCP:
ImportError('DLL load failed while importing _diffcp: The specified module could not be found.')
    test[ 6] Prostate_Patient_53: RelErr=0.5623  (5.3s)
(CVXPY) Jul 17 10:14:09 PM: Encountered unexpected exception importing solver DIFFCP:
ImportError('DLL load failed while importing _diffcp: The specified module could not be found.')
    test[ 7] Prostate_Patient_55: RelErr=0.7496  (2.7s)
(CVXPY) Jul 17 10:14:12 PM: Encountered unexpected exception importing solver DIFFCP:
ImportError('DLL load failed while importing _diffcp: The specified module could not be found.')
    test[ 8] Prostate_Patient_36: RelErr=0.7552  (2.6s)
(CVXPY) Jul 17 10:14:14 PM: Encountered unexpected exception importing solver DIFFCP:
ImportError('DLL load failed while importing _diffcp: The specified module could not be found.')
    test[ 9] Prostate_Patient_54: RelErr=0.6593  (2.7s)
(CVXPY) Jul 17 10:14:17 PM: Encountered unexpected exception importing solver DIFFCP:
ImportError('DLL load failed while importing _diffcp: The specified module could not be found.')
    test[10] Prostate_Patient_42: RelErr=0.7928  (3.9s)
(CVXPY) Jul 17 10:14:21 PM: Encountered unexpected exception importing solver DIFFCP:
ImportError('DLL load failed while importing _diffcp: The specified module could not be found.')
    test[11] Prostate_Patient_51: RelErr=0.5268  (3.9s)
(CVXPY) Jul 17 10:14:25 PM: Encountered unexpected exception importing solver DIFFCP:
ImportError('DLL load failed while importing _diffcp: The specified module could not be found.')
    test[12] Prostate_Patient_97: RelErr=0.6380  (2.7s)
(CVXPY) Jul 17 10:14:27 PM: Encountered unexpected exception importing solver DIFFCP:
ImportError('DLL load failed while importing _diffcp: The specified module could not be found.')
    test[13] Prostate_Patient_12: RelErr=0.5585  (13.2s)
(CVXPY) Jul 17 10:14:41 PM: Encountered unexpected exception importing solver DIFFCP:
ImportError('DLL load failed while importing _diffcp: The specified module could not be found.')
    test[14] Prostate_Patient_46: RelErr=0.6186  (3.5s)
(CVXPY) Jul 17 10:14:44 PM: Encountered unexpected exception importing solver DIFFCP:
ImportError('DLL load failed while importing _diffcp: The specified module could not be found.')
    test[15] Prostate_Patient_4: RelErr=0.6586  (5.9s)
(CVXPY) Jul 17 10:14:50 PM: Encountered unexpected exception importing solver DIFFCP:
ImportError('DLL load failed while importing _diffcp: The specified module could not be found.')
    test[16] Prostate_Patient_21: RelErr=0.6154  (9.2s)
(CVXPY) Jul 17 10:14:59 PM: Encountered unexpected exception importing solver DIFFCP:
ImportError('DLL load failed while importing _diffcp: The specified module could not be found.')
    test[17] Prostate_Patient_122: RelErr=0.7133  (16.3s)
(CVXPY) Jul 17 10:15:16 PM: Encountered unexpected exception importing solver DIFFCP:
ImportError('DLL load failed while importing _diffcp: The specified module could not be found.')
    test[18] Prostate_Patient_109: RelErr=0.6350  (5.5s)
(CVXPY) Jul 17 10:15:21 PM: Encountered unexpected exception importing solver DIFFCP:
ImportError('DLL load failed while importing _diffcp: The specified module could not be found.')
    test[19] Prostate_Patient_90: RelErr=0.5526  (2.5s)
    Mean RelErr = 0.6348  (20/20 valid, 119.3s total)

  -- N=7, rho=1, method=kkt --
    Training: 7 patients
(CVXPY) Jul 17 10:15:24 PM: Encountered unexpected exception importing solver DIFFCP:
ImportError('DLL load failed while importing _diffcp: The specified module could not be found.')
  patients used=7  comp-slack resid=7.0603e+03
  alpha_hat (sign-constrained): [0.1327 0.2363 0.0599 0.49   0.028  0.0531]
  true alpha/sum (per function):[0.3175 0.3175 0.1587 0.0794 0.0794 0.0476]
  cond(M)=1.28e+02  per-patient leverage shares (N entries)=[0.004 0.094 0.177 0.144 0.206 0.216 0.158]
  unidentified direction (|smallest eigvec|, per function): [0.124 0.102 0.027 0.985 0.05  0.037]
    alpha_hat = [0.1327 0.2363 0.0599 0.49   0.028  0.0531]
    True alpha (per function) = [20. 20. 10.  5.  5.  3.]
(CVXPY) Jul 17 10:15:31 PM: Encountered unexpected exception importing solver DIFFCP:
ImportError('DLL load failed while importing _diffcp: The specified module could not be found.')
    test[ 0] Prostate_Patient_41: RelErr=1.1049  (3.4s)
(CVXPY) Jul 17 10:15:35 PM: Encountered unexpected exception importing solver DIFFCP:
ImportError('DLL load failed while importing _diffcp: The specified module could not be found.')
    test[ 1] Prostate_Patient_32: RelErr=1.1032  (2.1s)
(CVXPY) Jul 17 10:15:37 PM: Encountered unexpected exception importing solver DIFFCP:
ImportError('DLL load failed while importing _diffcp: The specified module could not be found.')
    test[ 2] Prostate_Patient_60: RelErr=1.1873  (1.5s)
(CVXPY) Jul 17 10:15:38 PM: Encountered unexpected exception importing solver DIFFCP:
ImportError('DLL load failed while importing _diffcp: The specified module could not be found.')
    test[ 3] Prostate_Patient_72: RelErr=1.2238  (1.0s)
(CVXPY) Jul 17 10:15:39 PM: Encountered unexpected exception importing solver DIFFCP:
ImportError('DLL load failed while importing _diffcp: The specified module could not be found.')
    test[ 4] Prostate_Patient_95: RelErr=0.9791  (1.7s)
(CVXPY) Jul 17 10:15:41 PM: Encountered unexpected exception importing solver DIFFCP:
ImportError('DLL load failed while importing _diffcp: The specified module could not be found.')
    test[ 5] Prostate_Patient_123: RelErr=1.0922  (2.7s)
(CVXPY) Jul 17 10:15:44 PM: Encountered unexpected exception importing solver DIFFCP:
ImportError('DLL load failed while importing _diffcp: The specified module could not be found.')
    test[ 6] Prostate_Patient_53: RelErr=1.0802  (2.9s)
(CVXPY) Jul 17 10:15:46 PM: Encountered unexpected exception importing solver DIFFCP:
ImportError('DLL load failed while importing _diffcp: The specified module could not be found.')
    test[ 7] Prostate_Patient_55: RelErr=1.0248  (1.7s)
(CVXPY) Jul 17 10:15:48 PM: Encountered unexpected exception importing solver DIFFCP:
ImportError('DLL load failed while importing _diffcp: The specified module could not be found.')
    test[ 8] Prostate_Patient_36: RelErr=1.1631  (1.4s)
(CVXPY) Jul 17 10:15:50 PM: Encountered unexpected exception importing solver DIFFCP:
ImportError('DLL load failed while importing _diffcp: The specified module could not be found.')
    test[ 9] Prostate_Patient_54: RelErr=1.0719  (1.3s)
(CVXPY) Jul 17 10:15:51 PM: Encountered unexpected exception importing solver DIFFCP:
ImportError('DLL load failed while importing _diffcp: The specified module could not be found.')
    test[10] Prostate_Patient_42: RelErr=1.0836  (1.8s)
(CVXPY) Jul 17 10:15:53 PM: Encountered unexpected exception importing solver DIFFCP:
ImportError('DLL load failed while importing _diffcp: The specified module could not be found.')
    test[11] Prostate_Patient_51: RelErr=1.1140  (2.2s)
(CVXPY) Jul 17 10:15:55 PM: Encountered unexpected exception importing solver DIFFCP:
ImportError('DLL load failed while importing _diffcp: The specified module could not be found.')
    test[12] Prostate_Patient_97: RelErr=1.2072  (1.0s)
(CVXPY) Jul 17 10:15:56 PM: Encountered unexpected exception importing solver DIFFCP:
ImportError('DLL load failed while importing _diffcp: The specified module could not be found.')
    test[13] Prostate_Patient_12: RelErr=1.0503  (5.7s)
(CVXPY) Jul 17 10:16:02 PM: Encountered unexpected exception importing solver DIFFCP:
ImportError('DLL load failed while importing _diffcp: The specified module could not be found.')
    test[14] Prostate_Patient_46: RelErr=1.0116  (2.1s)
(CVXPY) Jul 17 10:16:04 PM: Encountered unexpected exception importing solver DIFFCP:
ImportError('DLL load failed while importing _diffcp: The specified module could not be found.')
    test[15] Prostate_Patient_4: RelErr=0.9743  (3.3s)
(CVXPY) Jul 17 10:16:07 PM: Encountered unexpected exception importing solver DIFFCP:
ImportError('DLL load failed while importing _diffcp: The specified module could not be found.')
    test[16] Prostate_Patient_21: RelErr=1.0229  (4.4s)
(CVXPY) Jul 17 10:16:11 PM: Encountered unexpected exception importing solver DIFFCP:
ImportError('DLL load failed while importing _diffcp: The specified module could not be found.')
    test[17] Prostate_Patient_122: RelErr=1.0757  (6.5s)
(CVXPY) Jul 17 10:16:18 PM: Encountered unexpected exception importing solver DIFFCP:
ImportError('DLL load failed while importing _diffcp: The specified module could not be found.')
    test[18] Prostate_Patient_109: RelErr=1.0973  (1.9s)
(CVXPY) Jul 17 10:16:20 PM: Encountered unexpected exception importing solver DIFFCP:
ImportError('DLL load failed while importing _diffcp: The specified module could not be found.')
    test[19] Prostate_Patient_90: RelErr=1.0319  (1.2s)
    Mean RelErr = 1.0850  (20/20 valid, 57.5s total)

  -- N=7, rho=2, method=kkt --
    Training: 7 patients
(CVXPY) Jul 17 10:16:22 PM: Encountered unexpected exception importing solver DIFFCP:
ImportError('DLL load failed while importing _diffcp: The specified module could not be found.')
  patients used=7  comp-slack resid=3.6515e+00
  alpha_hat (sign-constrained): [0.3176 0.3175 0.1588 0.0792 0.0794 0.0476]
  true alpha/sum (per function):[0.3175 0.3175 0.1587 0.0794 0.0794 0.0476]
  cond(M)=8.86e+07  per-patient leverage shares (N entries)=[0.    0.133 0.175 0.117 0.223 0.218 0.134]
  unidentified direction (|smallest eigvec|, per function): [0.646 0.646 0.323 0.161 0.161 0.097]
    alpha_hat = [0.3176 0.3175 0.1588 0.0792 0.0794 0.0476]
    True alpha (per function) = [20. 20. 10.  5.  5.  3.]
(CVXPY) Jul 17 10:16:31 PM: Encountered unexpected exception importing solver DIFFCP:
ImportError('DLL load failed while importing _diffcp: The specified module could not be found.')
    test[ 0] Prostate_Patient_41: RelErr=0.0055  (6.2s)
(CVXPY) Jul 17 10:16:37 PM: Encountered unexpected exception importing solver DIFFCP:
ImportError('DLL load failed while importing _diffcp: The specified module could not be found.')
    test[ 1] Prostate_Patient_32: RelErr=0.0061  (3.3s)
(CVXPY) Jul 17 10:16:40 PM: Encountered unexpected exception importing solver DIFFCP:
ImportError('DLL load failed while importing _diffcp: The specified module could not be found.')
    test[ 2] Prostate_Patient_60: RelErr=0.0733  (3.8s)
(CVXPY) Jul 17 10:16:44 PM: Encountered unexpected exception importing solver DIFFCP:
ImportError('DLL load failed while importing _diffcp: The specified module could not be found.')
    test[ 3] Prostate_Patient_72: RelErr=0.0171  (2.8s)
(CVXPY) Jul 17 10:16:47 PM: Encountered unexpected exception importing solver DIFFCP:
ImportError('DLL load failed while importing _diffcp: The specified module could not be found.')
    test[ 4] Prostate_Patient_95: RelErr=0.0135  (3.1s)
(CVXPY) Jul 17 10:16:50 PM: Encountered unexpected exception importing solver DIFFCP:
ImportError('DLL load failed while importing _diffcp: The specified module could not be found.')
    test[ 5] Prostate_Patient_123: RelErr=0.0097  (4.1s)
(CVXPY) Jul 17 10:16:54 PM: Encountered unexpected exception importing solver DIFFCP:
ImportError('DLL load failed while importing _diffcp: The specified module could not be found.')
    test[ 6] Prostate_Patient_53: RelErr=0.0074  (5.3s)
(CVXPY) Jul 17 10:16:59 PM: Encountered unexpected exception importing solver DIFFCP:
ImportError('DLL load failed while importing _diffcp: The specified module could not be found.')
    test[ 7] Prostate_Patient_55: RelErr=0.0054  (2.3s)
(CVXPY) Jul 17 10:17:02 PM: Encountered unexpected exception importing solver DIFFCP:
ImportError('DLL load failed while importing _diffcp: The specified module could not be found.')
    test[ 8] Prostate_Patient_36: RelErr=0.0036  (2.8s)
(CVXPY) Jul 17 10:17:04 PM: Encountered unexpected exception importing solver DIFFCP:
ImportError('DLL load failed while importing _diffcp: The specified module could not be found.')
    test[ 9] Prostate_Patient_54: RelErr=0.0083  (2.8s)
(CVXPY) Jul 17 10:17:07 PM: Encountered unexpected exception importing solver DIFFCP:
ImportError('DLL load failed while importing _diffcp: The specified module could not be found.')
    test[10] Prostate_Patient_42: RelErr=0.0051  (3.3s)
(CVXPY) Jul 17 10:17:11 PM: Encountered unexpected exception importing solver DIFFCP:
ImportError('DLL load failed while importing _diffcp: The specified module could not be found.')
    test[11] Prostate_Patient_51: RelErr=0.0050  (3.5s)
(CVXPY) Jul 17 10:17:14 PM: Encountered unexpected exception importing solver DIFFCP:
ImportError('DLL load failed while importing _diffcp: The specified module could not be found.')
    test[12] Prostate_Patient_97: RelErr=0.0101  (2.7s)
(CVXPY) Jul 17 10:17:17 PM: Encountered unexpected exception importing solver DIFFCP:
ImportError('DLL load failed while importing _diffcp: The specified module could not be found.')
    test[13] Prostate_Patient_12: RelErr=0.0188  (10.0s)
(CVXPY) Jul 17 10:17:27 PM: Encountered unexpected exception importing solver DIFFCP:
ImportError('DLL load failed while importing _diffcp: The specified module could not be found.')
    test[14] Prostate_Patient_46: RelErr=0.0044  (3.4s)
(CVXPY) Jul 17 10:17:30 PM: Encountered unexpected exception importing solver DIFFCP:
ImportError('DLL load failed while importing _diffcp: The specified module could not be found.')
    test[15] Prostate_Patient_4: RelErr=0.0063  (4.8s)
(CVXPY) Jul 17 10:17:35 PM: Encountered unexpected exception importing solver DIFFCP:
ImportError('DLL load failed while importing _diffcp: The specified module could not be found.')
    test[16] Prostate_Patient_21: RelErr=0.0086  (9.4s)
(CVXPY) Jul 17 10:17:44 PM: Encountered unexpected exception importing solver DIFFCP:
ImportError('DLL load failed while importing _diffcp: The specified module could not be found.')
    test[17] Prostate_Patient_122: RelErr=0.0024  (20.8s)
(CVXPY) Jul 17 10:18:05 PM: Encountered unexpected exception importing solver DIFFCP:
ImportError('DLL load failed while importing _diffcp: The specified module could not be found.')
    test[18] Prostate_Patient_109: RelErr=0.0073  (4.6s)
(CVXPY) Jul 17 10:18:10 PM: Encountered unexpected exception importing solver DIFFCP:
ImportError('DLL load failed while importing _diffcp: The specified module could not be found.')
    test[19] Prostate_Patient_90: RelErr=0.0115  (2.3s)
    Mean RelErr = 0.0115  (20/20 valid, 110.8s total)

  -- N=7, rho=3, method=kkt --
    Training: 7 patients
(CVXPY) Jul 17 10:18:12 PM: Encountered unexpected exception importing solver DIFFCP:
ImportError('DLL load failed while importing _diffcp: The specified module could not be found.')
  patients used=7  comp-slack resid=1.7248e+10
  alpha_hat (sign-constrained): [0.2431 0.5547 0.1374 0.0305 0.0343 0.    ]
  true alpha/sum (per function):[0.3175 0.3175 0.1587 0.0794 0.0794 0.0476]
  cond(M)=3.08e+02  per-patient leverage shares (N entries)=[0.    0.195 0.183 0.108 0.165 0.176 0.173]
  unidentified direction (|smallest eigvec|, per function): [0.236 0.961 0.137 0.046 0.03  0.003]
    alpha_hat = [0.2431 0.5547 0.1374 0.0305 0.0343 0.    ]
    True alpha (per function) = [20. 20. 10.  5.  5.  3.]
(CVXPY) Jul 17 10:18:28 PM: Encountered unexpected exception importing solver DIFFCP:
ImportError('DLL load failed while importing _diffcp: The specified module could not be found.')
    test[ 0] Prostate_Patient_41: RelErr=0.5932  (9.6s)
(CVXPY) Jul 17 10:18:38 PM: Encountered unexpected exception importing solver DIFFCP:
ImportError('DLL load failed while importing _diffcp: The specified module could not be found.')
    test[ 1] Prostate_Patient_32: RelErr=0.5938  (2.6s)
(CVXPY) Jul 17 10:18:41 PM: Encountered unexpected exception importing solver DIFFCP:
ImportError('DLL load failed while importing _diffcp: The specified module could not be found.')
    test[ 2] Prostate_Patient_60: RelErr=0.6231  (2.8s)
(CVXPY) Jul 17 10:18:43 PM: Encountered unexpected exception importing solver DIFFCP:
ImportError('DLL load failed while importing _diffcp: The specified module could not be found.')
    test[ 3] Prostate_Patient_72: RelErr=0.6113  (3.0s)
(CVXPY) Jul 17 10:18:46 PM: Encountered unexpected exception importing solver DIFFCP:
ImportError('DLL load failed while importing _diffcp: The specified module could not be found.')
    test[ 4] Prostate_Patient_95: RelErr=0.6246  (5.8s)
(CVXPY) Jul 17 10:18:52 PM: Encountered unexpected exception importing solver DIFFCP:
ImportError('DLL load failed while importing _diffcp: The specified module could not be found.')
    test[ 5] Prostate_Patient_123: RelErr=0.6780  (4.9s)
(CVXPY) Jul 17 10:18:57 PM: Encountered unexpected exception importing solver DIFFCP:
ImportError('DLL load failed while importing _diffcp: The specified module could not be found.')
    test[ 6] Prostate_Patient_53: RelErr=0.5579  (4.8s)
(CVXPY) Jul 17 10:19:02 PM: Encountered unexpected exception importing solver DIFFCP:
ImportError('DLL load failed while importing _diffcp: The specified module could not be found.')
    test[ 7] Prostate_Patient_55: RelErr=0.7582  (1.9s)
(CVXPY) Jul 17 10:19:04 PM: Encountered unexpected exception importing solver DIFFCP:
ImportError('DLL load failed while importing _diffcp: The specified module could not be found.')
    test[ 8] Prostate_Patient_36: RelErr=0.8189  (4.2s)
(CVXPY) Jul 17 10:19:08 PM: Encountered unexpected exception importing solver DIFFCP:
ImportError('DLL load failed while importing _diffcp: The specified module could not be found.')
    test[ 9] Prostate_Patient_54: RelErr=0.6800  (2.5s)
(CVXPY) Jul 17 10:19:11 PM: Encountered unexpected exception importing solver DIFFCP:
ImportError('DLL load failed while importing _diffcp: The specified module could not be found.')
    test[10] Prostate_Patient_42: RelErr=0.7870  (2.3s)
(CVXPY) Jul 17 10:19:13 PM: Encountered unexpected exception importing solver DIFFCP:
ImportError('DLL load failed while importing _diffcp: The specified module could not be found.')
    test[11] Prostate_Patient_51: RelErr=0.5282  (7.3s)
(CVXPY) Jul 17 10:19:20 PM: Encountered unexpected exception importing solver DIFFCP:
ImportError('DLL load failed while importing _diffcp: The specified module could not be found.')
    test[12] Prostate_Patient_97: RelErr=0.6203  (2.1s)
(CVXPY) Jul 17 10:19:22 PM: Encountered unexpected exception importing solver DIFFCP:
ImportError('DLL load failed while importing _diffcp: The specified module could not be found.')
    test[13] Prostate_Patient_12: RelErr=0.5885  (19.2s)
(CVXPY) Jul 17 10:19:41 PM: Encountered unexpected exception importing solver DIFFCP:
ImportError('DLL load failed while importing _diffcp: The specified module could not be found.')
    test[14] Prostate_Patient_46: RelErr=0.6174  (4.1s)
(CVXPY) Jul 17 10:19:46 PM: Encountered unexpected exception importing solver DIFFCP:
ImportError('DLL load failed while importing _diffcp: The specified module could not be found.')
    test[15] Prostate_Patient_4: RelErr=0.6707  (5.8s)
(CVXPY) Jul 17 10:19:51 PM: Encountered unexpected exception importing solver DIFFCP:
ImportError('DLL load failed while importing _diffcp: The specified module could not be found.')
    test[16] Prostate_Patient_21: RelErr=0.6058  (6.0s)
(CVXPY) Jul 17 10:19:57 PM: Encountered unexpected exception importing solver DIFFCP:
ImportError('DLL load failed while importing _diffcp: The specified module could not be found.')
    test[17] Prostate_Patient_122: RelErr=0.7332  (11.2s)
(CVXPY) Jul 17 10:20:09 PM: Encountered unexpected exception importing solver DIFFCP:
ImportError('DLL load failed while importing _diffcp: The specified module could not be found.')
    test[18] Prostate_Patient_109: RelErr=0.6405  (5.6s)
(CVXPY) Jul 17 10:20:14 PM: Encountered unexpected exception importing solver DIFFCP:
ImportError('DLL load failed while importing _diffcp: The specified module could not be found.')
    test[19] Prostate_Patient_90: RelErr=0.5399  (2.7s)
    Mean RelErr = 0.6435  (20/20 valid, 124.9s total)

  -- N=8, rho=1, method=kkt --
    Training: 8 patients
(CVXPY) Jul 17 10:20:17 PM: Encountered unexpected exception importing solver DIFFCP:
ImportError('DLL load failed while importing _diffcp: The specified module could not be found.')
  patients used=8  comp-slack resid=7.9752e+03
  alpha_hat (sign-constrained): [0.1412 0.2219 0.0608 0.4935 0.0229 0.0597]
  true alpha/sum (per function):[0.3175 0.3175 0.1587 0.0794 0.0794 0.0476]
  cond(M)=1.29e+02  per-patient leverage shares (N entries)=[0.003 0.083 0.155 0.126 0.181 0.189 0.138 0.125]
  unidentified direction (|smallest eigvec|, per function): [0.126 0.106 0.033 0.983 0.058 0.045]
    alpha_hat = [0.1412 0.2219 0.0608 0.4935 0.0229 0.0597]
    True alpha (per function) = [20. 20. 10.  5.  5.  3.]
(CVXPY) Jul 17 10:20:26 PM: Encountered unexpected exception importing solver DIFFCP:
ImportError('DLL load failed while importing _diffcp: The specified module could not be found.')
    test[ 0] Prostate_Patient_41: RelErr=1.0911  (3.7s)
(CVXPY) Jul 17 10:20:30 PM: Encountered unexpected exception importing solver DIFFCP:
ImportError('DLL load failed while importing _diffcp: The specified module could not be found.')
    test[ 1] Prostate_Patient_32: RelErr=1.0701  (2.1s)
(CVXPY) Jul 17 10:20:32 PM: Encountered unexpected exception importing solver DIFFCP:
ImportError('DLL load failed while importing _diffcp: The specified module could not be found.')
    test[ 2] Prostate_Patient_60: RelErr=1.2001  (1.6s)
(CVXPY) Jul 17 10:20:33 PM: Encountered unexpected exception importing solver DIFFCP:
ImportError('DLL load failed while importing _diffcp: The specified module could not be found.')
    test[ 3] Prostate_Patient_72: RelErr=1.2283  (1.2s)
(CVXPY) Jul 17 10:20:35 PM: Encountered unexpected exception importing solver DIFFCP:
ImportError('DLL load failed while importing _diffcp: The specified module could not be found.')
    test[ 4] Prostate_Patient_95: RelErr=1.0040  (1.7s)
(CVXPY) Jul 17 10:20:36 PM: Encountered unexpected exception importing solver DIFFCP:
ImportError('DLL load failed while importing _diffcp: The specified module could not be found.')
    test[ 5] Prostate_Patient_123: RelErr=1.0726  (2.7s)
(CVXPY) Jul 17 10:20:39 PM: Encountered unexpected exception importing solver DIFFCP:
ImportError('DLL load failed while importing _diffcp: The specified module could not be found.')
    test[ 6] Prostate_Patient_53: RelErr=1.0744  (3.2s)
(CVXPY) Jul 17 10:20:42 PM: Encountered unexpected exception importing solver DIFFCP:
ImportError('DLL load failed while importing _diffcp: The specified module could not be found.')
    test[ 7] Prostate_Patient_55: RelErr=1.0261  (1.8s)
(CVXPY) Jul 17 10:20:44 PM: Encountered unexpected exception importing solver DIFFCP:
ImportError('DLL load failed while importing _diffcp: The specified module could not be found.')
    test[ 8] Prostate_Patient_36: RelErr=1.1764  (1.3s)
(CVXPY) Jul 17 10:20:45 PM: Encountered unexpected exception importing solver DIFFCP:
ImportError('DLL load failed while importing _diffcp: The specified module could not be found.')
    test[ 9] Prostate_Patient_54: RelErr=1.0716  (1.4s)
(CVXPY) Jul 17 10:20:47 PM: Encountered unexpected exception importing solver DIFFCP:
ImportError('DLL load failed while importing _diffcp: The specified module could not be found.')
    test[10] Prostate_Patient_42: RelErr=1.0646  (1.8s)
(CVXPY) Jul 17 10:20:48 PM: Encountered unexpected exception importing solver DIFFCP:
ImportError('DLL load failed while importing _diffcp: The specified module could not be found.')
    test[11] Prostate_Patient_51: RelErr=1.1043  (2.3s)
(CVXPY) Jul 17 10:20:51 PM: Encountered unexpected exception importing solver DIFFCP:
ImportError('DLL load failed while importing _diffcp: The specified module could not be found.')
    test[12] Prostate_Patient_97: RelErr=1.2375  (1.2s)
(CVXPY) Jul 17 10:20:52 PM: Encountered unexpected exception importing solver DIFFCP:
ImportError('DLL load failed while importing _diffcp: The specified module could not be found.')
    test[13] Prostate_Patient_12: RelErr=1.0415  (5.6s)
(CVXPY) Jul 17 10:20:58 PM: Encountered unexpected exception importing solver DIFFCP:
ImportError('DLL load failed while importing _diffcp: The specified module could not be found.')
    test[14] Prostate_Patient_46: RelErr=1.0172  (2.0s)
(CVXPY) Jul 17 10:21:00 PM: Encountered unexpected exception importing solver DIFFCP:
ImportError('DLL load failed while importing _diffcp: The specified module could not be found.')
    test[15] Prostate_Patient_4: RelErr=0.9392  (3.3s)
(CVXPY) Jul 17 10:21:03 PM: Encountered unexpected exception importing solver DIFFCP:
ImportError('DLL load failed while importing _diffcp: The specified module could not be found.')
    test[16] Prostate_Patient_21: RelErr=1.0105  (4.6s)
(CVXPY) Jul 17 10:21:07 PM: Encountered unexpected exception importing solver DIFFCP:
ImportError('DLL load failed while importing _diffcp: The specified module could not be found.')
    test[17] Prostate_Patient_122: RelErr=1.0738  (6.6s)
(CVXPY) Jul 17 10:21:14 PM: Encountered unexpected exception importing solver DIFFCP:
ImportError('DLL load failed while importing _diffcp: The specified module could not be found.')
    test[18] Prostate_Patient_109: RelErr=1.0628  (2.0s)
(CVXPY) Jul 17 10:21:16 PM: Encountered unexpected exception importing solver DIFFCP:
ImportError('DLL load failed while importing _diffcp: The specified module could not be found.')
    test[19] Prostate_Patient_90: RelErr=1.0309  (1.4s)
    Mean RelErr = 1.0798  (20/20 valid, 60.6s total)

  -- N=8, rho=2, method=kkt --
    Training: 8 patients
(CVXPY) Jul 17 10:21:18 PM: Encountered unexpected exception importing solver DIFFCP:
ImportError('DLL load failed while importing _diffcp: The specified module could not be found.')
  patients used=8  comp-slack resid=3.8295e+00
  alpha_hat (sign-constrained): [0.3176 0.3175 0.1588 0.0793 0.0794 0.0476]
  true alpha/sum (per function):[0.3175 0.3175 0.1587 0.0794 0.0794 0.0476]
  cond(M)=1.00e+08  per-patient leverage shares (N entries)=[0.    0.115 0.152 0.102 0.194 0.189 0.117 0.132]
  unidentified direction (|smallest eigvec|, per function): [0.646 0.646 0.323 0.161 0.161 0.097]
    alpha_hat = [0.3176 0.3175 0.1588 0.0793 0.0794 0.0476]
    True alpha (per function) = [20. 20. 10.  5.  5.  3.]
(CVXPY) Jul 17 10:21:28 PM: Encountered unexpected exception importing solver DIFFCP:
ImportError('DLL load failed while importing _diffcp: The specified module could not be found.')
    test[ 0] Prostate_Patient_41: RelErr=0.0065  (6.7s)
(CVXPY) Jul 17 10:21:35 PM: Encountered unexpected exception importing solver DIFFCP:
ImportError('DLL load failed while importing _diffcp: The specified module could not be found.')
    test[ 1] Prostate_Patient_32: RelErr=0.0062  (3.5s)
(CVXPY) Jul 17 10:21:38 PM: Encountered unexpected exception importing solver DIFFCP:
ImportError('DLL load failed while importing _diffcp: The specified module could not be found.')
    test[ 2] Prostate_Patient_60: RelErr=0.0057  (3.7s)
(CVXPY) Jul 17 10:21:42 PM: Encountered unexpected exception importing solver DIFFCP:
ImportError('DLL load failed while importing _diffcp: The specified module could not be found.')
    test[ 3] Prostate_Patient_72: RelErr=0.0171  (2.8s)
(CVXPY) Jul 17 10:21:45 PM: Encountered unexpected exception importing solver DIFFCP:
ImportError('DLL load failed while importing _diffcp: The specified module could not be found.')
    test[ 4] Prostate_Patient_95: RelErr=0.0143  (3.2s)
(CVXPY) Jul 17 10:21:48 PM: Encountered unexpected exception importing solver DIFFCP:
ImportError('DLL load failed while importing _diffcp: The specified module could not be found.')
    test[ 5] Prostate_Patient_123: RelErr=0.0097  (4.7s)
(CVXPY) Jul 17 10:21:53 PM: Encountered unexpected exception importing solver DIFFCP:
ImportError('DLL load failed while importing _diffcp: The specified module could not be found.')
    test[ 6] Prostate_Patient_53: RelErr=0.0079  (5.5s)
(CVXPY) Jul 17 10:21:58 PM: Encountered unexpected exception importing solver DIFFCP:
ImportError('DLL load failed while importing _diffcp: The specified module could not be found.')
    test[ 7] Prostate_Patient_55: RelErr=0.0055  (2.4s)
(CVXPY) Jul 17 10:22:01 PM: Encountered unexpected exception importing solver DIFFCP:
ImportError('DLL load failed while importing _diffcp: The specified module could not be found.')
    test[ 8] Prostate_Patient_36: RelErr=0.0063  (2.9s)
(CVXPY) Jul 17 10:22:04 PM: Encountered unexpected exception importing solver DIFFCP:
ImportError('DLL load failed while importing _diffcp: The specified module could not be found.')
    test[ 9] Prostate_Patient_54: RelErr=0.0086  (3.1s)
(CVXPY) Jul 17 10:22:07 PM: Encountered unexpected exception importing solver DIFFCP:
ImportError('DLL load failed while importing _diffcp: The specified module could not be found.')
    test[10] Prostate_Patient_42: RelErr=0.0076  (3.1s)
(CVXPY) Jul 17 10:22:10 PM: Encountered unexpected exception importing solver DIFFCP:
ImportError('DLL load failed while importing _diffcp: The specified module could not be found.')
    test[11] Prostate_Patient_51: RelErr=0.0053  (3.8s)
(CVXPY) Jul 17 10:22:14 PM: Encountered unexpected exception importing solver DIFFCP:
ImportError('DLL load failed while importing _diffcp: The specified module could not be found.')
    test[12] Prostate_Patient_97: RelErr=0.0101  (2.7s)
(CVXPY) Jul 17 10:22:16 PM: Encountered unexpected exception importing solver DIFFCP:
ImportError('DLL load failed while importing _diffcp: The specified module could not be found.')
    test[13] Prostate_Patient_12: RelErr=0.0188  (9.8s)
(CVXPY) Jul 17 10:22:26 PM: Encountered unexpected exception importing solver DIFFCP:
ImportError('DLL load failed while importing _diffcp: The specified module could not be found.')
    test[14] Prostate_Patient_46: RelErr=0.0019  (2.8s)
(CVXPY) Jul 17 10:22:29 PM: Encountered unexpected exception importing solver DIFFCP:
ImportError('DLL load failed while importing _diffcp: The specified module could not be found.')
    test[15] Prostate_Patient_4: RelErr=0.0039  (4.7s)
(CVXPY) Jul 17 10:22:34 PM: Encountered unexpected exception importing solver DIFFCP:
ImportError('DLL load failed while importing _diffcp: The specified module could not be found.')
    test[16] Prostate_Patient_21: RelErr=0.0050  (9.9s)
(CVXPY) Jul 17 10:22:44 PM: Encountered unexpected exception importing solver DIFFCP:
ImportError('DLL load failed while importing _diffcp: The specified module could not be found.')
    test[17] Prostate_Patient_122: RelErr=0.0064  (22.8s)
(CVXPY) Jul 17 10:23:06 PM: Encountered unexpected exception importing solver DIFFCP:
ImportError('DLL load failed while importing _diffcp: The specified module could not be found.')
    test[18] Prostate_Patient_109: RelErr=0.0070  (6.3s)
(CVXPY) Jul 17 10:23:13 PM: Encountered unexpected exception importing solver DIFFCP:
ImportError('DLL load failed while importing _diffcp: The specified module could not be found.')
    test[19] Prostate_Patient_90: RelErr=0.0054  (3.5s)
    Mean RelErr = 0.0080  (20/20 valid, 118.6s total)

  -- N=8, rho=3, method=kkt --
    Training: 8 patients
(CVXPY) Jul 17 10:23:17 PM: Encountered unexpected exception importing solver DIFFCP:
ImportError('DLL load failed while importing _diffcp: The specified module could not be found.')
  patients used=8  comp-slack resid=2.0027e+10
  alpha_hat (sign-constrained): [0.2639 0.5193 0.1449 0.0362 0.0358 0.    ]
  true alpha/sum (per function):[0.3175 0.3175 0.1587 0.0794 0.0794 0.0476]
  cond(M)=2.81e+02  per-patient leverage shares (N entries)=[0.    0.173 0.163 0.097 0.147 0.157 0.154 0.108]
  unidentified direction (|smallest eigvec|, per function): [0.277 0.945 0.16  0.056 0.034 0.002]
    alpha_hat = [0.2639 0.5193 0.1449 0.0362 0.0358 0.    ]
    True alpha (per function) = [20. 20. 10.  5.  5.  3.]
(CVXPY) Jul 17 10:23:42 PM: Encountered unexpected exception importing solver DIFFCP:
ImportError('DLL load failed while importing _diffcp: The specified module could not be found.')
    test[ 0] Prostate_Patient_41: RelErr=0.5887  (10.8s)
(CVXPY) Jul 17 10:23:53 PM: Encountered unexpected exception importing solver DIFFCP:
ImportError('DLL load failed while importing _diffcp: The specified module could not be found.')
    test[ 1] Prostate_Patient_32: RelErr=0.5830  (5.2s)
(CVXPY) Jul 17 10:23:58 PM: Encountered unexpected exception importing solver DIFFCP:
ImportError('DLL load failed while importing _diffcp: The specified module could not be found.')
    test[ 2] Prostate_Patient_60: RelErr=0.6240  (6.0s)
(CVXPY) Jul 17 10:24:04 PM: Encountered unexpected exception importing solver DIFFCP:
ImportError('DLL load failed while importing _diffcp: The specified module could not be found.')
    test[ 3] Prostate_Patient_72: RelErr=0.6030  (4.5s)
(CVXPY) Jul 17 10:24:08 PM: Encountered unexpected exception importing solver DIFFCP:
ImportError('DLL load failed while importing _diffcp: The specified module could not be found.')
    test[ 4] Prostate_Patient_95: RelErr=0.6280  (3.9s)
(CVXPY) Jul 17 10:24:12 PM: Encountered unexpected exception importing solver DIFFCP:
ImportError('DLL load failed while importing _diffcp: The specified module could not be found.')
    test[ 5] Prostate_Patient_123: RelErr=0.6333  (6.4s)
(CVXPY) Jul 17 10:24:18 PM: Encountered unexpected exception importing solver DIFFCP:
ImportError('DLL load failed while importing _diffcp: The specified module could not be found.')
    test[ 6] Prostate_Patient_53: RelErr=0.5550  (7.7s)
(CVXPY) Jul 17 10:24:26 PM: Encountered unexpected exception importing solver DIFFCP:
ImportError('DLL load failed while importing _diffcp: The specified module could not be found.')
    test[ 7] Prostate_Patient_55: RelErr=0.7596  (3.5s)
(CVXPY) Jul 17 10:24:30 PM: Encountered unexpected exception importing solver DIFFCP:
ImportError('DLL load failed while importing _diffcp: The specified module could not be found.')
    test[ 8] Prostate_Patient_36: RelErr=0.7847  (3.5s)
(CVXPY) Jul 17 10:24:33 PM: Encountered unexpected exception importing solver DIFFCP:
ImportError('DLL load failed while importing _diffcp: The specified module could not be found.')
    test[ 9] Prostate_Patient_54: RelErr=0.6688  (3.9s)
(CVXPY) Jul 17 10:24:37 PM: Encountered unexpected exception importing solver DIFFCP:
ImportError('DLL load failed while importing _diffcp: The specified module could not be found.')
    test[10] Prostate_Patient_42: RelErr=0.7917  (7.0s)
(CVXPY) Jul 17 10:24:44 PM: Encountered unexpected exception importing solver DIFFCP:
ImportError('DLL load failed while importing _diffcp: The specified module could not be found.')
    test[11] Prostate_Patient_51: RelErr=0.5240  (5.6s)
(CVXPY) Jul 17 10:24:50 PM: Encountered unexpected exception importing solver DIFFCP:
ImportError('DLL load failed while importing _diffcp: The specified module could not be found.')
    test[12] Prostate_Patient_97: RelErr=0.6254  (5.5s)
(CVXPY) Jul 17 10:24:55 PM: Encountered unexpected exception importing solver DIFFCP:
ImportError('DLL load failed while importing _diffcp: The specified module could not be found.')
    test[13] Prostate_Patient_12: RelErr=0.5687  (16.9s)
(CVXPY) Jul 17 10:25:12 PM: Encountered unexpected exception importing solver DIFFCP:
ImportError('DLL load failed while importing _diffcp: The specified module could not be found.')
    test[14] Prostate_Patient_46: RelErr=0.6192  (6.4s)
(CVXPY) Jul 17 10:25:18 PM: Encountered unexpected exception importing solver DIFFCP:
ImportError('DLL load failed while importing _diffcp: The specified module could not be found.')
    test[15] Prostate_Patient_4: RelErr=0.6646  (7.3s)
(CVXPY) Jul 17 10:25:26 PM: Encountered unexpected exception importing solver DIFFCP:
ImportError('DLL load failed while importing _diffcp: The specified module could not be found.')
    test[16] Prostate_Patient_21: RelErr=0.6141  (14.2s)
(CVXPY) Jul 17 10:25:40 PM: Encountered unexpected exception importing solver DIFFCP:
ImportError('DLL load failed while importing _diffcp: The specified module could not be found.')
    test[17] Prostate_Patient_122: RelErr=0.7217  (20.5s)
(CVXPY) Jul 17 10:26:00 PM: Encountered unexpected exception importing solver DIFFCP:
ImportError('DLL load failed while importing _diffcp: The specified module could not be found.')
    test[18] Prostate_Patient_109: RelErr=0.6353  (7.6s)
(CVXPY) Jul 17 10:26:08 PM: Encountered unexpected exception importing solver DIFFCP:
ImportError('DLL load failed while importing _diffcp: The specified module could not be found.')
    test[19] Prostate_Patient_90: RelErr=0.5464  (4.1s)
    Mean RelErr = 0.6370  (20/20 valid, 176.1s total)

  -- N=9, rho=1, method=kkt --
    Training: 9 patients
(CVXPY) Jul 17 10:26:13 PM: Encountered unexpected exception importing solver DIFFCP:
ImportError('DLL load failed while importing _diffcp: The specified module could not be found.')
  patients used=9  comp-slack resid=8.9739e+03
  alpha_hat (sign-constrained): [0.1333 0.2236 0.0594 0.4968 0.0251 0.0618]
  true alpha/sum (per function):[0.3175 0.3175 0.1587 0.0794 0.0794 0.0476]
  cond(M)=1.23e+02  per-patient leverage shares (N entries)=[0.003 0.076 0.142 0.116 0.165 0.172 0.126 0.114 0.086]
  unidentified direction (|smallest eigvec|, per function): [0.107 0.09  0.032 0.987 0.049 0.045]
    alpha_hat = [0.1333 0.2236 0.0594 0.4968 0.0251 0.0618]
    True alpha (per function) = [20. 20. 10.  5.  5.  3.]
(CVXPY) Jul 17 10:26:25 PM: Encountered unexpected exception importing solver DIFFCP:
ImportError('DLL load failed while importing _diffcp: The specified module could not be found.')
    test[ 0] Prostate_Patient_41: RelErr=1.0883  (4.6s)
(CVXPY) Jul 17 10:26:30 PM: Encountered unexpected exception importing solver DIFFCP:
ImportError('DLL load failed while importing _diffcp: The specified module could not be found.')
    test[ 1] Prostate_Patient_32: RelErr=1.0694  (2.6s)
(CVXPY) Jul 17 10:26:32 PM: Encountered unexpected exception importing solver DIFFCP:
ImportError('DLL load failed while importing _diffcp: The specified module could not be found.')
    test[ 2] Prostate_Patient_60: RelErr=1.1917  (2.2s)
(CVXPY) Jul 17 10:26:35 PM: Encountered unexpected exception importing solver DIFFCP:
ImportError('DLL load failed while importing _diffcp: The specified module could not be found.')
    test[ 3] Prostate_Patient_72: RelErr=1.2093  (1.4s)
(CVXPY) Jul 17 10:26:36 PM: Encountered unexpected exception importing solver DIFFCP:
ImportError('DLL load failed while importing _diffcp: The specified module could not be found.')
    test[ 4] Prostate_Patient_95: RelErr=0.9893  (2.2s)
(CVXPY) Jul 17 10:26:38 PM: Encountered unexpected exception importing solver DIFFCP:
ImportError('DLL load failed while importing _diffcp: The specified module could not be found.')
    test[ 5] Prostate_Patient_123: RelErr=1.0616  (3.5s)
(CVXPY) Jul 17 10:26:42 PM: Encountered unexpected exception importing solver DIFFCP:
ImportError('DLL load failed while importing _diffcp: The specified module could not be found.')
    test[ 6] Prostate_Patient_53: RelErr=1.0743  (4.1s)
(CVXPY) Jul 17 10:26:46 PM: Encountered unexpected exception importing solver DIFFCP:
ImportError('DLL load failed while importing _diffcp: The specified module could not be found.')
    test[ 7] Prostate_Patient_55: RelErr=1.0257  (2.2s)
(CVXPY) Jul 17 10:26:48 PM: Encountered unexpected exception importing solver DIFFCP:
ImportError('DLL load failed while importing _diffcp: The specified module could not be found.')
    test[ 8] Prostate_Patient_36: RelErr=1.1871  (1.8s)
(CVXPY) Jul 17 10:26:50 PM: Encountered unexpected exception importing solver DIFFCP:
ImportError('DLL load failed while importing _diffcp: The specified module could not be found.')
    test[ 9] Prostate_Patient_54: RelErr=1.0555  (1.9s)
(CVXPY) Jul 17 10:26:52 PM: Encountered unexpected exception importing solver DIFFCP:
ImportError('DLL load failed while importing _diffcp: The specified module could not be found.')
    test[10] Prostate_Patient_42: RelErr=1.0352  (2.5s)
(CVXPY) Jul 17 10:26:54 PM: Encountered unexpected exception importing solver DIFFCP:
ImportError('DLL load failed while importing _diffcp: The specified module could not be found.')
    test[11] Prostate_Patient_51: RelErr=1.1072  (2.9s)
(CVXPY) Jul 17 10:26:57 PM: Encountered unexpected exception importing solver DIFFCP:
ImportError('DLL load failed while importing _diffcp: The specified module could not be found.')
    test[12] Prostate_Patient_97: RelErr=1.2378  (1.6s)
(CVXPY) Jul 17 10:26:59 PM: Encountered unexpected exception importing solver DIFFCP:
ImportError('DLL load failed while importing _diffcp: The specified module could not be found.')
    test[13] Prostate_Patient_12: RelErr=1.0518  (7.4s)
(CVXPY) Jul 17 10:27:06 PM: Encountered unexpected exception importing solver DIFFCP:
ImportError('DLL load failed while importing _diffcp: The specified module could not be found.')
    test[14] Prostate_Patient_46: RelErr=1.0141  (2.6s)
(CVXPY) Jul 17 10:27:09 PM: Encountered unexpected exception importing solver DIFFCP:
ImportError('DLL load failed while importing _diffcp: The specified module could not be found.')
    test[15] Prostate_Patient_4: RelErr=0.9366  (4.2s)
(CVXPY) Jul 17 10:27:13 PM: Encountered unexpected exception importing solver DIFFCP:
ImportError('DLL load failed while importing _diffcp: The specified module could not be found.')
    test[16] Prostate_Patient_21: RelErr=1.0159  (6.0s)
(CVXPY) Jul 17 10:27:19 PM: Encountered unexpected exception importing solver DIFFCP:
ImportError('DLL load failed while importing _diffcp: The specified module could not be found.')
    test[17] Prostate_Patient_122: RelErr=1.0689  (8.5s)
(CVXPY) Jul 17 10:27:27 PM: Encountered unexpected exception importing solver DIFFCP:
ImportError('DLL load failed while importing _diffcp: The specified module could not be found.')
    test[18] Prostate_Patient_109: RelErr=1.0638  (2.5s)
(CVXPY) Jul 17 10:27:30 PM: Encountered unexpected exception importing solver DIFFCP:
ImportError('DLL load failed while importing _diffcp: The specified module could not be found.')
    test[19] Prostate_Patient_90: RelErr=1.0252  (1.9s)
    Mean RelErr = 1.0754  (20/20 valid, 79.6s total)

  -- N=9, rho=2, method=kkt --
    Training: 9 patients
(CVXPY) Jul 17 10:27:32 PM: Encountered unexpected exception importing solver DIFFCP:
ImportError('DLL load failed while importing _diffcp: The specified module could not be found.')
  patients used=9  comp-slack resid=4.4595e+00
  alpha_hat (sign-constrained): [0.3176 0.3174 0.1587 0.0793 0.0794 0.0476]
  true alpha/sum (per function):[0.3175 0.3175 0.1587 0.0794 0.0794 0.0476]
  cond(M)=1.01e+08  per-patient leverage shares (N entries)=[0.    0.105 0.138 0.092 0.176 0.172 0.106 0.12  0.092]
  unidentified direction (|smallest eigvec|, per function): [0.646 0.646 0.323 0.161 0.161 0.097]
    alpha_hat = [0.3176 0.3174 0.1587 0.0793 0.0794 0.0476]
    True alpha (per function) = [20. 20. 10.  5.  5.  3.]
(CVXPY) Jul 17 10:27:49 PM: Encountered unexpected exception importing solver DIFFCP:
ImportError('DLL load failed while importing _diffcp: The specified module could not be found.')
    test[ 0] Prostate_Patient_41: RelErr=0.0037  (9.5s)
(CVXPY) Jul 17 10:27:58 PM: Encountered unexpected exception importing solver DIFFCP:
ImportError('DLL load failed while importing _diffcp: The specified module could not be found.')
    test[ 1] Prostate_Patient_32: RelErr=0.0061  (4.7s)
(CVXPY) Jul 17 10:28:03 PM: Encountered unexpected exception importing solver DIFFCP:
ImportError('DLL load failed while importing _diffcp: The specified module could not be found.')
    test[ 2] Prostate_Patient_60: RelErr=0.0068  (4.7s)
(CVXPY) Jul 17 10:28:08 PM: Encountered unexpected exception importing solver DIFFCP:
ImportError('DLL load failed while importing _diffcp: The specified module could not be found.')
    test[ 3] Prostate_Patient_72: RelErr=0.0171  (4.0s)
(CVXPY) Jul 17 10:28:12 PM: Encountered unexpected exception importing solver DIFFCP:
ImportError('DLL load failed while importing _diffcp: The specified module could not be found.')
    test[ 4] Prostate_Patient_95: RelErr=0.0143  (4.7s)
(CVXPY) Jul 17 10:28:16 PM: Encountered unexpected exception importing solver DIFFCP:
ImportError('DLL load failed while importing _diffcp: The specified module could not be found.')
    test[ 5] Prostate_Patient_123: RelErr=0.0092  (6.5s)
(CVXPY) Jul 17 10:28:23 PM: Encountered unexpected exception importing solver DIFFCP:
ImportError('DLL load failed while importing _diffcp: The specified module could not be found.')
    test[ 6] Prostate_Patient_53: RelErr=0.0060  (7.2s)
(CVXPY) Jul 17 10:28:30 PM: Encountered unexpected exception importing solver DIFFCP:
ImportError('DLL load failed while importing _diffcp: The specified module could not be found.')
    test[ 7] Prostate_Patient_55: RelErr=0.0052  (3.3s)
(CVXPY) Jul 17 10:28:33 PM: Encountered unexpected exception importing solver DIFFCP:
ImportError('DLL load failed while importing _diffcp: The specified module could not be found.')
    test[ 8] Prostate_Patient_36: RelErr=0.0082  (5.0s)
(CVXPY) Jul 17 10:28:38 PM: Encountered unexpected exception importing solver DIFFCP:
ImportError('DLL load failed while importing _diffcp: The specified module could not be found.')
    test[ 9] Prostate_Patient_54: RelErr=0.0085  (4.3s)
(CVXPY) Jul 17 10:28:43 PM: Encountered unexpected exception importing solver DIFFCP:
ImportError('DLL load failed while importing _diffcp: The specified module could not be found.')
    test[10] Prostate_Patient_42: RelErr=0.0051  (4.5s)
(CVXPY) Jul 17 10:28:47 PM: Encountered unexpected exception importing solver DIFFCP:
ImportError('DLL load failed while importing _diffcp: The specified module could not be found.')
    test[11] Prostate_Patient_51: RelErr=0.0047  (5.0s)
(CVXPY) Jul 17 10:28:52 PM: Encountered unexpected exception importing solver DIFFCP:
ImportError('DLL load failed while importing _diffcp: The specified module could not be found.')
    test[12] Prostate_Patient_97: RelErr=0.0081  (4.4s)
(CVXPY) Jul 17 10:28:57 PM: Encountered unexpected exception importing solver DIFFCP:
ImportError('DLL load failed while importing _diffcp: The specified module could not be found.')
    test[13] Prostate_Patient_12: RelErr=0.0088  (14.8s)
(CVXPY) Jul 17 10:29:11 PM: Encountered unexpected exception importing solver DIFFCP:
ImportError('DLL load failed while importing _diffcp: The specified module could not be found.')
    test[14] Prostate_Patient_46: RelErr=0.0044  (4.4s)
(CVXPY) Jul 17 10:29:16 PM: Encountered unexpected exception importing solver DIFFCP:
ImportError('DLL load failed while importing _diffcp: The specified module could not be found.')
    test[15] Prostate_Patient_4: RelErr=0.0033  (7.1s)
(CVXPY) Jul 17 10:29:23 PM: Encountered unexpected exception importing solver DIFFCP:
ImportError('DLL load failed while importing _diffcp: The specified module could not be found.')
    test[16] Prostate_Patient_21: RelErr=0.0051  (14.8s)
(CVXPY) Jul 17 10:29:38 PM: Encountered unexpected exception importing solver DIFFCP:
ImportError('DLL load failed while importing _diffcp: The specified module could not be found.')
    test[17] Prostate_Patient_122: RelErr=0.0041  (25.1s)
(CVXPY) Jul 17 10:30:03 PM: Encountered unexpected exception importing solver DIFFCP:
ImportError('DLL load failed while importing _diffcp: The specified module could not be found.')
    test[18] Prostate_Patient_109: RelErr=0.0078  (6.2s)
(CVXPY) Jul 17 10:30:09 PM: Encountered unexpected exception importing solver DIFFCP:
ImportError('DLL load failed while importing _diffcp: The specified module could not be found.')
    test[19] Prostate_Patient_90: RelErr=0.0092  (3.7s)
    Mean RelErr = 0.0073  (20/20 valid, 160.7s total)

  -- N=9, rho=3, method=kkt --
    Training: 9 patients
(CVXPY) Jul 17 10:30:13 PM: Encountered unexpected exception importing solver DIFFCP:
ImportError('DLL load failed while importing _diffcp: The specified module could not be found.')
D:\more tests with new functions\portpy_experiment\parametric_io.py:489: UserWarning: Solution may be inaccurate. Try another solver, adjusting the solver settings, or solve with verbose=True for more information.
  prob_i.solve(solver=getattr(cp, slv), verbose=False)
  patients used=9  comp-slack resid=2.1431e+10
  alpha_hat (sign-constrained): [0.2762 0.5014 0.1464 0.0406 0.0353 0.    ]
  true alpha/sum (per function):[0.3175 0.3175 0.1587 0.0794 0.0794 0.0476]
  cond(M)=3.17e+02  per-patient leverage shares (N entries)=[0.    0.149 0.14  0.083 0.126 0.135 0.132 0.093 0.141]
  unidentified direction (|smallest eigvec|, per function): [0.329 0.924 0.174 0.078 0.04  0.001]
    alpha_hat = [0.2762 0.5014 0.1464 0.0406 0.0353 0.    ]
    True alpha (per function) = [20. 20. 10.  5.  5.  3.]
(CVXPY) Jul 17 10:30:51 PM: Encountered unexpected exception importing solver DIFFCP:
ImportError('DLL load failed while importing _diffcp: The specified module could not be found.')
    test[ 0] Prostate_Patient_41: RelErr=0.5916  (14.1s)
(CVXPY) Jul 17 10:31:05 PM: Encountered unexpected exception importing solver DIFFCP:
ImportError('DLL load failed while importing _diffcp: The specified module could not be found.')
    test[ 1] Prostate_Patient_32: RelErr=0.5808  (5.5s)
(CVXPY) Jul 17 10:31:11 PM: Encountered unexpected exception importing solver DIFFCP:
ImportError('DLL load failed while importing _diffcp: The specified module could not be found.')
    test[ 2] Prostate_Patient_60: RelErr=0.6267  (5.9s)
(CVXPY) Jul 17 10:31:17 PM: Encountered unexpected exception importing solver DIFFCP:
ImportError('DLL load failed while importing _diffcp: The specified module could not be found.')
    test[ 3] Prostate_Patient_72: RelErr=0.6020  (3.6s)
(CVXPY) Jul 17 10:31:20 PM: Encountered unexpected exception importing solver DIFFCP:
ImportError('DLL load failed while importing _diffcp: The specified module could not be found.')
    test[ 4] Prostate_Patient_95: RelErr=0.6361  (8.4s)
(CVXPY) Jul 17 10:31:29 PM: Encountered unexpected exception importing solver DIFFCP:
ImportError('DLL load failed while importing _diffcp: The specified module could not be found.')
    test[ 5] Prostate_Patient_123: RelErr=0.6407  (6.7s)
(CVXPY) Jul 17 10:31:35 PM: Encountered unexpected exception importing solver DIFFCP:
ImportError('DLL load failed while importing _diffcp: The specified module could not be found.')
    test[ 6] Prostate_Patient_53: RelErr=0.5583  (8.2s)
(CVXPY) Jul 17 10:31:44 PM: Encountered unexpected exception importing solver DIFFCP:
ImportError('DLL load failed while importing _diffcp: The specified module could not be found.')
    test[ 7] Prostate_Patient_55: RelErr=0.7563  (3.5s)
(CVXPY) Jul 17 10:31:47 PM: Encountered unexpected exception importing solver DIFFCP:
ImportError('DLL load failed while importing _diffcp: The specified module could not be found.')
    test[ 8] Prostate_Patient_36: RelErr=0.7784  (3.9s)
(CVXPY) Jul 17 10:31:51 PM: Encountered unexpected exception importing solver DIFFCP:
ImportError('DLL load failed while importing _diffcp: The specified module could not be found.')
    test[ 9] Prostate_Patient_54: RelErr=0.6647  (3.9s)
(CVXPY) Jul 17 10:31:55 PM: Encountered unexpected exception importing solver DIFFCP:
ImportError('DLL load failed while importing _diffcp: The specified module could not be found.')
    test[10] Prostate_Patient_42: RelErr=0.7978  (7.0s)
(CVXPY) Jul 17 10:32:02 PM: Encountered unexpected exception importing solver DIFFCP:
ImportError('DLL load failed while importing _diffcp: The specified module could not be found.')
    test[11] Prostate_Patient_51: RelErr=0.5274  (8.0s)
(CVXPY) Jul 17 10:32:10 PM: Encountered unexpected exception importing solver DIFFCP:
ImportError('DLL load failed while importing _diffcp: The specified module could not be found.')
    test[12] Prostate_Patient_97: RelErr=0.6300  (4.5s)
(CVXPY) Jul 17 10:32:14 PM: Encountered unexpected exception importing solver DIFFCP:
ImportError('DLL load failed while importing _diffcp: The specified module could not be found.')
    test[13] Prostate_Patient_12: RelErr=0.5668  (17.4s)
(CVXPY) Jul 17 10:32:32 PM: Encountered unexpected exception importing solver DIFFCP:
ImportError('DLL load failed while importing _diffcp: The specified module could not be found.')
    test[14] Prostate_Patient_46: RelErr=0.6271  (6.3s)
(CVXPY) Jul 17 10:32:38 PM: Encountered unexpected exception importing solver DIFFCP:
ImportError('DLL load failed while importing _diffcp: The specified module could not be found.')
    test[15] Prostate_Patient_4: RelErr=0.6675  (11.4s)
(CVXPY) Jul 17 10:32:50 PM: Encountered unexpected exception importing solver DIFFCP:
ImportError('DLL load failed while importing _diffcp: The specified module could not be found.')
    test[16] Prostate_Patient_21: RelErr=0.6198  (12.0s)
(CVXPY) Jul 17 10:33:02 PM: Encountered unexpected exception importing solver DIFFCP:
ImportError('DLL load failed while importing _diffcp: The specified module could not be found.')
    test[17] Prostate_Patient_122: RelErr=0.7232  (17.0s)
(CVXPY) Jul 17 10:33:19 PM: Encountered unexpected exception importing solver DIFFCP:
ImportError('DLL load failed while importing _diffcp: The specified module could not be found.')
    test[18] Prostate_Patient_109: RelErr=0.6322  (5.9s)
(CVXPY) Jul 17 10:33:25 PM: Encountered unexpected exception importing solver DIFFCP:
ImportError('DLL load failed while importing _diffcp: The specified module could not be found.')
    test[19] Prostate_Patient_90: RelErr=0.5527  (5.3s)
    Mean RelErr = 0.6390  (20/20 valid, 197.2s total)

  -- N=10, rho=1, method=kkt --
    Training: 10 patients
(CVXPY) Jul 17 10:33:30 PM: Encountered unexpected exception importing solver DIFFCP:
ImportError('DLL load failed while importing _diffcp: The specified module could not be found.')
  patients used=10  comp-slack resid=1.1006e+04
  alpha_hat (sign-constrained): [0.1142 0.2274 0.057  0.5182 0.0236 0.0596]
  true alpha/sum (per function):[0.3175 0.3175 0.1587 0.0794 0.0794 0.0476]
  cond(M)=1.31e+02  per-patient leverage shares (N entries)=[0.003 0.063 0.117 0.096 0.137 0.143 0.105 0.094 0.071 0.172]
  unidentified direction (|smallest eigvec|, per function): [0.094 0.067 0.025 0.99  0.057 0.042]
    alpha_hat = [0.1142 0.2274 0.057  0.5182 0.0236 0.0596]
    True alpha (per function) = [20. 20. 10.  5.  5.  3.]
(CVXPY) Jul 17 10:33:44 PM: Encountered unexpected exception importing solver DIFFCP:
ImportError('DLL load failed while importing _diffcp: The specified module could not be found.')
    test[ 0] Prostate_Patient_41: RelErr=1.1068  (4.5s)
(CVXPY) Jul 17 10:33:48 PM: Encountered unexpected exception importing solver DIFFCP:
ImportError('DLL load failed while importing _diffcp: The specified module could not be found.')
    test[ 1] Prostate_Patient_32: RelErr=1.0877  (2.8s)
(CVXPY) Jul 17 10:33:51 PM: Encountered unexpected exception importing solver DIFFCP:
ImportError('DLL load failed while importing _diffcp: The specified module could not be found.')
    test[ 2] Prostate_Patient_60: RelErr=1.1925  (2.1s)
(CVXPY) Jul 17 10:33:53 PM: Encountered unexpected exception importing solver DIFFCP:
ImportError('DLL load failed while importing _diffcp: The specified module could not be found.')
    test[ 3] Prostate_Patient_72: RelErr=1.2302  (1.4s)
(CVXPY) Jul 17 10:33:54 PM: Encountered unexpected exception importing solver DIFFCP:
ImportError('DLL load failed while importing _diffcp: The specified module could not be found.')
    test[ 4] Prostate_Patient_95: RelErr=1.0371  (2.0s)
(CVXPY) Jul 17 10:33:56 PM: Encountered unexpected exception importing solver DIFFCP:
ImportError('DLL load failed while importing _diffcp: The specified module could not be found.')
    test[ 5] Prostate_Patient_123: RelErr=1.0824  (3.5s)
(CVXPY) Jul 17 10:34:00 PM: Encountered unexpected exception importing solver DIFFCP:
ImportError('DLL load failed while importing _diffcp: The specified module could not be found.')
    test[ 6] Prostate_Patient_53: RelErr=1.0625  (3.9s)
(CVXPY) Jul 17 10:34:04 PM: Encountered unexpected exception importing solver DIFFCP:
ImportError('DLL load failed while importing _diffcp: The specified module could not be found.')
    test[ 7] Prostate_Patient_55: RelErr=1.0325  (2.1s)
(CVXPY) Jul 17 10:34:06 PM: Encountered unexpected exception importing solver DIFFCP:
ImportError('DLL load failed while importing _diffcp: The specified module could not be found.')
    test[ 8] Prostate_Patient_36: RelErr=1.1967  (1.7s)
(CVXPY) Jul 17 10:34:08 PM: Encountered unexpected exception importing solver DIFFCP:
ImportError('DLL load failed while importing _diffcp: The specified module could not be found.')
    test[ 9] Prostate_Patient_54: RelErr=1.0497  (1.9s)
(CVXPY) Jul 17 10:34:10 PM: Encountered unexpected exception importing solver DIFFCP:
ImportError('DLL load failed while importing _diffcp: The specified module could not be found.')
    test[10] Prostate_Patient_42: RelErr=1.0621  (2.3s)
(CVXPY) Jul 17 10:34:12 PM: Encountered unexpected exception importing solver DIFFCP:
ImportError('DLL load failed while importing _diffcp: The specified module could not be found.')
    test[11] Prostate_Patient_51: RelErr=1.0988  (2.7s)
(CVXPY) Jul 17 10:34:15 PM: Encountered unexpected exception importing solver DIFFCP:
ImportError('DLL load failed while importing _diffcp: The specified module could not be found.')
    test[12] Prostate_Patient_97: RelErr=1.2370  (1.5s)
(CVXPY) Jul 17 10:34:16 PM: Encountered unexpected exception importing solver DIFFCP:
ImportError('DLL load failed while importing _diffcp: The specified module could not be found.')
    test[13] Prostate_Patient_12: RelErr=1.0561  (6.9s)
(CVXPY) Jul 17 10:34:23 PM: Encountered unexpected exception importing solver DIFFCP:
ImportError('DLL load failed while importing _diffcp: The specified module could not be found.')
    test[14] Prostate_Patient_46: RelErr=1.0228  (2.8s)
(CVXPY) Jul 17 10:34:26 PM: Encountered unexpected exception importing solver DIFFCP:
ImportError('DLL load failed while importing _diffcp: The specified module could not be found.')
    test[15] Prostate_Patient_4: RelErr=0.9762  (4.5s)
(CVXPY) Jul 17 10:34:30 PM: Encountered unexpected exception importing solver DIFFCP:
ImportError('DLL load failed while importing _diffcp: The specified module could not be found.')
    test[16] Prostate_Patient_21: RelErr=1.0505  (5.9s)
(CVXPY) Jul 17 10:34:36 PM: Encountered unexpected exception importing solver DIFFCP:
ImportError('DLL load failed while importing _diffcp: The specified module could not be found.')
    test[17] Prostate_Patient_122: RelErr=1.0737  (8.7s)
(CVXPY) Jul 17 10:34:45 PM: Encountered unexpected exception importing solver DIFFCP:
ImportError('DLL load failed while importing _diffcp: The specified module could not be found.')
    test[18] Prostate_Patient_109: RelErr=1.0739  (2.8s)
(CVXPY) Jul 17 10:34:48 PM: Encountered unexpected exception importing solver DIFFCP:
ImportError('DLL load failed while importing _diffcp: The specified module could not be found.')
    test[19] Prostate_Patient_90: RelErr=1.0329  (1.8s)
    Mean RelErr = 1.0881  (20/20 valid, 79.7s total)

  -- N=10, rho=2, method=kkt --
    Training: 10 patients
(CVXPY) Jul 17 10:34:50 PM: Encountered unexpected exception importing solver DIFFCP:
ImportError('DLL load failed while importing _diffcp: The specified module could not be found.')
  patients used=10  comp-slack resid=5.5923e+00
  alpha_hat (sign-constrained): [0.3175 0.3174 0.1587 0.0793 0.0794 0.0476]
  true alpha/sum (per function):[0.3175 0.3175 0.1587 0.0794 0.0794 0.0476]
  cond(M)=1.06e+08  per-patient leverage shares (N entries)=[0.    0.079 0.104 0.07  0.133 0.13  0.08  0.09  0.069 0.245]
  unidentified direction (|smallest eigvec|, per function): [0.646 0.646 0.323 0.161 0.161 0.097]
    alpha_hat = [0.3175 0.3174 0.1587 0.0793 0.0794 0.0476]
    True alpha (per function) = [20. 20. 10.  5.  5.  3.]
(CVXPY) Jul 17 10:35:09 PM: Encountered unexpected exception importing solver DIFFCP:
ImportError('DLL load failed while importing _diffcp: The specified module could not be found.')
    test[ 0] Prostate_Patient_41: RelErr=0.0037  (9.4s)
(CVXPY) Jul 17 10:35:18 PM: Encountered unexpected exception importing solver DIFFCP:
ImportError('DLL load failed while importing _diffcp: The specified module could not be found.')
    test[ 1] Prostate_Patient_32: RelErr=0.0061  (4.8s)
(CVXPY) Jul 17 10:35:23 PM: Encountered unexpected exception importing solver DIFFCP:
ImportError('DLL load failed while importing _diffcp: The specified module could not be found.')
    test[ 2] Prostate_Patient_60: RelErr=0.0027  (4.9s)
(CVXPY) Jul 17 10:35:28 PM: Encountered unexpected exception importing solver DIFFCP:
ImportError('DLL load failed while importing _diffcp: The specified module could not be found.')
    test[ 3] Prostate_Patient_72: RelErr=0.0171  (3.9s)
(CVXPY) Jul 17 10:35:32 PM: Encountered unexpected exception importing solver DIFFCP:
ImportError('DLL load failed while importing _diffcp: The specified module could not be found.')
    test[ 4] Prostate_Patient_95: RelErr=0.0198  (4.8s)
(CVXPY) Jul 17 10:35:37 PM: Encountered unexpected exception importing solver DIFFCP:
ImportError('DLL load failed while importing _diffcp: The specified module could not be found.')
    test[ 5] Prostate_Patient_123: RelErr=0.0096  (6.7s)
(CVXPY) Jul 17 10:35:44 PM: Encountered unexpected exception importing solver DIFFCP:
ImportError('DLL load failed while importing _diffcp: The specified module could not be found.')
    test[ 6] Prostate_Patient_53: RelErr=0.0072  (7.2s)
(CVXPY) Jul 17 10:35:51 PM: Encountered unexpected exception importing solver DIFFCP:
ImportError('DLL load failed while importing _diffcp: The specified module could not be found.')
    test[ 7] Prostate_Patient_55: RelErr=0.0053  (3.3s)
(CVXPY) Jul 17 10:35:54 PM: Encountered unexpected exception importing solver DIFFCP:
ImportError('DLL load failed while importing _diffcp: The specified module could not be found.')
    test[ 8] Prostate_Patient_36: RelErr=0.0093  (3.8s)
(CVXPY) Jul 17 10:35:58 PM: Encountered unexpected exception importing solver DIFFCP:
ImportError('DLL load failed while importing _diffcp: The specified module could not be found.')
    test[ 9] Prostate_Patient_54: RelErr=0.0084  (4.2s)
(CVXPY) Jul 17 10:36:02 PM: Encountered unexpected exception importing solver DIFFCP:
ImportError('DLL load failed while importing _diffcp: The specified module could not be found.')
    test[10] Prostate_Patient_42: RelErr=0.0050  (4.7s)
(CVXPY) Jul 17 10:36:07 PM: Encountered unexpected exception importing solver DIFFCP:
ImportError('DLL load failed while importing _diffcp: The specified module could not be found.')
    test[11] Prostate_Patient_51: RelErr=0.0051  (5.1s)
(CVXPY) Jul 17 10:36:12 PM: Encountered unexpected exception importing solver DIFFCP:
ImportError('DLL load failed while importing _diffcp: The specified module could not be found.')
    test[12] Prostate_Patient_97: RelErr=0.0104  (3.9s)
(CVXPY) Jul 17 10:36:16 PM: Encountered unexpected exception importing solver DIFFCP:
ImportError('DLL load failed while importing _diffcp: The specified module could not be found.')
    test[13] Prostate_Patient_12: RelErr=0.0036  (14.8s)
(CVXPY) Jul 17 10:36:30 PM: Encountered unexpected exception importing solver DIFFCP:
ImportError('DLL load failed while importing _diffcp: The specified module could not be found.')
    test[14] Prostate_Patient_46: RelErr=0.0045  (4.5s)
(CVXPY) Jul 17 10:36:35 PM: Encountered unexpected exception importing solver DIFFCP:
ImportError('DLL load failed while importing _diffcp: The specified module could not be found.')
    test[15] Prostate_Patient_4: RelErr=0.0030  (7.0s)
(CVXPY) Jul 17 10:36:42 PM: Encountered unexpected exception importing solver DIFFCP:
ImportError('DLL load failed while importing _diffcp: The specified module could not be found.')
    test[16] Prostate_Patient_21: RelErr=0.0062  (13.3s)
(CVXPY) Jul 17 10:36:55 PM: Encountered unexpected exception importing solver DIFFCP:
ImportError('DLL load failed while importing _diffcp: The specified module could not be found.')
    test[17] Prostate_Patient_122: RelErr=0.0015  (25.4s)
(CVXPY) Jul 17 10:37:21 PM: Encountered unexpected exception importing solver DIFFCP:
ImportError('DLL load failed while importing _diffcp: The specified module could not be found.')
    test[18] Prostate_Patient_109: RelErr=0.0070  (6.1s)
(CVXPY) Jul 17 10:37:27 PM: Encountered unexpected exception importing solver DIFFCP:
ImportError('DLL load failed while importing _diffcp: The specified module could not be found.')
    test[19] Prostate_Patient_90: RelErr=0.0091  (3.8s)
    Mean RelErr = 0.0072  (20/20 valid, 161.0s total)

  -- N=10, rho=3, method=kkt --
    Training: 10 patients
(CVXPY) Jul 17 10:37:31 PM: Encountered unexpected exception importing solver DIFFCP:
ImportError('DLL load failed while importing _diffcp: The specified module could not be found.')
  patients used=10  comp-slack resid=2.9808e+10
  alpha_hat (sign-constrained): [0.2771 0.5086 0.1459 0.034  0.0344 0.    ]
  true alpha/sum (per function):[0.3175 0.3175 0.1587 0.0794 0.0794 0.0476]
  cond(M)=3.85e+02  per-patient leverage shares (N entries)=[0.    0.1   0.094 0.056 0.085 0.091 0.089 0.062 0.095 0.329]
  unidentified direction (|smallest eigvec|, per function): [0.184 0.969 0.145 0.07  0.037 0.001]
    alpha_hat = [0.2771 0.5086 0.1459 0.034  0.0344 0.    ]
    True alpha (per function) = [20. 20. 10.  5.  5.  3.]
(CVXPY) Jul 17 10:38:02 PM: Encountered unexpected exception importing solver DIFFCP:
ImportError('DLL load failed while importing _diffcp: The specified module could not be found.')
    test[ 0] Prostate_Patient_41: RelErr=0.5959  (11.2s)
(CVXPY) Jul 17 10:38:13 PM: Encountered unexpected exception importing solver DIFFCP:
ImportError('DLL load failed while importing _diffcp: The specified module could not be found.')
    test[ 1] Prostate_Patient_32: RelErr=0.5859  (5.3s)
(CVXPY) Jul 17 10:38:18 PM: Encountered unexpected exception importing solver DIFFCP:
ImportError('DLL load failed while importing _diffcp: The specified module could not be found.')
    test[ 2] Prostate_Patient_60: RelErr=0.6257  (3.8s)
(CVXPY) Jul 17 10:38:22 PM: Encountered unexpected exception importing solver DIFFCP:
ImportError('DLL load failed while importing _diffcp: The specified module could not be found.')
    test[ 3] Prostate_Patient_72: RelErr=0.6085  (3.5s)
(CVXPY) Jul 17 10:38:25 PM: Encountered unexpected exception importing solver DIFFCP:
ImportError('DLL load failed while importing _diffcp: The specified module could not be found.')
    test[ 4] Prostate_Patient_95: RelErr=0.6398  (5.9s)
(CVXPY) Jul 17 10:38:31 PM: Encountered unexpected exception importing solver DIFFCP:
ImportError('DLL load failed while importing _diffcp: The specified module could not be found.')
    test[ 5] Prostate_Patient_123: RelErr=0.6341  (6.6s)
(CVXPY) Jul 17 10:38:38 PM: Encountered unexpected exception importing solver DIFFCP:
ImportError('DLL load failed while importing _diffcp: The specified module could not be found.')
    test[ 6] Prostate_Patient_53: RelErr=0.5625  (8.0s)
(CVXPY) Jul 17 10:38:46 PM: Encountered unexpected exception importing solver DIFFCP:
ImportError('DLL load failed while importing _diffcp: The specified module could not be found.')
    test[ 7] Prostate_Patient_55: RelErr=0.7602  (3.6s)
(CVXPY) Jul 17 10:38:49 PM: Encountered unexpected exception importing solver DIFFCP:
ImportError('DLL load failed while importing _diffcp: The specified module could not be found.')
    test[ 8] Prostate_Patient_36: RelErr=0.7850  (3.8s)
(CVXPY) Jul 17 10:38:53 PM: Encountered unexpected exception importing solver DIFFCP:
ImportError('DLL load failed while importing _diffcp: The specified module could not be found.')
    test[ 9] Prostate_Patient_54: RelErr=0.6821  (5.0s)
(CVXPY) Jul 17 10:38:58 PM: Encountered unexpected exception importing solver DIFFCP:
ImportError('DLL load failed while importing _diffcp: The specified module could not be found.')
    test[10] Prostate_Patient_42: RelErr=0.8030  (4.7s)
(CVXPY) Jul 17 10:39:03 PM: Encountered unexpected exception importing solver DIFFCP:
ImportError('DLL load failed while importing _diffcp: The specified module could not be found.')
    test[11] Prostate_Patient_51: RelErr=0.5304  (8.4s)
(CVXPY) Jul 17 10:39:11 PM: Encountered unexpected exception importing solver DIFFCP:
ImportError('DLL load failed while importing _diffcp: The specified module could not be found.')
    test[12] Prostate_Patient_97: RelErr=0.6331  (4.2s)
(CVXPY) Jul 17 10:39:16 PM: Encountered unexpected exception importing solver DIFFCP:
ImportError('DLL load failed while importing _diffcp: The specified module could not be found.')
    test[13] Prostate_Patient_12: RelErr=0.5764  (17.7s)
(CVXPY) Jul 17 10:39:33 PM: Encountered unexpected exception importing solver DIFFCP:
ImportError('DLL load failed while importing _diffcp: The specified module could not be found.')
    test[14] Prostate_Patient_46: RelErr=0.6289  (7.1s)
(CVXPY) Jul 17 10:39:40 PM: Encountered unexpected exception importing solver DIFFCP:
ImportError('DLL load failed while importing _diffcp: The specified module could not be found.')
    test[15] Prostate_Patient_4: RelErr=0.6723  (11.3s)
(CVXPY) Jul 17 10:39:52 PM: Encountered unexpected exception importing solver DIFFCP:
ImportError('DLL load failed while importing _diffcp: The specified module could not be found.')
    test[16] Prostate_Patient_21: RelErr=0.6187  (13.9s)
(CVXPY) Jul 17 10:40:05 PM: Encountered unexpected exception importing solver DIFFCP:
ImportError('DLL load failed while importing _diffcp: The specified module could not be found.')
    test[17] Prostate_Patient_122: RelErr=0.7290  (20.4s)
(CVXPY) Jul 17 10:40:26 PM: Encountered unexpected exception importing solver DIFFCP:
ImportError('DLL load failed while importing _diffcp: The specified module could not be found.')
    test[18] Prostate_Patient_109: RelErr=0.6337  (7.5s)
(CVXPY) Jul 17 10:40:33 PM: Encountered unexpected exception importing solver DIFFCP:
ImportError('DLL load failed while importing _diffcp: The specified module could not be found.')
    test[19] Prostate_Patient_90: RelErr=0.5496  (3.5s)
    Mean RelErr = 0.6427  (20/20 valid, 186.5s total)
Saved CSV: results/parametric_comparison\parametric_mape_nested_kkt.csv
Saved figure: results/parametric_comparison\parametric_mape_figure_kkt.pdf

===== SUMMARY =====
   N         rho=1         rho=2         rho=3
   3         1.064%       0.007%       0.627%
   4         1.058%       0.006%       0.627%
   5         1.064%       0.006%       0.629%
   6         1.073%       0.007%       0.635%
   7         1.085%       0.011%       0.644%
   8         1.080%       0.008%       0.637%
   9         1.075%       0.007%       0.639%
  10         1.088%       0.007%       0.643%
W DONE Fri Jul 17 22:40:39 EDT 2026
