utility,model,regime,size,rep,RelL2,beta_star
kicks3,Additive,not-perturbed,20,0,0.156731,
kicks3,Additive+Smooth,not-perturbed,20,0,0.155833,92.578125
kicks3,Convex only,not-perturbed,20,0,0.390993,
kicks3,Smooth,not-perturbed,20,0,0.247043,7.031250
kicks3,Additive,not-perturbed,20,1,0.130898,
kicks3,Additive+Smooth,not-perturbed,20,1,0.124660,14.062500
kicks3,Convex only,not-perturbed,20,1,0.358895,
kicks3,Smooth,not-perturbed,20,1,0.184910,9.375000
kicks3,Additive,not-perturbed,20,2,0.135366,
kicks3,Additive+Smooth,not-perturbed,20,2,0.130842,19.335938
kicks3,Convex only,not-perturbed,20,2,0.326413,
kicks3,Smooth,not-perturbed,20,2,0.183714,7.617188
kicks3,Additive,not-perturbed,20,3,0.163238,
kicks3,Additive+Smooth,not-perturbed,20,3,0.163759,175.195312
kicks3,Convex only,not-perturbed,20,3,0.296897,
kicks3,Smooth,not-perturbed,20,3,0.164261,7.617188
kicks3,Additive,not-perturbed,20,4,0.135701,
kicks3,Additive+Smooth,not-perturbed,20,4,0.096610,273.437500
kicks3,Convex only,not-perturbed,20,4,0.338707,
kicks3,Smooth,not-perturbed,20,4,0.179601,7.031250
kicks3,Additive,not-perturbed,20,5,0.173378,
kicks3,Additive+Smooth,not-perturbed,20,5,0.162033,18.750000
kicks3,Convex only,not-perturbed,20,5,0.343229,
kicks3,Smooth,not-perturbed,20,5,0.237748,9.375000
kicks3,Additive,not-perturbed,20,6,0.177915,
kicks3,Additive+Smooth,not-perturbed,20,6,0.176719,66.210938
kicks3,Convex only,not-perturbed,20,6,0.281243,
kicks3,Smooth,not-perturbed,20,6,0.153161,7.031250
kicks3,Additive,not-perturbed,20,7,0.165758,
kicks3,Additive+Smooth,not-perturbed,20,7,0.147468,9.375000
kicks3,Convex only,not-perturbed,20,7,0.248229,
kicks3,Smooth,not-perturbed,20,7,0.094445,6.445312
kicks3,Additive,not-perturbed,20,8,0.144907,
kicks3,Additive+Smooth,not-perturbed,20,8,0.096023,320.312500
kicks3,Convex only,not-perturbed,20,8,0.291339,
kicks3,Smooth,not-perturbed,20,8,0.164084,8.203125
kicks3,Additive,not-perturbed,20,9,0.128960,
kicks3,Additive+Smooth,not-perturbed,20,9,0.127755,100.781250
kicks3,Convex only,not-perturbed,20,9,0.241187,
kicks3,Smooth,not-perturbed,20,9,0.122861,8.203125
kicks3,Additive,not-perturbed,20,10,0.162921,
kicks3,Additive+Smooth,not-perturbed,20,10,0.160845,74.414062
kicks3,Convex only,not-perturbed,20,10,0.300118,
kicks3,Smooth,not-perturbed,20,10,0.194936,9.960938
kicks3,Additive,not-perturbed,20,11,0.175799,
kicks3,Additive+Smooth,not-perturbed,20,11,0.173683,35.742188
kicks3,Convex only,not-perturbed,20,11,0.287398,
kicks3,Smooth,not-perturbed,20,11,0.163222,8.203125
kicks3,Additive,not-perturbed,20,12,0.188487,
kicks3,Additive+Smooth,not-perturbed,20,12,0.186132,25.195312
kicks3,Convex only,not-perturbed,20,12,0.398576,
kicks3,Smooth,not-perturbed,20,12,0.279768,8.789062
kicks3,Additive,not-perturbed,20,13,0.151272,
kicks3,Additive+Smooth,not-perturbed,20,13,0.142330,289.062500
kicks3,Convex only,not-perturbed,20,13,0.270774,
kicks3,Smooth,not-perturbed,20,13,0.113835,7.031250
kicks3,Additive,not-perturbed,20,14,0.146939,
kicks3,Additive+Smooth,not-perturbed,20,14,0.146356,866.015625
kicks3,Convex only,not-perturbed,20,14,0.346879,
kicks3,Smooth,not-perturbed,20,14,0.189712,7.031250
kicks3,Additive,not-perturbed,20,15,0.150297,
kicks3,Additive+Smooth,not-perturbed,20,15,0.113913,395.996094
kicks3,Convex only,not-perturbed,20,15,0.286400,
kicks3,Smooth,not-perturbed,20,15,0.141109,7.617188
kicks3,Additive,not-perturbed,20,16,0.148977,
kicks3,Additive+Smooth,not-perturbed,20,16,0.146043,16.992188
kicks3,Convex only,not-perturbed,20,16,0.426293,
kicks3,Smooth,not-perturbed,20,16,0.300603,8.203125
kicks3,Additive,not-perturbed,20,17,0.234038,
kicks3,Additive+Smooth,not-perturbed,20,17,0.232445,39.257812
kicks3,Convex only,not-perturbed,20,17,0.428150,
kicks3,Smooth,not-perturbed,20,17,0.328425,8.789062
kicks3,Additive,not-perturbed,20,18,0.143515,
kicks3,Additive+Smooth,not-perturbed,20,18,0.134928,14.648438
kicks3,Convex only,not-perturbed,20,18,0.404169,
kicks3,Smooth,not-perturbed,20,18,0.223741,7.031250
kicks3,Additive,not-perturbed,20,19,0.166952,
kicks3,Additive+Smooth,not-perturbed,20,19,0.149164,11.132812
kicks3,Convex only,not-perturbed,20,19,0.253597,
kicks3,Smooth,not-perturbed,20,19,0.128637,8.789062
kicks3,Additive,not-perturbed,40,0,0.147340,
kicks3,Additive+Smooth,not-perturbed,40,0,0.142848,15.234375
kicks3,Convex only,not-perturbed,40,0,0.278788,
kicks3,Smooth,not-perturbed,40,0,0.164296,9.375000
kicks3,Additive,not-perturbed,40,1,0.128984,
kicks3,Additive+Smooth,not-perturbed,40,1,0.117841,7.617188
kicks3,Convex only,not-perturbed,40,1,0.314389,
kicks3,Smooth,not-perturbed,40,1,0.217798,9.960938
kicks3,Additive,not-perturbed,40,2,0.124546,
kicks3,Additive+Smooth,not-perturbed,40,2,0.084467,16.601562
kicks3,Convex only,not-perturbed,40,2,0.277556,
kicks3,Smooth,not-perturbed,40,2,0.177313,8.789062
kicks3,Additive,not-perturbed,40,3,0.147795,
kicks3,Additive+Smooth,not-perturbed,40,3,0.141441,16.406250
kicks3,Convex only,not-perturbed,40,3,0.257699,
kicks3,Smooth,not-perturbed,40,3,0.172384,9.960938
kicks3,Additive,not-perturbed,40,4,0.123441,
kicks3,Additive+Smooth,not-perturbed,40,4,0.112103,125.976562
kicks3,Convex only,not-perturbed,40,4,0.293748,
kicks3,Smooth,not-perturbed,40,4,0.170301,8.203125
kicks3,Additive,not-perturbed,40,5,0.154154,
kicks3,Additive+Smooth,not-perturbed,40,5,0.148269,21.679688
kicks3,Convex only,not-perturbed,40,5,0.311536,
kicks3,Smooth,not-perturbed,40,5,0.213866,9.960938
kicks3,Additive,not-perturbed,40,6,0.130282,
kicks3,Additive+Smooth,not-perturbed,40,6,0.128654,718.261719
kicks3,Convex only,not-perturbed,40,6,0.251709,
kicks3,Smooth,not-perturbed,40,6,0.124727,7.617188
kicks3,Additive,not-perturbed,40,7,0.145779,
kicks3,Additive+Smooth,not-perturbed,40,7,0.144745,616.210938
kicks3,Convex only,not-perturbed,40,7,0.218417,
kicks3,Smooth,not-perturbed,40,7,0.109058,8.203125
kicks3,Additive,not-perturbed,40,8,0.119584,
kicks3,Additive+Smooth,not-perturbed,40,8,0.117765,418.457031
kicks3,Convex only,not-perturbed,40,8,0.260116,
kicks3,Smooth,not-perturbed,40,8,0.157887,8.789062
kicks3,Additive,not-perturbed,40,9,0.129262,
kicks3,Additive+Smooth,not-perturbed,40,9,0.122945,10.546875
kicks3,Convex only,not-perturbed,40,9,0.214968,
kicks3,Smooth,not-perturbed,40,9,0.104969,8.203125
kicks3,Additive,not-perturbed,40,10,0.126436,
kicks3,Additive+Smooth,not-perturbed,40,10,0.124497,622.070312
kicks3,Convex only,not-perturbed,40,10,0.270333,
kicks3,Smooth,not-perturbed,40,10,0.173357,9.960938
kicks3,Additive,not-perturbed,40,11,0.135784,
kicks3,Additive+Smooth,not-perturbed,40,11,0.131531,16.992188
kicks3,Convex only,not-perturbed,40,11,0.249178,
kicks3,Smooth,not-perturbed,40,11,0.146195,8.789062
kicks3,Additive,not-perturbed,40,12,0.156064,
kicks3,Additive+Smooth,not-perturbed,40,12,0.105923,14.648438
kicks3,Convex only,not-perturbed,40,12,0.283432,
kicks3,Smooth,not-perturbed,40,12,0.165615,8.789062
kicks3,Additive,not-perturbed,40,13,0.166074,
kicks3,Additive+Smooth,not-perturbed,40,13,0.144938,5.859375
kicks3,Convex only,not-perturbed,40,13,0.219404,
kicks3,Smooth,not-perturbed,40,13,0.131080,10.546875
kicks3,Additive,not-perturbed,40,14,0.125634,
kicks3,Additive+Smooth,not-perturbed,40,14,0.123995,653.320312
kicks3,Convex only,not-perturbed,40,14,0.290849,
kicks3,Smooth,not-perturbed,40,14,0.176365,8.203125
kicks3,Additive,not-perturbed,40,15,0.128919,
kicks3,Additive+Smooth,not-perturbed,40,15,0.125788,29.296875
kicks3,Convex only,not-perturbed,40,15,0.236641,
kicks3,Smooth,not-perturbed,40,15,0.148385,9.375000
kicks3,Additive,not-perturbed,40,16,0.142109,
kicks3,Additive+Smooth,not-perturbed,40,16,0.136632,10.546875
kicks3,Convex only,not-perturbed,40,16,0.259234,
kicks3,Smooth,not-perturbed,40,16,0.173760,9.960938
kicks3,Additive,not-perturbed,40,17,0.130193,
kicks3,Additive+Smooth,not-perturbed,40,17,0.127987,50.976562
kicks3,Convex only,not-perturbed,40,17,0.381640,
kicks3,Smooth,not-perturbed,40,17,0.260948,9.375000
kicks3,Additive,not-perturbed,40,18,0.117235,
kicks3,Additive+Smooth,not-perturbed,40,18,0.116359,229.492188
kicks3,Convex only,not-perturbed,40,18,0.294826,
kicks3,Smooth,not-perturbed,40,18,0.179611,9.375000
kicks3,Additive,not-perturbed,40,19,0.135272,
kicks3,Additive+Smooth,not-perturbed,40,19,0.125303,15.820312
kicks3,Convex only,not-perturbed,40,19,0.220513,
kicks3,Smooth,not-perturbed,40,19,0.116396,8.789062
kicks3,Additive,not-perturbed,60,0,0.143853,
kicks3,Additive+Smooth,not-perturbed,60,0,0.139746,11.132812
kicks3,Convex only,not-perturbed,60,0,0.245932,
kicks3,Smooth,not-perturbed,60,0,0.144025,9.375000
kicks3,Additive,not-perturbed,60,1,0.120438,
kicks3,Additive+Smooth,not-perturbed,60,1,0.116074,10.546875
kicks3,Convex only,not-perturbed,60,1,0.264927,
kicks3,Smooth,not-perturbed,60,1,0.185161,9.960938
kicks3,Additive,not-perturbed,60,2,0.122374,
kicks3,Additive+Smooth,not-perturbed,60,2,0.120018,48.632812
kicks3,Convex only,not-perturbed,60,2,0.261135,
kicks3,Smooth,not-perturbed,60,2,0.189275,10.546875
kicks3,Additive,not-perturbed,60,3,0.141028,
kicks3,Additive+Smooth,not-perturbed,60,3,0.139326,419.921875
kicks3,Convex only,not-perturbed,60,3,0.222915,
kicks3,Smooth,not-perturbed,60,3,0.144330,10.546875
kicks3,Additive,not-perturbed,60,4,0.113970,
kicks3,Additive+Smooth,not-perturbed,60,4,0.111833,730.468750
kicks3,Convex only,not-perturbed,60,4,0.245366,
kicks3,Smooth,not-perturbed,60,4,0.148960,8.789062
kicks3,Additive,not-perturbed,60,5,0.146406,
kicks3,Additive+Smooth,not-perturbed,60,5,0.082152,36.132812
kicks3,Convex only,not-perturbed,60,5,0.298930,
kicks3,Smooth,not-perturbed,60,5,0.198430,9.960938
kicks3,Additive,not-perturbed,60,6,0.122192,
kicks3,Additive+Smooth,not-perturbed,60,6,0.118946,687.500000
kicks3,Convex only,not-perturbed,60,6,0.203594,
kicks3,Smooth,not-perturbed,60,6,0.126021,10.546875
kicks3,Additive,not-perturbed,60,7,0.140544,
kicks3,Additive+Smooth,not-perturbed,60,7,0.138869,791.503906
kicks3,Convex only,not-perturbed,60,7,0.208008,
kicks3,Smooth,not-perturbed,60,7,0.094350,8.203125
kicks3,Additive,not-perturbed,60,8,0.138829,
kicks3,Additive+Smooth,not-perturbed,60,8,0.101172,16.113281
kicks3,Convex only,not-perturbed,60,8,0.241884,
kicks3,Smooth,not-perturbed,60,8,0.139100,8.789062
kicks3,Additive,not-perturbed,60,9,0.116835,
kicks3,Additive+Smooth,not-perturbed,60,9,0.115058,745.117188
kicks3,Convex only,not-perturbed,60,9,0.203428,
kicks3,Smooth,not-perturbed,60,9,0.112362,9.375000
kicks3,Additive,not-perturbed,60,10,0.131368,
kicks3,Additive+Smooth,not-perturbed,60,10,0.129378,351.562500
kicks3,Convex only,not-perturbed,60,10,0.252332,
kicks3,Smooth,not-perturbed,60,10,0.162021,9.960938
kicks3,Additive,not-perturbed,60,11,0.120496,
kicks3,Additive+Smooth,not-perturbed,60,11,0.117725,774.902344
kicks3,Convex only,not-perturbed,60,11,0.230867,
kicks3,Smooth,not-perturbed,60,11,0.158214,11.718750
kicks3,Additive,not-perturbed,60,12,0.158792,
kicks3,Additive+Smooth,not-perturbed,60,12,0.156701,25.781250
kicks3,Convex only,not-perturbed,60,12,0.201290,
kicks3,Smooth,not-perturbed,60,12,0.107660,8.789062
kicks3,Additive,not-perturbed,60,13,0.148006,
kicks3,Additive+Smooth,not-perturbed,60,13,0.132198,5.859375
kicks3,Convex only,not-perturbed,60,13,0.205598,
kicks3,Smooth,not-perturbed,60,13,0.119652,10.546875
kicks3,Additive,not-perturbed,60,14,0.113413,
kicks3,Additive+Smooth,not-perturbed,60,14,0.110434,572.265625
kicks3,Convex only,not-perturbed,60,14,0.279951,
kicks3,Smooth,not-perturbed,60,14,0.191786,9.843750
kicks3,Additive,not-perturbed,60,15,0.118371,
kicks3,Additive+Smooth,not-perturbed,60,15,0.084740,29.296875
kicks3,Convex only,not-perturbed,60,15,0.220937,
kicks3,Smooth,not-perturbed,60,15,0.128385,9.960938
kicks3,Additive,not-perturbed,60,16,0.139167,
kicks3,Additive+Smooth,not-perturbed,60,16,0.120224,7.617188
kicks3,Convex only,not-perturbed,60,16,0.239632,
kicks3,Smooth,not-perturbed,60,16,0.152183,9.960938
kicks3,Additive,not-perturbed,60,17,0.119593,
kicks3,Additive+Smooth,not-perturbed,60,17,0.119079,378.906250
kicks3,Convex only,not-perturbed,60,17,0.267891,
kicks3,Smooth,not-perturbed,60,17,0.168478,9.375000
kicks3,Additive,not-perturbed,60,18,0.119130,
kicks3,Additive+Smooth,not-perturbed,60,18,0.117494,706.542969
kicks3,Convex only,not-perturbed,60,18,0.247573,
kicks3,Smooth,not-perturbed,60,18,0.164035,10.546875
kicks3,Additive,not-perturbed,60,19,0.132345,
kicks3,Additive+Smooth,not-perturbed,60,19,0.121933,15.820312
kicks3,Convex only,not-perturbed,60,19,0.198630,
kicks3,Smooth,not-perturbed,60,19,0.111593,9.375000
kicks3,Additive,not-perturbed,80,0,0.140956,
kicks3,Additive+Smooth,not-perturbed,80,0,0.135855,12.304688
kicks3,Convex only,not-perturbed,80,0,0.232395,
kicks3,Smooth,not-perturbed,80,0,0.138472,9.960938
kicks3,Additive,not-perturbed,80,1,0.120838,
kicks3,Additive+Smooth,not-perturbed,80,1,0.117816,751.464844
kicks3,Convex only,not-perturbed,80,1,0.195263,
kicks3,Smooth,not-perturbed,80,1,0.108558,9.960938
kicks3,Additive,not-perturbed,80,2,0.116065,
kicks3,Additive+Smooth,not-perturbed,80,2,0.096306,135.742188
kicks3,Convex only,not-perturbed,80,2,0.250968,
kicks3,Smooth,not-perturbed,80,2,0.174654,9.375000
kicks3,Additive,not-perturbed,80,3,0.146208,
kicks3,Additive+Smooth,not-perturbed,80,3,0.133407,18.164062
kicks3,Convex only,not-perturbed,80,3,0.213827,
kicks3,Smooth,not-perturbed,80,3,0.136404,10.546875
kicks3,Additive,not-perturbed,80,4,0.117999,
kicks3,Additive+Smooth,not-perturbed,80,4,0.101875,77.148438
kicks3,Convex only,not-perturbed,80,4,0.188808,
kicks3,Smooth,not-perturbed,80,4,0.103557,9.960938
kicks3,Additive,not-perturbed,80,5,0.136190,
kicks3,Additive+Smooth,not-perturbed,80,5,0.102122,37.109375
kicks3,Convex only,not-perturbed,80,5,0.204597,
kicks3,Smooth,not-perturbed,80,5,0.118453,9.960938
kicks3,Additive,not-perturbed,80,6,0.121425,
kicks3,Additive+Smooth,not-perturbed,80,6,0.118619,681.152344
kicks3,Convex only,not-perturbed,80,6,0.193070,
kicks3,Smooth,not-perturbed,80,6,0.113060,10.546875
kicks3,Additive,not-perturbed,80,7,0.129402,
kicks3,Additive+Smooth,not-perturbed,80,7,0.093880,13.671875
kicks3,Convex only,not-perturbed,80,7,0.189766,
kicks3,Smooth,not-perturbed,80,7,0.109094,10.546875
kicks3,Additive,not-perturbed,80,8,0.122394,
kicks3,Additive+Smooth,not-perturbed,80,8,0.119849,739.257812
kicks3,Convex only,not-perturbed,80,8,0.202602,
kicks3,Smooth,not-perturbed,80,8,0.125590,9.960938
kicks3,Additive,not-perturbed,80,9,0.126827,
kicks3,Additive+Smooth,not-perturbed,80,9,0.111269,6.445312
kicks3,Convex only,not-perturbed,80,9,0.193141,
kicks3,Smooth,not-perturbed,80,9,0.106256,9.375000
kicks3,Additive,not-perturbed,80,10,0.124356,
kicks3,Additive+Smooth,not-perturbed,80,10,0.121676,681.640625
kicks3,Convex only,not-perturbed,80,10,0.236233,
kicks3,Smooth,not-perturbed,80,10,0.150767,9.960938
kicks3,Additive,not-perturbed,80,11,0.120610,
kicks3,Additive+Smooth,not-perturbed,80,11,0.096554,24.902344
kicks3,Convex only,not-perturbed,80,11,0.201424,
kicks3,Smooth,not-perturbed,80,11,0.131441,11.718750
kicks3,Additive,not-perturbed,80,12,0.136367,
kicks3,Additive+Smooth,not-perturbed,80,12,0.080488,21.972656
kicks3,Convex only,not-perturbed,80,12,0.194510,
kicks3,Smooth,not-perturbed,80,12,0.109820,9.960938
kicks3,Additive,not-perturbed,80,13,0.132520,
kicks3,Additive+Smooth,not-perturbed,80,13,0.112293,5.859375
kicks3,Convex only,not-perturbed,80,13,0.196310,
kicks3,Smooth,not-perturbed,80,13,0.116084,10.546875
kicks3,Additive,not-perturbed,80,14,0.128575,
kicks3,Additive+Smooth,not-perturbed,80,14,0.125918,563.476562
kicks3,Convex only,not-perturbed,80,14,0.183100,
kicks3,Smooth,not-perturbed,80,14,0.099405,9.375000
kicks3,Additive,not-perturbed,80,15,0.125554,
kicks3,Additive+Smooth,not-perturbed,80,15,0.100112,56.640625
kicks3,Convex only,not-perturbed,80,15,0.214507,
kicks3,Smooth,not-perturbed,80,15,0.119728,9.960938
kicks3,Additive,not-perturbed,80,16,0.137521,
kicks3,Additive+Smooth,not-perturbed,80,16,0.090378,12.207031
kicks3,Convex only,not-perturbed,80,16,0.185351,
kicks3,Smooth,not-perturbed,80,16,0.106031,9.960938
kicks3,Additive,not-perturbed,80,17,0.116202,
kicks3,Additive+Smooth,not-perturbed,80,17,0.115142,373.046875
kicks3,Convex only,not-perturbed,80,17,0.245746,
kicks3,Smooth,not-perturbed,80,17,0.152928,9.375000
kicks3,Additive,not-perturbed,80,18,0.114038,
kicks3,Additive+Smooth,not-perturbed,80,18,0.111625,801.757812
kicks3,Convex only,not-perturbed,80,18,0.229813,
kicks3,Smooth,not-perturbed,80,18,0.146098,10.546875
kicks3,Additive,not-perturbed,80,19,0.131951,
kicks3,Additive+Smooth,not-perturbed,80,19,0.123849,795.410156
kicks3,Convex only,not-perturbed,80,19,0.193049,
kicks3,Smooth,not-perturbed,80,19,0.106379,9.375000
kicks3,Additive,not-perturbed,100,0,0.140795,
kicks3,Additive+Smooth,not-perturbed,100,0,0.087778,21.972656
kicks3,Convex only,not-perturbed,100,0,0.225898,
kicks3,Smooth,not-perturbed,100,0,0.128955,9.960938
kicks3,Additive,not-perturbed,100,1,0.116061,
kicks3,Additive+Smooth,not-perturbed,100,1,0.113679,808.593750
kicks3,Convex only,not-perturbed,100,1,0.185759,
kicks3,Smooth,not-perturbed,100,1,0.140948,16.406250
kicks3,Additive,not-perturbed,100,2,0.112147,
kicks3,Additive+Smooth,not-perturbed,100,2,0.110480,22.851562
kicks3,Convex only,not-perturbed,100,2,0.247925,
kicks3,Smooth,not-perturbed,100,2,0.165433,9.375000
kicks3,Additive,not-perturbed,100,3,0.135387,
kicks3,Additive+Smooth,not-perturbed,100,3,0.127396,18.164062
kicks3,Convex only,not-perturbed,100,3,0.198526,
kicks3,Smooth,not-perturbed,100,3,0.126613,10.546875
kicks3,Additive,not-perturbed,100,4,0.117715,
kicks3,Additive+Smooth,not-perturbed,100,4,0.096529,21.972656
kicks3,Convex only,not-perturbed,100,4,0.181846,
kicks3,Smooth,not-perturbed,100,4,0.107859,10.546875
kicks3,Additive,not-perturbed,100,5,0.136297,
kicks3,Additive+Smooth,not-perturbed,100,5,0.133097,340.332031
kicks3,Convex only,not-perturbed,100,5,0.189121,
kicks3,Smooth,not-perturbed,100,5,0.114856,9.960938
kicks3,Additive,not-perturbed,100,6,0.116561,
kicks3,Additive+Smooth,not-perturbed,100,6,0.112939,741.699219
kicks3,Convex only,not-perturbed,100,6,0.185743,
kicks3,Smooth,not-perturbed,100,6,0.103470,10.546875
kicks3,Additive,not-perturbed,100,7,0.119979,
kicks3,Additive+Smooth,not-perturbed,100,7,0.099732,76.660156
kicks3,Convex only,not-perturbed,100,7,0.186337,
kicks3,Smooth,not-perturbed,100,7,0.109293,10.546875
kicks3,Additive,not-perturbed,100,8,0.113177,
kicks3,Additive+Smooth,not-perturbed,100,8,0.110532,753.417969
kicks3,Convex only,not-perturbed,100,8,0.200796,
kicks3,Smooth,not-perturbed,100,8,0.119613,9.960938
kicks3,Additive,not-perturbed,100,9,0.122584,
kicks3,Additive+Smooth,not-perturbed,100,9,0.118038,8.789062
kicks3,Convex only,not-perturbed,100,9,0.182650,
kicks3,Smooth,not-perturbed,100,9,0.107073,10.546875
kicks3,Additive,not-perturbed,100,10,0.120094,
kicks3,Additive+Smooth,not-perturbed,100,10,0.117356,796.875000
kicks3,Convex only,not-perturbed,100,10,0.227825,
kicks3,Smooth,not-perturbed,100,10,0.145681,9.960938
kicks3,Additive,not-perturbed,100,11,0.119723,
kicks3,Additive+Smooth,not-perturbed,100,11,0.117014,756.835938
kicks3,Convex only,not-perturbed,100,11,0.171726,
kicks3,Smooth,not-perturbed,100,11,0.107051,11.718750
kicks3,Additive,not-perturbed,100,12,0.124736,
kicks3,Additive+Smooth,not-perturbed,100,12,0.083682,21.972656
kicks3,Convex only,not-perturbed,100,12,0.183732,
kicks3,Smooth,not-perturbed,100,12,0.109549,10.546875
kicks3,Additive,not-perturbed,100,13,0.116170,
kicks3,Additive+Smooth,not-perturbed,100,13,0.085737,21.972656
kicks3,Convex only,not-perturbed,100,13,0.187872,
kicks3,Smooth,not-perturbed,100,13,0.107236,10.546875
kicks3,Additive,not-perturbed,100,14,0.118688,
kicks3,Additive+Smooth,not-perturbed,100,14,0.117671,323.242188
kicks3,Convex only,not-perturbed,100,14,0.175660,
kicks3,Smooth,not-perturbed,100,14,0.091836,9.375000
kicks3,Additive,not-perturbed,100,15,0.118909,
kicks3,Additive+Smooth,not-perturbed,100,15,0.103761,58.105469
kicks3,Convex only,not-perturbed,100,15,0.200631,
kicks3,Smooth,not-perturbed,100,15,0.134076,11.953125
kicks3,Additive,not-perturbed,100,16,0.117462,
kicks3,Additive+Smooth,not-perturbed,100,16,0.081929,17.089844
kicks3,Convex only,not-perturbed,100,16,0.174658,
kicks3,Smooth,not-perturbed,100,16,0.100091,9.960938
kicks3,Additive,not-perturbed,100,17,0.128809,
kicks3,Additive+Smooth,not-perturbed,100,17,0.088422,18.066406
kicks3,Convex only,not-perturbed,100,17,0.226015,
kicks3,Smooth,not-perturbed,100,17,0.190328,19.921875
kicks3,Additive,not-perturbed,100,18,0.113383,
kicks3,Additive+Smooth,not-perturbed,100,18,0.111304,775.878906
kicks3,Convex only,not-perturbed,100,18,0.222399,
kicks3,Smooth,not-perturbed,100,18,0.141536,10.546875
kicks3,Additive,not-perturbed,100,19,0.126475,
kicks3,Additive+Smooth,not-perturbed,100,19,0.120406,51.757812
kicks3,Convex only,not-perturbed,100,19,0.182371,
kicks3,Smooth,not-perturbed,100,19,0.098999,9.960938
kicks3,Additive,not-perturbed,120,0,0.134619,
kicks3,Additive+Smooth,not-perturbed,120,0,0.087415,21.972656
kicks3,Convex only,not-perturbed,120,0,0.205640,
kicks3,Smooth,not-perturbed,120,0,0.118688,9.960938
kicks3,Additive,not-perturbed,120,1,0.125769,
kicks3,Additive+Smooth,not-perturbed,120,1,0.099258,25.878906
kicks3,Convex only,not-perturbed,120,1,0.171595,
kicks3,Smooth,not-perturbed,120,1,0.128539,16.406250
kicks3,Additive,not-perturbed,120,2,0.112317,
kicks3,Additive+Smooth,not-perturbed,120,2,0.111132,264.648438
kicks3,Convex only,not-perturbed,120,2,0.218523,
kicks3,Smooth,not-perturbed,120,2,0.141448,9.375000
kicks3,Additive,not-perturbed,120,3,0.122316,
kicks3,Additive+Smooth,not-perturbed,120,3,0.120254,743.164062
kicks3,Convex only,not-perturbed,120,3,0.194084,
kicks3,Smooth,not-perturbed,120,3,0.114996,10.546875
kicks3,Additive,not-perturbed,120,4,0.153758,
kicks3,Additive+Smooth,not-perturbed,120,4,0.123094,5.273438
kicks3,Convex only,not-perturbed,120,4,0.174930,
kicks3,Smooth,not-perturbed,120,4,0.099081,10.546875
kicks3,Additive,not-perturbed,120,5,0.135203,
kicks3,Additive+Smooth,not-perturbed,120,5,0.132439,572.753906
kicks3,Convex only,not-perturbed,120,5,0.184957,
kicks3,Smooth,not-perturbed,120,5,0.117043,10.546875
kicks3,Additive,not-perturbed,120,6,0.109272,
kicks3,Additive+Smooth,not-perturbed,120,6,0.104113,101.562500
kicks3,Convex only,not-perturbed,120,6,0.180974,
kicks3,Smooth,not-perturbed,120,6,0.106108,11.132812
kicks3,Additive,not-perturbed,120,7,0.117792,
kicks3,Additive+Smooth,not-perturbed,120,7,0.116403,758.789062
kicks3,Convex only,not-perturbed,120,7,0.182820,
kicks3,Smooth,not-perturbed,120,7,0.103762,10.546875
kicks3,Additive+Smooth,not-perturbed,120,8,0.104420,760.253906
kicks3,Convex only,not-perturbed,120,8,0.195944,
kicks3,Smooth,not-perturbed,120,8,0.113654,9.960938
kicks3,Additive,not-perturbed,120,9,0.117107,
kicks3,Additive+Smooth,not-perturbed,120,9,0.105671,6.445312
kicks3,Convex only,not-perturbed,120,9,0.175582,
kicks3,Smooth,not-perturbed,120,9,0.106756,10.546875
kicks3,Additive,not-perturbed,120,10,0.116737,
kicks3,Additive+Smooth,not-perturbed,120,10,0.114209,690.917969
kicks3,Convex only,not-perturbed,120,10,0.220495,
kicks3,Smooth,not-perturbed,120,10,0.144090,9.960938
kicks3,Additive,not-perturbed,120,11,0.119601,
kicks3,Additive+Smooth,not-perturbed,120,11,0.117155,452.636719
kicks3,Convex only,not-perturbed,120,11,0.168977,
kicks3,Smooth,not-perturbed,120,11,0.103544,11.718750
kicks3,Additive,not-perturbed,120,12,0.122956,
kicks3,Additive+Smooth,not-perturbed,120,12,0.084356,21.972656
kicks3,Convex only,not-perturbed,120,12,0.172465,
kicks3,Smooth,not-perturbed,120,12,0.136896,19.921875
kicks3,Additive,not-perturbed,120,13,0.110847,
kicks3,Additive+Smooth,not-perturbed,120,13,0.085128,45.898438
kicks3,Convex only,not-perturbed,120,13,0.181184,
kicks3,Smooth,not-perturbed,120,13,0.102951,10.546875
kicks3,Additive,not-perturbed,120,14,0.119327,
kicks3,Additive+Smooth,not-perturbed,120,14,0.116387,650.878906
kicks3,Convex only,not-perturbed,120,14,0.171763,
kicks3,Smooth,not-perturbed,120,14,0.097444,10.546875
kicks3,Additive,not-perturbed,120,15,0.119710,
kicks3,Additive+Smooth,not-perturbed,120,15,0.116811,385.742188
kicks3,Convex only,not-perturbed,120,15,0.197866,
kicks3,Smooth,not-perturbed,120,15,0.080608,9.960938
kicks3,Additive,not-perturbed,120,16,0.110186,
kicks3,Additive+Smooth,not-perturbed,120,16,0.089342,62.011719
kicks3,Convex only,not-perturbed,120,16,0.167045,
kicks3,Smooth,not-perturbed,120,16,0.090585,9.960938
kicks3,Additive,not-perturbed,120,17,0.126519,
kicks3,Additive+Smooth,not-perturbed,120,17,0.124315,815.429688
kicks3,Convex only,not-perturbed,120,17,0.222145,
kicks3,Smooth,not-perturbed,120,17,0.184026,19.921875
kicks3,Additive,not-perturbed,120,18,0.123854,
kicks3,Additive+Smooth,not-perturbed,120,18,0.122633,317.382812
kicks3,Convex only,not-perturbed,120,18,0.220762,
kicks3,Smooth,not-perturbed,120,18,0.137803,10.546875
kicks3,Additive,not-perturbed,120,19,0.123052,
kicks3,Additive+Smooth,not-perturbed,120,19,0.120586,51.757812
kicks3,Convex only,not-perturbed,120,19,0.181301,
kicks3,Smooth,not-perturbed,120,19,0.103736,10.546875
kicks3,Additive,not-perturbed,140,0,0.114279,
kicks3,Additive+Smooth,not-perturbed,140,0,0.111893,329.589844
kicks3,Convex only,not-perturbed,140,0,0.194227,
kicks3,Smooth,not-perturbed,140,0,0.139555,14.062500
kicks3,Additive,not-perturbed,140,1,0.126480,
kicks3,Additive+Smooth,not-perturbed,140,1,0.123326,765.136719
kicks3,Convex only,not-perturbed,140,1,0.167063,
kicks3,Smooth,not-perturbed,140,1,0.127051,16.992188
kicks3,Additive,not-perturbed,140,2,0.117927,
kicks3,Additive+Smooth,not-perturbed,140,2,0.079315,12.695312
kicks3,Convex only,not-perturbed,140,2,0.210606,
kicks3,Smooth,not-perturbed,140,2,0.136807,10.546875
kicks3,Additive,not-perturbed,140,3,0.115106,
kicks3,Additive+Smooth,not-perturbed,140,3,0.113020,812.988281
kicks3,Convex only,not-perturbed,140,3,0.190427,
kicks3,Smooth,not-perturbed,140,3,0.111829,10.546875
kicks3,Additive,not-perturbed,140,4,0.150904,
kicks3,Additive+Smooth,not-perturbed,140,4,0.118793,5.273438
kicks3,Convex only,not-perturbed,140,4,0.162659,
kicks3,Smooth,not-perturbed,140,4,0.093476,10.546875
kicks3,Additive,not-perturbed,140,5,0.136717,
kicks3,Additive+Smooth,not-perturbed,140,5,0.134175,632.324219
kicks3,Convex only,not-perturbed,140,5,0.181037,
kicks3,Smooth,not-perturbed,140,5,0.116175,10.546875
kicks3,Additive,not-perturbed,140,6,0.108765,
kicks3,Additive+Smooth,not-perturbed,140,6,0.106340,804.199219
kicks3,Convex only,not-perturbed,140,6,0.177060,
kicks3,Smooth,not-perturbed,140,6,0.104038,11.132812
kicks3,Additive,not-perturbed,140,7,0.114667,
kicks3,Additive+Smooth,not-perturbed,140,7,0.111605,770.019531
kicks3,Convex only,not-perturbed,140,7,0.178840,
kicks3,Smooth,not-perturbed,140,7,0.101168,10.546875
kicks3,Additive,not-perturbed,140,8,0.107926,
kicks3,Additive+Smooth,not-perturbed,140,8,0.106081,789.062500
kicks3,Convex only,not-perturbed,140,8,0.191801,
kicks3,Smooth,not-perturbed,140,8,0.109121,9.960938
kicks3,Additive,not-perturbed,140,9,0.115255,
kicks3,Additive+Smooth,not-perturbed,140,9,0.084182,16.601562
kicks3,Convex only,not-perturbed,140,9,0.167095,
kicks3,Smooth,not-perturbed,140,9,0.099477,10.546875
kicks3,Additive,not-perturbed,140,10,0.140736,
kicks3,Additive+Smooth,not-perturbed,140,10,0.131577,13.476562
kicks3,Convex only,not-perturbed,140,10,0.214949,
kicks3,Smooth,not-perturbed,140,10,0.141057,9.960938
kicks3,Additive,not-perturbed,140,11,0.109104,
kicks3,Additive+Smooth,not-perturbed,140,11,0.107079,749.023438
kicks3,Convex only,not-perturbed,140,11,0.165799,
kicks3,Smooth,not-perturbed,140,11,0.092272,11.718750
kicks3,Additive,not-perturbed,140,12,0.114623,
kicks3,Additive+Smooth,not-perturbed,140,12,0.113041,319.824219
kicks3,Convex only,not-perturbed,140,12,0.170933,
kicks3,Smooth,not-perturbed,140,12,0.135534,19.921875
kicks3,Additive,not-perturbed,140,13,0.110190,
kicks3,Convex only,not-perturbed,140,13,0.174229,
kicks3,Smooth,not-perturbed,140,13,0.100787,10.546875
kicks3,Additive,not-perturbed,140,14,0.117580,
kicks3,Additive+Smooth,not-perturbed,140,14,0.114969,786.621094
kicks3,Convex only,not-perturbed,140,14,0.163285,
kicks3,Smooth,not-perturbed,140,14,0.095329,10.546875
kicks3,Additive,not-perturbed,140,15,0.115498,
kicks3,Additive+Smooth,not-perturbed,140,15,0.113261,463.378906
kicks3,Convex only,not-perturbed,140,15,0.194910,
kicks3,Smooth,not-perturbed,140,15,0.125812,11.718750
kicks3,Additive,not-perturbed,140,16,0.113397,
kicks3,Additive+Smooth,not-perturbed,140,16,0.111010,770.996094
kicks3,Convex only,not-perturbed,140,16,0.163258,
kicks3,Smooth,not-perturbed,140,16,0.088325,9.960938
kicks3,Additive,not-perturbed,140,17,0.116502,
kicks3,Additive+Smooth,not-perturbed,140,17,0.114471,812.500000
kicks3,Convex only,not-perturbed,140,17,0.199761,
kicks3,Smooth,not-perturbed,140,17,0.164932,19.921875
kicks3,Additive,not-perturbed,140,18,0.121419,
kicks3,Additive+Smooth,not-perturbed,140,18,0.119103,387.695312
kicks3,Convex only,not-perturbed,140,18,0.185536,
kicks3,Smooth,not-perturbed,140,18,0.114817,10.546875
kicks3,Additive,not-perturbed,140,19,0.111295,
kicks3,Additive+Smooth,not-perturbed,140,19,0.108858,751.953125
kicks3,Convex only,not-perturbed,140,19,0.169280,
kicks3,Smooth,not-perturbed,140,19,0.102452,11.132812
kicks3,Additive,not-perturbed,160,0,0.114394,
kicks3,Additive+Smooth,not-perturbed,160,0,0.110969,794.921875
kicks3,Convex only,not-perturbed,160,0,0.189275,
kicks3,Smooth,not-perturbed,160,0,0.136211,14.062500
kicks3,Additive,not-perturbed,160,1,0.116957,
kicks3,Additive+Smooth,not-perturbed,160,1,0.115027,762.207031
kicks3,Convex only,not-perturbed,160,1,0.163667,
kicks3,Smooth,not-perturbed,160,1,0.122730,16.992188
kicks3,Additive,not-perturbed,180,0,0.135919,
kicks3,Additive+Smooth,not-perturbed,180,0,0.116944,5.859375
kicks3,Convex only,not-perturbed,180,0,0.163423,
kicks3,Smooth,not-perturbed,180,0,0.112515,14.062500
kicks3,Additive,not-perturbed,180,1,0.118184,
kicks3,Additive+Smooth,not-perturbed,180,1,0.104625,816.406250
kicks3,Convex only,not-perturbed,180,1,0.160209,
kicks3,Smooth,not-perturbed,180,1,0.118618,16.992188
kicks3,Additive,not-perturbed,200,0,0.136707,
kicks3,Additive+Smooth,not-perturbed,200,0,0.116211,5.859375
kicks3,Convex only,not-perturbed,200,0,0.158375,
kicks3,Smooth,not-perturbed,200,0,0.115610,16.992188
kicks3,Additive,not-perturbed,200,1,0.115662,
kicks3,Additive+Smooth,not-perturbed,200,1,0.109246,812.988281
kicks3,Convex only,not-perturbed,200,1,0.154857,
kicks3,Smooth,not-perturbed,200,1,0.117891,16.992188
kicks3,Additive,not-perturbed,200,2,0.117401,
kicks3,Convex only,not-perturbed,200,2,0.156662,
kicks3,Additive,perturbed,20,0,0.162298,
kicks3,Additive+Smooth,perturbed,20,0,0.160062,77.929688
kicks3,Convex only,perturbed,20,0,0.388045,
kicks3,Smooth,perturbed,20,0,0.242767,7.031250
kicks3,Additive,perturbed,20,1,0.136446,
kicks3,Additive+Smooth,perturbed,20,1,0.130020,20.507812
kicks3,Convex only,perturbed,20,1,0.362648,
kicks3,Smooth,perturbed,20,1,0.227317,8.203125
kicks3,Additive,perturbed,20,2,0.138082,
kicks3,Additive+Smooth,perturbed,20,2,0.094118,9.765625
kicks3,Convex only,perturbed,20,2,0.321768,
kicks3,Smooth,perturbed,20,2,0.178938,7.617188
kicks3,Additive,perturbed,20,3,0.167809,
kicks3,Additive+Smooth,perturbed,20,3,0.154042,211.914062
kicks3,Convex only,perturbed,20,3,0.297694,
kicks3,Smooth,perturbed,20,3,0.156117,7.031250
kicks3,Additive,perturbed,20,4,0.137362,
kicks3,Additive+Smooth,perturbed,20,4,0.090881,437.988281
kicks3,Convex only,perturbed,20,4,0.340578,
kicks3,Smooth,perturbed,20,4,0.205662,7.617188
kicks3,Additive,perturbed,20,5,0.172768,
kicks3,Additive+Smooth,perturbed,20,5,0.169590,63.867188
kicks3,Convex only,perturbed,20,5,0.339213,
kicks3,Smooth,perturbed,20,5,0.238609,9.375000
kicks3,Additive,perturbed,20,6,0.176879,
kicks3,Additive+Smooth,perturbed,20,6,0.174658,41.015625
kicks3,Convex only,perturbed,20,6,0.276381,
kicks3,Smooth,perturbed,20,6,0.170357,8.789062
kicks3,Additive,perturbed,20,7,0.164430,
kicks3,Additive+Smooth,perturbed,20,7,0.121847,10.546875
kicks3,Convex only,perturbed,20,7,0.251657,
kicks3,Smooth,perturbed,20,7,0.091139,6.445312
kicks3,Additive,perturbed,20,8,0.150405,
kicks3,Additive+Smooth,perturbed,20,8,0.149732,342.187500
kicks3,Convex only,perturbed,20,8,0.289981,
kicks3,Smooth,perturbed,20,8,0.156660,7.617188
kicks3,Additive,perturbed,20,9,0.130998,
kicks3,Additive+Smooth,perturbed,20,9,0.118752,250.000000
kicks3,Convex only,perturbed,20,9,0.241302,
kicks3,Smooth,perturbed,20,9,0.148412,10.546875
kicks3,Additive,perturbed,20,10,0.167972,
kicks3,Additive+Smooth,perturbed,20,10,0.164606,38.085938
kicks3,Convex only,perturbed,20,10,0.298899,
kicks3,Smooth,perturbed,20,10,0.203798,11.132812
kicks3,Additive,perturbed,20,11,0.174071,
kicks3,Additive+Smooth,perturbed,20,11,0.163737,10.546875
kicks3,Convex only,perturbed,20,11,0.278964,
kicks3,Smooth,perturbed,20,11,0.178172,9.375000
kicks3,Additive,perturbed,20,12,0.178346,
kicks3,Additive+Smooth,perturbed,20,12,0.177231,169.335938
kicks3,Convex only,perturbed,20,12,0.388065,
kicks3,Smooth,perturbed,20,12,0.278743,9.375000
kicks3,Additive,perturbed,20,13,0.152036,
kicks3,Additive+Smooth,perturbed,20,13,0.150183,55.078125
kicks3,Convex only,perturbed,20,13,0.272390,
kicks3,Smooth,perturbed,20,13,0.097784,6.445312
kicks3,Additive,perturbed,20,14,0.152436,
kicks3,Additive+Smooth,perturbed,20,14,0.150625,49.804688
kicks3,Convex only,perturbed,20,14,0.356989,
kicks3,Smooth,perturbed,20,14,0.205941,8.203125
kicks3,Additive,perturbed,20,15,0.149919,
kicks3,Additive+Smooth,perturbed,20,15,0.148757,182.812500
kicks3,Convex only,perturbed,20,15,0.290559,
kicks3,Smooth,perturbed,20,15,0.143396,7.617188
kicks3,Additive,perturbed,20,16,0.146124,
kicks3,Additive+Smooth,perturbed,20,16,0.114759,370.605469
kicks3,Convex only,perturbed,20,16,0.423434,
kicks3,Smooth,perturbed,20,16,0.288933,7.617188
kicks3,Additive,perturbed,20,17,0.235337,
kicks3,Additive+Smooth,perturbed,20,17,0.226519,12.304688
kicks3,Convex only,perturbed,20,17,0.413385,
kicks3,Smooth,perturbed,20,17,0.311932,8.203125
kicks3,Additive,perturbed,20,18,0.142364,
kicks3,Additive+Smooth,perturbed,20,18,0.138465,40.429688
kicks3,Convex only,perturbed,20,18,0.401623,
kicks3,Smooth,perturbed,20,18,0.246832,8.203125
kicks3,Additive,perturbed,20,19,0.161750,
kicks3,Additive+Smooth,perturbed,20,19,0.140346,8.203125
kicks3,Convex only,perturbed,20,19,0.250519,
kicks3,Smooth,perturbed,20,19,0.128046,8.789062
kicks3,Additive,perturbed,40,0,0.145988,
kicks3,Additive+Smooth,perturbed,40,0,0.145587,90.332031
kicks3,Convex only,perturbed,40,0,0.273309,
kicks3,Smooth,perturbed,40,0,0.155509,9.375000
kicks3,Additive,perturbed,40,1,0.122693,
kicks3,Additive+Smooth,perturbed,40,1,0.085442,25.390625
kicks3,Convex only,perturbed,40,1,0.324959,
kicks3,Smooth,perturbed,40,1,0.252781,12.890625
kicks3,Additive,perturbed,40,2,0.117401,
kicks3,Additive+Smooth,perturbed,40,2,0.113116,686.523438
kicks3,Convex only,perturbed,40,2,0.271755,
kicks3,Smooth,perturbed,40,2,0.185946,9.960938
kicks3,Additive,perturbed,40,3,0.145347,
kicks3,Additive+Smooth,perturbed,40,3,0.093184,91.796875
kicks3,Convex only,perturbed,40,3,0.256563,
kicks3,Smooth,perturbed,40,3,0.171812,9.960938
kicks3,Additive,perturbed,40,4,0.125687,
kicks3,Additive+Smooth,perturbed,40,4,0.096936,51.269531
kicks3,Convex only,perturbed,40,4,0.291450,
kicks3,Smooth,perturbed,40,4,0.188826,9.843750
kicks3,Additive,perturbed,40,5,0.144363,
kicks3,Additive+Smooth,perturbed,40,5,0.133785,611.816406
kicks3,Convex only,perturbed,40,5,0.315569,
kicks3,Smooth,perturbed,40,5,0.231003,11.718750
kicks3,Additive,perturbed,40,6,0.119439,
kicks3,Additive+Smooth,perturbed,40,6,0.107570,723.632812
kicks3,Convex only,perturbed,40,6,0.249101,
kicks3,Smooth,perturbed,40,6,0.144238,8.789062
kicks3,Additive,perturbed,40,7,0.152972,
kicks3,Additive+Smooth,perturbed,40,7,0.143860,11.132812
kicks3,Convex only,perturbed,40,7,0.225895,
kicks3,Smooth,perturbed,40,7,0.105574,8.203125
kicks3,Additive,perturbed,40,8,0.136438,
kicks3,Additive+Smooth,perturbed,40,8,0.091756,784.179688
kicks3,Convex only,perturbed,40,8,0.260140,
kicks3,Smooth,perturbed,40,8,0.143680,8.789062
kicks3,Additive,perturbed,40,9,0.120506,
kicks3,Additive+Smooth,perturbed,40,9,0.107860,716.308594
kicks3,Convex only,perturbed,40,9,0.222303,
kicks3,Smooth,perturbed,40,9,0.129511,10.546875
kicks3,Additive,perturbed,40,10,0.137065,
kicks3,Additive+Smooth,perturbed,40,10,0.084247,18.554688
kicks3,Convex only,perturbed,40,10,0.265398,
kicks3,Smooth,perturbed,40,10,0.114948,11.132812
kicks3,Additive,perturbed,40,11,0.131272,
kicks3,Additive+Smooth,perturbed,40,11,0.127876,600.097656
kicks3,Convex only,perturbed,40,11,0.243362,
kicks3,Smooth,perturbed,40,11,0.163504,10.546875
kicks3,Additive,perturbed,40,12,0.137147,
kicks3,Additive+Smooth,perturbed,40,12,0.134834,544.433594
kicks3,Convex only,perturbed,40,12,0.281105,
kicks3,Smooth,perturbed,40,12,0.168957,9.375000
kicks3,Additive,perturbed,40,13,0.158695,
kicks3,Additive+Smooth,perturbed,40,13,0.119106,7.031250
kicks3,Convex only,perturbed,40,13,0.220199,
kicks3,Smooth,perturbed,40,13,0.122674,9.375000
kicks3,Additive,perturbed,40,14,0.121261,
kicks3,Additive+Smooth,perturbed,40,14,0.120097,655.761719
kicks3,Convex only,perturbed,40,14,0.292372,
kicks3,Smooth,perturbed,40,14,0.185571,9.375000
kicks3,Additive,perturbed,40,15,0.119349,
kicks3,Additive+Smooth,perturbed,40,15,0.083763,73.730469
kicks3,Convex only,perturbed,40,15,0.238925,
kicks3,Smooth,perturbed,40,15,0.146157,9.375000
kicks3,Additive,perturbed,40,16,0.132474,
kicks3,Additive+Smooth,perturbed,40,16,0.122771,784.667969
kicks3,Convex only,perturbed,40,16,0.265208,
kicks3,Smooth,perturbed,40,16,0.191698,12.890625
kicks3,Additive,perturbed,40,17,0.141890,
kicks3,Additive+Smooth,perturbed,40,17,0.136216,772.949219
kicks3,Convex only,perturbed,40,17,0.374829,
kicks3,Smooth,perturbed,40,17,0.261397,9.375000
kicks3,Additive,perturbed,40,18,0.123459,
kicks3,Additive+Smooth,perturbed,40,18,0.121685,612.304688
kicks3,Convex only,perturbed,40,18,0.290939,
kicks3,Smooth,perturbed,40,18,0.175025,9.960938
kicks3,Additive,perturbed,40,19,0.130876,
kicks3,Additive+Smooth,perturbed,40,19,0.093876,118.652344
kicks3,Convex only,perturbed,40,19,0.216600,
kicks3,Smooth,perturbed,40,19,0.115901,9.375000
kicks3,Additive,perturbed,60,0,0.135050,
kicks3,Additive+Smooth,perturbed,60,0,0.088785,45.898438
kicks3,Convex only,perturbed,60,0,0.241954,
kicks3,Smooth,perturbed,60,0,0.160128,12.304688
kicks3,Additive,perturbed,60,1,0.119628,
kicks3,Additive+Smooth,perturbed,60,1,0.116176,690.917969
kicks3,Convex only,perturbed,60,1,0.262341,
kicks3,Smooth,perturbed,60,1,0.203192,12.890625
kicks3,Additive,perturbed,60,2,0.110917,
kicks3,Additive+Smooth,perturbed,60,2,0.109100,644.042969
kicks3,Convex only,perturbed,60,2,0.256977,
kicks3,Smooth,perturbed,60,2,0.174833,9.960938
kicks3,Additive,perturbed,60,3,0.131572,
kicks3,Additive+Smooth,perturbed,60,3,0.099220,794.921875
kicks3,Convex only,perturbed,60,3,0.222321,
kicks3,Smooth,perturbed,60,3,0.157157,12.890625
kicks3,Additive,perturbed,60,4,0.116406,
kicks3,Additive+Smooth,perturbed,60,4,0.102363,803.222656
kicks3,Convex only,perturbed,60,4,0.243768,
kicks3,Smooth,perturbed,60,4,0.173545,12.656250
kicks3,Additive,perturbed,60,5,0.140786,
kicks3,Additive+Smooth,perturbed,60,5,0.081241,92.285156
kicks3,Convex only,perturbed,60,5,0.296850,
kicks3,Smooth,perturbed,60,5,0.213212,11.718750
kicks3,Additive,perturbed,60,6,0.110137,
kicks3,Additive+Smooth,perturbed,60,6,0.109403,721.679688
kicks3,Convex only,perturbed,60,6,0.206248,
kicks3,Smooth,perturbed,60,6,0.167037,22.851562
kicks3,Additive,perturbed,60,7,0.146284,
kicks3,Additive+Smooth,perturbed,60,7,0.136147,11.132812
kicks3,Convex only,perturbed,60,7,0.209785,
kicks3,Smooth,perturbed,60,7,0.096136,8.203125
kicks3,Additive,perturbed,60,8,0.129591,
kicks3,Additive+Smooth,perturbed,60,8,0.094448,797.363281
kicks3,Convex only,perturbed,60,8,0.236263,
kicks3,Smooth,perturbed,60,8,0.150643,10.546875
kicks3,Additive,perturbed,60,9,0.113100,
kicks3,Additive+Smooth,perturbed,60,9,0.112817,649.414062
kicks3,Convex only,perturbed,60,9,0.210457,
kicks3,Smooth,perturbed,60,9,0.120059,10.546875
kicks3,Additive,perturbed,60,10,0.140126,
kicks3,Additive+Smooth,perturbed,60,10,0.137910,423.339844
kicks3,Convex only,perturbed,60,10,0.250441,
kicks3,Smooth,perturbed,60,10,0.091685,11.132812
kicks3,Additive,perturbed,60,11,0.131121,
kicks3,Additive+Smooth,perturbed,60,11,0.129184,545.410156
kicks3,Convex only,perturbed,60,11,0.228962,
kicks3,Smooth,perturbed,60,11,0.164260,12.890625
kicks3,Additive,perturbed,60,12,0.128834,
kicks3,Additive+Smooth,perturbed,60,12,0.124593,802.246094
kicks3,Convex only,perturbed,60,12,0.205911,
kicks3,Smooth,perturbed,60,12,0.118497,9.960938
kicks3,Additive,perturbed,60,13,0.134569,
kicks3,Additive+Smooth,perturbed,60,13,0.129632,19.921875
kicks3,Convex only,perturbed,60,13,0.206756,
kicks3,Smooth,perturbed,60,13,0.138956,13.476562
kicks3,Additive,perturbed,60,14,0.113493,
kicks3,Additive+Smooth,perturbed,60,14,0.111266,630.859375
kicks3,Convex only,perturbed,60,14,0.274555,
kicks3,Smooth,perturbed,60,14,0.180130,9.375000
kicks3,Additive,perturbed,60,15,0.108807,
kicks3,Additive+Smooth,perturbed,60,15,0.106542,714.843750
kicks3,Convex only,perturbed,60,15,0.224541,
kicks3,Smooth,perturbed,60,15,0.151195,12.304688
kicks3,Additive,perturbed,60,16,0.123931,
kicks3,Additive+Smooth,perturbed,60,16,0.108093,156.250000
kicks3,Convex only,perturbed,60,16,0.242294,
kicks3,Smooth,perturbed,60,16,0.176738,12.890625
kicks3,Additive,perturbed,60,17,0.129173,
kicks3,Additive+Smooth,perturbed,60,17,0.127330,791.992188
kicks3,Convex only,perturbed,60,17,0.260343,
kicks3,Smooth,perturbed,60,17,0.203005,15.820312
kicks3,Additive,perturbed,60,18,0.130518,
kicks3,Additive+Smooth,perturbed,60,18,0.128824,384.277344
kicks3,Convex only,perturbed,60,18,0.247921,
kicks3,Smooth,perturbed,60,18,0.153959,9.960938
kicks3,Additive,perturbed,60,19,0.129563,
kicks3,Additive+Smooth,perturbed,60,19,0.127759,417.480469
kicks3,Convex only,perturbed,60,19,0.199295,
kicks3,Smooth,perturbed,60,19,0.108722,9.375000
kicks3,Additive,perturbed,80,0,0.135614,
kicks3,Additive+Smooth,perturbed,80,0,0.090892,56.152344
kicks3,Convex only,perturbed,80,0,0.231490,
kicks3,Smooth,perturbed,80,0,0.173297,15.234375
kicks3,Additive,perturbed,80,1,0.118759,
kicks3,Additive+Smooth,perturbed,80,1,0.116640,612.792969
kicks3,Convex only,perturbed,80,1,0.196715,
kicks3,Smooth,perturbed,80,1,0.129685,12.890625
kicks3,Additive,perturbed,80,2,0.110607,
kicks3,Additive+Smooth,perturbed,80,2,0.084430,45.898438
kicks3,Convex only,perturbed,80,2,0.246900,
kicks3,Smooth,perturbed,80,2,0.170557,9.960938
kicks3,Additive,perturbed,80,3,0.142766,
kicks3,Additive+Smooth,perturbed,80,3,0.085941,25.390625
kicks3,Convex only,perturbed,80,3,0.210680,
kicks3,Smooth,perturbed,80,3,0.162446,15.234375
kicks3,Additive,perturbed,80,4,0.107300,
kicks3,Additive+Smooth,perturbed,80,4,0.100216,807.617188
kicks3,Convex only,perturbed,80,4,0.191359,
kicks3,Smooth,perturbed,80,4,0.087057,10.546875
kicks3,Additive,perturbed,80,5,0.122500,
kicks3,Additive+Smooth,perturbed,80,5,0.118830,744.140625
kicks3,Convex only,perturbed,80,5,0.201196,
kicks3,Smooth,perturbed,80,5,0.135165,12.304688
kicks3,Additive,perturbed,80,6,0.111013,
kicks3,Additive+Smooth,perturbed,80,6,0.107695,746.093750
kicks3,Convex only,perturbed,80,6,0.193180,
kicks3,Smooth,perturbed,80,6,0.155141,22.851562
kicks3,Additive,perturbed,80,7,0.134782,
kicks3,Additive+Smooth,perturbed,80,7,0.130937,16.992188
kicks3,Convex only,perturbed,80,7,0.193299,
kicks3,Smooth,perturbed,80,7,0.120606,11.718750
kicks3,Additive,perturbed,80,8,0.119298,
kicks3,Additive+Smooth,perturbed,80,8,0.116574,802.734375
kicks3,Convex only,perturbed,80,8,0.202188,
kicks3,Smooth,perturbed,80,8,0.137453,12.890625
kicks3,Additive,perturbed,80,9,0.124081,
kicks3,Additive+Smooth,perturbed,80,9,0.115925,155.761719
kicks3,Convex only,perturbed,80,9,0.194816,
kicks3,Smooth,perturbed,80,9,0.126452,12.304688
kicks3,Additive,perturbed,80,10,0.132555,
kicks3,Additive+Smooth,perturbed,80,10,0.130085,559.082031
kicks3,Convex only,perturbed,80,10,0.231328,
kicks3,Smooth,perturbed,80,10,0.123280,11.132812
kicks3,Additive,perturbed,80,11,0.130110,
kicks3,Additive+Smooth,perturbed,80,11,0.123786,704.101562
kicks3,Convex only,perturbed,80,11,0.203495,
kicks3,Smooth,perturbed,80,11,0.147325,12.890625
kicks3,Additive,perturbed,80,12,0.112551,
kicks3,Additive+Smooth,perturbed,80,12,0.083309,60.546875
kicks3,Convex only,perturbed,80,12,0.199236,
kicks3,Smooth,perturbed,80,12,0.125550,12.304688
kicks3,Additive,perturbed,80,13,0.122361,
kicks3,Additive+Smooth,perturbed,80,13,0.120388,580.078125
kicks3,Convex only,perturbed,80,13,0.197170,
kicks3,Smooth,perturbed,80,13,0.131325,13.476562
kicks3,Additive,perturbed,80,14,0.122146,
kicks3,Additive+Smooth,perturbed,80,14,0.119584,715.332031
kicks3,Convex only,perturbed,80,14,0.183560,
kicks3,Smooth,perturbed,80,14,0.118164,12.304688
kicks3,Additive,perturbed,80,15,0.112781,
kicks3,Additive+Smooth,perturbed,80,15,0.100276,780.761719
kicks3,Convex only,perturbed,80,15,0.206574,
kicks3,Smooth,perturbed,80,15,0.139339,12.304688
kicks3,Additive,perturbed,80,16,0.130765,
kicks3,Additive+Smooth,perturbed,80,16,0.126616,794.433594
kicks3,Convex only,perturbed,80,16,0.183995,
kicks3,Smooth,perturbed,80,16,0.123968,12.890625
kicks3,Additive,perturbed,80,17,0.124446,
kicks3,Additive+Smooth,perturbed,80,17,0.121161,12.890625
kicks3,Convex only,perturbed,80,17,0.243757,
kicks3,Smooth,perturbed,80,17,0.188661,15.820312
kicks3,Additive,perturbed,80,18,0.126291,
kicks3,Additive+Smooth,perturbed,80,18,0.123227,731.933594
kicks3,Convex only,perturbed,80,18,0.222299,
kicks3,Smooth,perturbed,80,18,0.139258,10.546875
kicks3,Additive,perturbed,80,19,0.119077,
kicks3,Additive+Smooth,perturbed,80,19,0.116344,786.132812
kicks3,Convex only,perturbed,80,19,0.193957,
kicks3,Smooth,perturbed,80,19,0.108994,9.960938
kicks3,Additive,perturbed,100,0,0.119930,
kicks3,Additive+Smooth,perturbed,100,0,0.117426,786.132812
kicks3,Convex only,perturbed,100,0,0.227961,
kicks3,Smooth,perturbed,100,0,0.162869,15.234375
kicks3,Additive,perturbed,100,1,0.118081,
kicks3,Additive+Smooth,perturbed,100,1,0.107413,784.179688
kicks3,Convex only,perturbed,100,1,0.190614,
kicks3,Smooth,perturbed,100,1,0.129654,14.062500
kicks3,Additive,perturbed,100,2,0.108328,
kicks3,Additive+Smooth,perturbed,100,2,0.084172,53.710938
kicks3,Convex only,perturbed,100,2,0.243889,
kicks3,Smooth,perturbed,100,2,0.198397,15.234375
kicks3,Additive,perturbed,100,3,0.134302,
kicks3,Additive+Smooth,perturbed,100,3,0.086776,25.390625
kicks3,Convex only,perturbed,100,3,0.199956,
kicks3,Smooth,perturbed,100,3,0.154513,15.234375
kicks3,Additive,perturbed,100,4,0.118569,
kicks3,Additive+Smooth,perturbed,100,4,0.101782,811.035156
kicks3,Convex only,perturbed,100,4,0.184807,
kicks3,Smooth,perturbed,100,4,0.122748,13.476562
kicks3,Additive,perturbed,100,5,0.124818,
kicks3,Additive+Smooth,perturbed,100,5,0.120496,734.863281
kicks3,Convex only,perturbed,100,5,0.191697,
kicks3,Smooth,perturbed,100,5,0.124832,12.304688
kicks3,Additive,perturbed,100,6,0.116938,
kicks3,Additive+Smooth,perturbed,100,6,0.092749,33.203125
kicks3,Convex only,perturbed,100,6,0.184969,
kicks3,Smooth,perturbed,100,6,0.150070,22.851562
kicks3,Additive,perturbed,100,7,0.119529,
kicks3,Additive+Smooth,perturbed,100,7,0.092653,27.832031
kicks3,Convex only,perturbed,100,7,0.190490,
kicks3,Smooth,perturbed,100,7,0.118011,12.304688
kicks3,Additive,perturbed,100,8,0.114662,
kicks3,Additive+Smooth,perturbed,100,8,0.112876,793.457031
kicks3,Convex only,perturbed,100,8,0.197426,
kicks3,Smooth,perturbed,100,8,0.134805,12.890625
kicks3,Additive,perturbed,100,9,0.118289,
kicks3,Additive+Smooth,perturbed,100,9,0.114967,764.648438
kicks3,Convex only,perturbed,100,9,0.187953,
kicks3,Smooth,perturbed,100,9,0.123305,12.304688
kicks3,Additive,perturbed,100,10,0.122950,
kicks3,Additive+Smooth,perturbed,100,10,0.119610,355.468750
kicks3,Convex only,perturbed,100,10,0.224087,
kicks3,Smooth,perturbed,100,10,0.136256,11.132812
kicks3,Additive,perturbed,100,11,0.127786,
kicks3,Additive+Smooth,perturbed,100,11,0.125581,778.320312
kicks3,Convex only,perturbed,100,11,0.174868,
kicks3,Smooth,perturbed,100,11,0.119280,12.890625
kicks3,Additive,perturbed,100,12,0.121701,
kicks3,Additive+Smooth,perturbed,100,12,0.118445,15.234375
kicks3,Convex only,perturbed,100,12,0.185873,
kicks3,Smooth,perturbed,100,12,0.118423,12.304688
kicks3,Additive,perturbed,100,13,0.120172,
kicks3,Additive+Smooth,perturbed,100,13,0.106053,208.496094
kicks3,Convex only,perturbed,100,13,0.190735,
kicks3,Smooth,perturbed,100,13,0.124427,13.476562
kicks3,Additive,perturbed,100,14,0.119466,
kicks3,Additive+Smooth,perturbed,100,14,0.112666,751.953125
kicks3,Convex only,perturbed,100,14,0.175298,
kicks3,Smooth,perturbed,100,14,0.092951,12.890625
kicks3,Additive,perturbed,100,15,0.112640,
kicks3,Additive+Smooth,perturbed,100,15,0.106370,774.414062
kicks3,Convex only,perturbed,100,15,0.199486,
kicks3,Smooth,perturbed,100,15,0.132429,12.304688
kicks3,Additive,perturbed,100,16,0.113670,
kicks3,Additive+Smooth,perturbed,100,16,0.093600,45.898438
kicks3,Convex only,perturbed,100,16,0.175618,
kicks3,Smooth,perturbed,100,16,0.114564,12.890625
kicks3,Additive,perturbed,100,17,0.121890,
kicks3,Additive+Smooth,perturbed,100,17,0.119257,798.339844
kicks3,Convex only,perturbed,100,17,0.225910,
kicks3,Smooth,perturbed,100,17,0.171973,15.820312
kicks3,Additive,perturbed,100,18,0.121080,
kicks3,Additive+Smooth,perturbed,100,18,0.105554,788.085938
kicks3,Convex only,perturbed,100,18,0.211336,
kicks3,Smooth,perturbed,100,18,0.132184,10.546875
kicks3,Additive,perturbed,100,19,0.125665,
kicks3,Additive+Smooth,perturbed,100,19,0.115896,9.960938
kicks3,Convex only,perturbed,100,19,0.181838,
kicks3,Smooth,perturbed,100,19,0.106203,10.546875
kicks3,Additive,perturbed,120,0,0.124743,
kicks3,Additive+Smooth,perturbed,120,0,0.121487,739.257812
kicks3,Convex only,perturbed,120,0,0.197983,
kicks3,Smooth,perturbed,120,0,0.143619,15.234375
kicks3,Additive,perturbed,120,1,0.118116,
kicks3,Additive+Smooth,perturbed,120,1,0.112148,799.804688
kicks3,Convex only,perturbed,120,1,0.173845,
kicks3,Smooth,perturbed,120,1,0.119019,14.062500
kicks3,Additive,perturbed,120,2,0.108673,
kicks3,Additive+Smooth,perturbed,120,2,0.106074,793.945312
kicks3,Convex only,perturbed,120,2,0.214939,
kicks3,Smooth,perturbed,120,2,0.162156,15.234375
kicks3,Additive,perturbed,120,3,0.119204,
kicks3,Additive+Smooth,perturbed,120,3,0.088525,25.390625
kicks3,Convex only,perturbed,120,3,0.195577,
kicks3,Smooth,perturbed,120,3,0.138736,15.234375
kicks3,Additive,perturbed,120,4,0.155164,
kicks3,Additive+Smooth,perturbed,120,4,0.114278,203.125000
kicks3,Convex only,perturbed,120,4,0.174805,
kicks3,Smooth,perturbed,120,4,0.113263,13.476562
kicks3,Additive,perturbed,120,5,0.129385,
kicks3,Additive+Smooth,perturbed,120,5,0.125083,749.511719
kicks3,Convex only,perturbed,120,5,0.186137,
kicks3,Smooth,perturbed,120,5,0.123207,12.304688
kicks3,Additive,perturbed,120,6,0.109059,
kicks3,Additive+Smooth,perturbed,120,6,0.105756,723.632812
kicks3,Convex only,perturbed,120,6,0.177433,
kicks3,Smooth,perturbed,120,6,0.145346,22.851562
kicks3,Additive,perturbed,120,7,0.122614,
kicks3,Additive+Smooth,perturbed,120,7,0.120571,779.785156
kicks3,Convex only,perturbed,120,7,0.181021,
kicks3,Smooth,perturbed,120,7,0.110622,12.304688
kicks3,Additive,perturbed,120,8,0.110082,
kicks3,Additive+Smooth,perturbed,120,8,0.107304,782.226562
kicks3,Convex only,perturbed,120,8,0.189712,
kicks3,Smooth,perturbed,120,8,0.124325,12.890625
kicks3,Additive,perturbed,120,9,0.113007,
kicks3,Additive+Smooth,perturbed,120,9,0.107763,795.410156
kicks3,Convex only,perturbed,120,9,0.180483,
kicks3,Smooth,perturbed,120,9,0.130807,16.992188
kicks3,Additive,perturbed,120,10,0.122299,
kicks3,Additive+Smooth,perturbed,120,10,0.119332,771.484375
kicks3,Convex only,perturbed,120,10,0.219196,
kicks3,Smooth,perturbed,120,10,0.166814,14.648438
kicks3,Additive,perturbed,120,11,0.122349,
kicks3,Additive+Smooth,perturbed,120,11,0.120210,770.996094
kicks3,Convex only,perturbed,120,11,0.167923,
kicks3,Smooth,perturbed,120,11,0.114644,12.890625
kicks3,Additive,perturbed,120,12,0.120841,
kicks3,Additive+Smooth,perturbed,120,12,0.118694,609.375000
kicks3,Convex only,perturbed,120,12,0.172246,
kicks3,Smooth,perturbed,120,12,0.110920,12.304688
kicks3,Additive,perturbed,120,13,0.120325,
kicks3,Additive+Smooth,perturbed,120,13,0.112725,208.496094
kicks3,Convex only,perturbed,120,13,0.176909,
kicks3,Smooth,perturbed,120,13,0.115975,13.476562
kicks3,Additive,perturbed,120,14,0.118817,
kicks3,Additive+Smooth,perturbed,120,14,0.113467,772.949219
kicks3,Convex only,perturbed,120,14,0.171664,
kicks3,Smooth,perturbed,120,14,0.122330,15.468750
kicks3,Additive,perturbed,120,15,0.113130,
kicks3,Additive+Smooth,perturbed,120,15,0.107248,783.691406
kicks3,Convex only,perturbed,120,15,0.197168,
kicks3,Smooth,perturbed,120,15,0.131143,12.304688
kicks3,Additive,perturbed,120,16,0.110763,
kicks3,Additive+Smooth,perturbed,120,16,0.100086,706.542969
kicks3,Convex only,perturbed,120,16,0.166975,
kicks3,Smooth,perturbed,120,16,0.107246,12.890625
kicks3,Additive,perturbed,120,17,0.117405,
kicks3,Additive+Smooth,perturbed,120,17,0.115576,771.484375
kicks3,Convex only,perturbed,120,17,0.214843,
kicks3,Smooth,perturbed,120,17,0.160893,15.820312
kicks3,Additive,perturbed,120,18,0.129416,
kicks3,Additive+Smooth,perturbed,120,18,0.089952,13.183594
kicks3,Convex only,perturbed,120,18,0.208111,
kicks3,Smooth,perturbed,120,18,0.150145,13.476562
kicks3,Additive,perturbed,120,19,0.122525,
kicks3,Additive+Smooth,perturbed,120,19,0.114424,9.960938
kicks3,Convex only,perturbed,120,19,0.176436,
kicks3,Smooth,perturbed,120,19,0.108773,11.718750
kicks3,Additive,perturbed,140,0,0.115105,
kicks3,Additive+Smooth,perturbed,140,0,0.112157,752.929688
kicks3,Convex only,perturbed,140,0,0.187685,
kicks3,Smooth,perturbed,140,0,0.138299,15.234375
kicks3,Additive,perturbed,140,1,0.120075,
kicks3,Additive+Smooth,perturbed,140,1,0.115957,800.781250
kicks3,Convex only,perturbed,140,1,0.167234,
kicks3,Smooth,perturbed,140,1,0.114481,14.062500
kicks3,Additive,perturbed,140,2,0.110385,
kicks3,Additive+Smooth,perturbed,140,2,0.102289,816.894531
kicks3,Convex only,perturbed,140,2,0.202572,
kicks3,Smooth,perturbed,140,2,0.148055,15.234375
kicks3,Additive,perturbed,140,3,0.115187,
kicks3,Additive+Smooth,perturbed,140,3,0.087799,12.695312
kicks3,Convex only,perturbed,140,3,0.192351,
kicks3,Smooth,perturbed,140,3,0.136043,15.234375
kicks3,Additive,perturbed,140,4,0.152489,
kicks3,Additive+Smooth,perturbed,140,4,0.114889,205.078125
kicks3,Convex only,perturbed,140,4,0.166342,
kicks3,Smooth,perturbed,140,4,0.108901,13.476562
kicks3,Additive,perturbed,140,5,0.126386,
kicks3,Additive+Smooth,perturbed,140,5,0.124020,708.007812
kicks3,Convex only,perturbed,140,5,0.179535,
kicks3,Smooth,perturbed,140,5,0.121017,12.304688
kicks3,Additive,perturbed,140,6,0.107731,
kicks3,Additive+Smooth,perturbed,140,6,0.103437,812.500000
kicks3,Convex only,perturbed,140,6,0.172021,
kicks3,Smooth,perturbed,140,6,0.135952,22.851562
kicks3,Additive,perturbed,140,7,0.121919,
kicks3,Additive+Smooth,perturbed,140,7,0.118994,570.312500
kicks3,Convex only,perturbed,140,7,0.175061,
kicks3,Smooth,perturbed,140,7,0.106849,12.304688
kicks3,Additive,perturbed,140,8,0.109220,
kicks3,Additive+Smooth,perturbed,140,8,0.106756,785.644531
kicks3,Convex only,perturbed,140,8,0.187025,
kicks3,Smooth,perturbed,140,8,0.122777,12.890625
kicks3,Additive,perturbed,140,9,0.117339,
kicks3,Additive+Smooth,perturbed,140,9,0.107046,803.222656
kicks3,Convex only,perturbed,140,9,0.170160,
kicks3,Smooth,perturbed,140,9,0.127231,16.992188
kicks3,Additive,perturbed,140,10,0.137041,
kicks3,Additive+Smooth,perturbed,140,10,0.100886,99.121094
kicks3,Convex only,perturbed,140,10,0.214513,
kicks3,Smooth,perturbed,140,10,0.162499,14.648438
kicks3,Additive,perturbed,140,11,0.111571,
kicks3,Additive+Smooth,perturbed,140,11,0.109475,780.273438
kicks3,Convex only,perturbed,140,11,0.168133,
kicks3,Smooth,perturbed,140,11,0.127519,16.992188
kicks3,Additive,perturbed,140,12,0.113869,
kicks3,Additive+Smooth,perturbed,140,12,0.111675,761.718750
kicks3,Convex only,perturbed,140,12,0.168888,
kicks3,Smooth,perturbed,140,12,0.108642,12.890625
kicks3,Additive,perturbed,140,13,0.115780,
kicks3,Additive+Smooth,perturbed,140,13,0.096072,817.871094
kicks3,Convex only,perturbed,140,13,0.174410,
kicks3,Smooth,perturbed,140,13,0.118017,14.648438
kicks3,Additive,perturbed,140,14,0.119673,
kicks3,Additive+Smooth,perturbed,140,14,0.113922,774.414062
kicks3,Convex only,perturbed,140,14,0.165829,
kicks3,Smooth,perturbed,140,14,0.119953,15.468750
kicks3,Additive,perturbed,140,15,0.113904,
kicks3,Additive+Smooth,perturbed,140,15,0.104025,812.988281
kicks3,Convex only,perturbed,140,15,0.191861,
kicks3,Smooth,perturbed,140,15,0.125163,12.304688
kicks3,Additive,perturbed,140,16,0.114614,
kicks3,Additive+Smooth,perturbed,140,16,0.092508,55.664062
kicks3,Convex only,perturbed,140,16,0.166071,
kicks3,Smooth,perturbed,140,16,0.106057,12.890625
kicks3,Additive,perturbed,140,17,0.112551,
kicks3,Additive+Smooth,perturbed,140,17,0.106657,797.851562
kicks3,Convex only,perturbed,140,17,0.190518,
kicks3,Smooth,perturbed,140,17,0.146567,15.820312
kicks3,Additive,perturbed,140,18,0.126366,
kicks3,Additive+Smooth,perturbed,140,18,0.089420,13.183594
kicks3,Convex only,perturbed,140,18,0.185073,
kicks3,Smooth,perturbed,140,18,0.136865,15.234375
kicks3,Additive,perturbed,140,19,0.109324,
kicks3,Additive+Smooth,perturbed,140,19,0.107273,728.515625
kicks3,Convex only,perturbed,140,19,0.162461,
kicks3,Smooth,perturbed,140,19,0.108379,12.890625
kicks3,Additive,perturbed,160,0,0.109100,
kicks3,Additive+Smooth,perturbed,160,0,0.108474,785.156250
kicks3,Convex only,perturbed,160,0,0.184947,
kicks3,Smooth,perturbed,160,0,0.134405,15.234375
kicks3,Additive,perturbed,160,1,0.110866,
kicks3,Additive+Smooth,perturbed,160,1,0.106747,815.429688
kicks3,Convex only,perturbed,160,1,0.163216,
kicks3,Smooth,perturbed,160,1,0.113729,14.062500
kicks3,Additive,perturbed,180,0,0.137921,
kicks3,Additive+Smooth,perturbed,180,0,0.105345,201.660156
kicks3,Convex only,perturbed,180,0,0.167618,
kicks3,Smooth,perturbed,180,0,0.117836,15.234375
kicks3,Additive,perturbed,180,1,0.112120,
kicks3,Additive+Smooth,perturbed,180,1,0.106119,812.988281
kicks3,Convex only,perturbed,180,1,0.160696,
kicks3,Smooth,perturbed,180,1,0.111445,14.062500
kicks3,Additive,perturbed,200,0,0.136928,
kicks3,Additive+Smooth,perturbed,200,0,0.108478,204.101562
kicks3,Convex only,perturbed,200,0,0.161195,
kicks3,Smooth,perturbed,200,0,0.112742,15.234375
kicks3,Additive,perturbed,200,1,0.110612,
kicks3,Additive+Smooth,perturbed,200,1,0.108128,815.917969
kicks3,Convex only,perturbed,200,1,0.156333,
kicks3,Smooth,perturbed,200,1,0.111073,15.234375
smooth,Additive,not-perturbed,20,0,0.110244,
smooth,Additive+Smooth,not-perturbed,20,0,0.093267,8.789062
smooth,Convex only,not-perturbed,20,0,0.269543,
smooth,Smooth,not-perturbed,20,0,0.105870,7.031250
smooth,Additive,not-perturbed,20,1,0.096893,
smooth,Additive+Smooth,not-perturbed,20,1,0.071387,8.789062
smooth,Convex only,not-perturbed,20,1,0.250225,
smooth,Smooth,not-perturbed,20,1,0.099330,7.031250
smooth,Additive,not-perturbed,20,2,0.091629,
smooth,Additive+Smooth,not-perturbed,20,2,0.069097,8.789062
smooth,Convex only,not-perturbed,20,2,0.258824,
smooth,Smooth,not-perturbed,20,2,0.113124,7.617188
smooth,Additive,not-perturbed,20,3,0.121031,
smooth,Additive+Smooth,not-perturbed,20,3,0.098400,8.789062
smooth,Convex only,not-perturbed,20,3,0.281147,
smooth,Smooth,not-perturbed,20,3,0.122953,6.445312
smooth,Additive,not-perturbed,20,4,0.125163,
smooth,Additive+Smooth,not-perturbed,20,4,0.102013,8.789062
smooth,Convex only,not-perturbed,20,4,0.452514,
smooth,Smooth,not-perturbed,20,4,0.269406,6.445312
smooth,Additive,not-perturbed,20,5,0.079776,
smooth,Additive+Smooth,not-perturbed,20,5,0.060680,9.375000
smooth,Convex only,not-perturbed,20,5,0.240877,
smooth,Smooth,not-perturbed,20,5,0.104623,7.617188
smooth,Additive,not-perturbed,20,6,0.095454,
smooth,Additive+Smooth,not-perturbed,20,6,0.072419,8.789062
smooth,Convex only,not-perturbed,20,6,0.278598,
smooth,Smooth,not-perturbed,20,6,0.138002,7.617188
smooth,Additive,not-perturbed,20,7,0.105710,
smooth,Additive+Smooth,not-perturbed,20,7,0.085383,8.789062
smooth,Convex only,not-perturbed,20,7,0.244724,
smooth,Smooth,not-perturbed,20,7,0.101131,7.031250
smooth,Additive,not-perturbed,20,8,0.162633,
smooth,Additive+Smooth,not-perturbed,20,8,0.144571,8.789062
smooth,Convex only,not-perturbed,20,8,0.257580,
smooth,Smooth,not-perturbed,20,8,0.093887,7.031250
smooth,Additive,not-perturbed,20,9,0.153988,
smooth,Additive+Smooth,not-perturbed,20,9,0.139287,8.789062
smooth,Convex only,not-perturbed,20,9,0.314233,
smooth,Smooth,not-perturbed,20,9,0.157846,6.445312
smooth,Additive,not-perturbed,20,10,0.157643,
smooth,Additive+Smooth,not-perturbed,20,10,0.139027,8.789062
smooth,Convex only,not-perturbed,20,10,0.281850,
smooth,Smooth,not-perturbed,20,10,0.147516,7.617188
smooth,Additive,not-perturbed,20,11,0.104570,
smooth,Additive+Smooth,not-perturbed,20,11,0.080930,8.789062
smooth,Convex only,not-perturbed,20,11,0.247437,
smooth,Smooth,not-perturbed,20,11,0.092361,7.031250
smooth,Additive,not-perturbed,20,12,0.096988,
smooth,Additive+Smooth,not-perturbed,20,12,0.077682,8.789062
smooth,Convex only,not-perturbed,20,12,0.333261,
smooth,Smooth,not-perturbed,20,12,0.160864,6.445312
smooth,Additive,not-perturbed,20,13,0.098845,
smooth,Additive+Smooth,not-perturbed,20,13,0.077973,8.789062
smooth,Convex only,not-perturbed,20,13,0.253571,
smooth,Smooth,not-perturbed,20,13,0.099431,7.031250
smooth,Additive,not-perturbed,20,14,0.114409,
smooth,Additive+Smooth,not-perturbed,20,14,0.094187,8.789062
smooth,Convex only,not-perturbed,20,14,0.255570,
smooth,Smooth,not-perturbed,20,14,0.099638,7.031250
smooth,Additive,not-perturbed,20,15,0.109578,
smooth,Additive+Smooth,not-perturbed,20,15,0.089877,8.789062
smooth,Convex only,not-perturbed,20,15,0.276187,
smooth,Smooth,not-perturbed,20,15,0.120655,7.031250
smooth,Additive,not-perturbed,20,16,0.117288,
smooth,Additive+Smooth,not-perturbed,20,16,0.099082,8.789062
smooth,Convex only,not-perturbed,20,16,0.275842,
smooth,Smooth,not-perturbed,20,16,0.114826,6.445312
smooth,Additive,not-perturbed,20,17,0.132518,
smooth,Additive+Smooth,not-perturbed,20,17,0.111771,8.789062
smooth,Convex only,not-perturbed,20,17,0.255740,
smooth,Smooth,not-perturbed,20,17,0.082882,6.445312
smooth,Additive,not-perturbed,20,18,0.094361,
smooth,Additive+Smooth,not-perturbed,20,18,0.071329,8.789062
smooth,Convex only,not-perturbed,20,18,0.235695,
smooth,Smooth,not-perturbed,20,18,0.077459,6.445312
smooth,Additive,not-perturbed,20,19,0.106894,
smooth,Additive+Smooth,not-perturbed,20,19,0.087640,8.789062
smooth,Convex only,not-perturbed,20,19,0.241718,
smooth,Smooth,not-perturbed,20,19,0.105113,7.617188
smooth,Additive,not-perturbed,40,0,0.062958,
smooth,Additive+Smooth,not-perturbed,40,0,0.053634,9.375000
smooth,Convex only,not-perturbed,40,0,0.239254,
smooth,Smooth,not-perturbed,40,0,0.094240,7.031250
smooth,Additive,not-perturbed,40,1,0.069168,
smooth,Additive+Smooth,not-perturbed,40,1,0.058229,9.375000
smooth,Convex only,not-perturbed,40,1,0.207001,
smooth,Smooth,not-perturbed,40,1,0.093410,7.617188
smooth,Additive,not-perturbed,40,2,0.039088,
smooth,Additive+Smooth,not-perturbed,40,2,0.028739,9.375000
smooth,Convex only,not-perturbed,40,2,0.218971,
smooth,Smooth,not-perturbed,40,2,0.101005,8.203125
smooth,Additive,not-perturbed,40,3,0.074939,
smooth,Additive+Smooth,not-perturbed,40,3,0.063790,9.375000
smooth,Convex only,not-perturbed,40,3,0.231729,
smooth,Smooth,not-perturbed,40,3,0.110393,7.617188
smooth,Additive,not-perturbed,40,4,0.051186,
smooth,Additive+Smooth,not-perturbed,40,4,0.038232,9.375000
smooth,Convex only,not-perturbed,40,4,0.269954,
smooth,Smooth,not-perturbed,40,4,0.125602,7.031250
smooth,Additive,not-perturbed,40,5,0.036890,
smooth,Additive+Smooth,not-perturbed,40,5,0.025501,9.375000
smooth,Convex only,not-perturbed,40,5,0.201583,
smooth,Smooth,not-perturbed,40,5,0.083667,7.617188
smooth,Additive,not-perturbed,40,6,0.072887,
smooth,Additive+Smooth,not-perturbed,40,6,0.060936,9.375000
smooth,Convex only,not-perturbed,40,6,0.222708,
smooth,Smooth,not-perturbed,40,6,0.097755,7.617188
smooth,Additive,not-perturbed,40,7,0.059341,
smooth,Additive+Smooth,not-perturbed,40,7,0.050435,9.375000
smooth,Convex only,not-perturbed,40,7,0.208958,
smooth,Smooth,not-perturbed,40,7,0.098387,7.617188
smooth,Additive,not-perturbed,40,8,0.078354,
smooth,Additive+Smooth,not-perturbed,40,8,0.068638,8.203125
smooth,Convex only,not-perturbed,40,8,0.217195,
smooth,Smooth,not-perturbed,40,8,0.082916,7.031250
smooth,Additive,not-perturbed,40,9,0.082588,
smooth,Additive+Smooth,not-perturbed,40,9,0.073585,9.375000
smooth,Convex only,not-perturbed,40,9,0.212299,
smooth,Smooth,not-perturbed,40,9,0.088416,7.617188
smooth,Additive,not-perturbed,40,10,0.057014,
smooth,Additive+Smooth,not-perturbed,40,10,0.045049,9.375000
smooth,Convex only,not-perturbed,40,10,0.216554,
smooth,Smooth,not-perturbed,40,10,0.094391,7.617188
smooth,Additive,not-perturbed,40,11,0.065952,
smooth,Additive+Smooth,not-perturbed,40,11,0.055607,9.375000
smooth,Convex only,not-perturbed,40,11,0.206760,
smooth,Smooth,not-perturbed,40,11,0.090412,7.617188
smooth,Additive,not-perturbed,40,12,0.059651,
smooth,Additive+Smooth,not-perturbed,40,12,0.049612,8.789062
smooth,Convex only,not-perturbed,40,12,0.221257,
smooth,Smooth,not-perturbed,40,12,0.074168,7.031250
smooth,Additive,not-perturbed,40,13,0.068249,
smooth,Additive+Smooth,not-perturbed,40,13,0.058598,9.375000
smooth,Convex only,not-perturbed,40,13,0.219791,
smooth,Smooth,not-perturbed,40,13,0.092812,7.617188
smooth,Additive,not-perturbed,40,14,0.071215,
smooth,Additive+Smooth,not-perturbed,40,14,0.059827,9.375000
smooth,Convex only,not-perturbed,40,14,0.223670,
smooth,Smooth,not-perturbed,40,14,0.102018,7.617188
smooth,Additive,not-perturbed,40,15,0.061006,
smooth,Additive+Smooth,not-perturbed,40,15,0.048920,8.789062
smooth,Convex only,not-perturbed,40,15,0.220775,
smooth,Smooth,not-perturbed,40,15,0.086654,7.031250
smooth,Additive,not-perturbed,40,16,0.076607,
smooth,Additive+Smooth,not-perturbed,40,16,0.065445,9.375000
smooth,Convex only,not-perturbed,40,16,0.210480,
smooth,Smooth,not-perturbed,40,16,0.086166,7.617188
smooth,Additive,not-perturbed,40,17,0.062337,
smooth,Additive+Smooth,not-perturbed,40,17,0.051269,9.375000
smooth,Convex only,not-perturbed,40,17,0.224023,
smooth,Smooth,not-perturbed,40,17,0.083042,7.031250
smooth,Additive,not-perturbed,40,18,0.064276,
smooth,Additive+Smooth,not-perturbed,40,18,0.053162,9.375000
smooth,Convex only,not-perturbed,40,18,0.214427,
smooth,Smooth,not-perturbed,40,18,0.089174,7.617188
smooth,Additive,not-perturbed,40,19,0.067011,
smooth,Additive+Smooth,not-perturbed,40,19,0.056905,9.375000
smooth,Convex only,not-perturbed,40,19,0.214762,
smooth,Smooth,not-perturbed,40,19,0.073356,7.617188
smooth,Additive,not-perturbed,60,0,0.054951,
smooth,Additive+Smooth,not-perturbed,60,0,0.048275,9.375000
smooth,Convex only,not-perturbed,60,0,0.216453,
smooth,Smooth,not-perturbed,60,0,0.085649,7.031250
smooth,Additive,not-perturbed,60,1,0.041121,
smooth,Additive+Smooth,not-perturbed,60,1,0.034419,9.375000
smooth,Convex only,not-perturbed,60,1,0.187696,
smooth,Smooth,not-perturbed,60,1,0.091622,8.203125
smooth,Additive,not-perturbed,60,2,0.031543,
smooth,Additive+Smooth,not-perturbed,60,2,0.024104,9.375000
smooth,Convex only,not-perturbed,60,2,0.195234,
smooth,Smooth,not-perturbed,60,2,0.091971,8.203125
smooth,Additive,not-perturbed,60,3,0.050946,
smooth,Additive+Smooth,not-perturbed,60,3,0.045008,9.375000
smooth,Convex only,not-perturbed,60,3,0.225554,
smooth,Smooth,not-perturbed,60,3,0.113329,8.203125
smooth,Additive,not-perturbed,60,4,0.040403,
smooth,Additive+Smooth,not-perturbed,60,4,0.032699,9.375000
smooth,Convex only,not-perturbed,60,4,0.234375,
smooth,Smooth,not-perturbed,60,4,0.054018,7.031250
smooth,Additive,not-perturbed,60,5,0.027343,
smooth,Additive+Smooth,not-perturbed,60,5,0.019205,9.375000
smooth,Convex only,not-perturbed,60,5,0.184380,
smooth,Smooth,not-perturbed,60,5,0.089680,8.203125
smooth,Additive,not-perturbed,60,6,0.052383,
smooth,Additive+Smooth,not-perturbed,60,6,0.044962,9.375000
smooth,Convex only,not-perturbed,60,6,0.204720,
smooth,Smooth,not-perturbed,60,6,0.101436,8.203125
smooth,Additive,not-perturbed,60,7,0.051991,
smooth,Additive+Smooth,not-perturbed,60,7,0.045858,9.375000
smooth,Convex only,not-perturbed,60,7,0.192054,
smooth,Smooth,not-perturbed,60,7,0.084891,7.617188
smooth,Additive,not-perturbed,60,8,0.066699,
smooth,Additive+Smooth,not-perturbed,60,8,0.060045,9.375000
smooth,Convex only,not-perturbed,60,8,0.199794,
smooth,Smooth,not-perturbed,60,8,0.092897,8.203125
smooth,Additive,not-perturbed,60,9,0.037828,
smooth,Additive+Smooth,not-perturbed,60,9,0.030175,9.375000
smooth,Convex only,not-perturbed,60,9,0.197552,
smooth,Smooth,not-perturbed,60,9,0.091680,8.203125
smooth,Additive,not-perturbed,60,10,0.045371,
smooth,Additive+Smooth,not-perturbed,60,10,0.037720,9.375000
smooth,Convex only,not-perturbed,60,10,0.198309,
smooth,Smooth,not-perturbed,60,10,0.085720,7.617188
smooth,Additive,not-perturbed,60,11,0.047964,
smooth,Additive+Smooth,not-perturbed,60,11,0.041729,9.375000
smooth,Convex only,not-perturbed,60,11,0.190087,
smooth,Smooth,not-perturbed,60,11,0.093258,8.203125
smooth,Additive,not-perturbed,60,12,0.047143,
smooth,Additive+Smooth,not-perturbed,60,12,0.043307,7.617188
smooth,Convex only,not-perturbed,60,12,0.196793,
smooth,Smooth,not-perturbed,60,12,0.079659,7.617188
smooth,Additive,not-perturbed,60,13,0.046953,
smooth,Additive+Smooth,not-perturbed,60,13,0.039825,9.375000
smooth,Convex only,not-perturbed,60,13,0.199336,
smooth,Smooth,not-perturbed,60,13,0.085151,7.617188
smooth,Additive,not-perturbed,60,14,0.056384,
smooth,Additive+Smooth,not-perturbed,60,14,0.049144,9.375000
smooth,Convex only,not-perturbed,60,14,0.200516,
smooth,Smooth,not-perturbed,60,14,0.098980,8.203125
smooth,Additive,not-perturbed,60,15,0.037936,
smooth,Additive+Smooth,not-perturbed,60,15,0.030212,9.375000
smooth,Convex only,not-perturbed,60,15,0.211303,
smooth,Smooth,not-perturbed,60,15,0.094195,7.617188
smooth,Additive,not-perturbed,60,16,0.055663,
smooth,Additive+Smooth,not-perturbed,60,16,0.048506,9.375000
smooth,Convex only,not-perturbed,60,16,0.192637,
smooth,Smooth,not-perturbed,60,16,0.080562,7.617188
smooth,Additive,not-perturbed,60,17,0.049548,
smooth,Additive+Smooth,not-perturbed,60,17,0.042825,9.375000
smooth,Convex only,not-perturbed,60,17,0.194897,
smooth,Smooth,not-perturbed,60,17,0.095359,8.789062
smooth,Additive,not-perturbed,60,18,0.049387,
smooth,Additive+Smooth,not-perturbed,60,18,0.042238,9.375000
smooth,Convex only,not-perturbed,60,18,0.190996,
smooth,Smooth,not-perturbed,60,18,0.089940,8.203125
smooth,Additive,not-perturbed,60,19,0.052017,
smooth,Additive+Smooth,not-perturbed,60,19,0.045067,9.375000
smooth,Convex only,not-perturbed,60,19,0.198545,
smooth,Smooth,not-perturbed,60,19,0.066648,7.617188
smooth,Additive,not-perturbed,80,0,0.034081,
smooth,Additive+Smooth,not-perturbed,80,0,0.028923,9.375000
smooth,Convex only,not-perturbed,80,0,0.193273,
smooth,Smooth,not-perturbed,80,0,0.087017,8.203125
smooth,Additive,not-perturbed,80,1,0.036870,
smooth,Additive+Smooth,not-perturbed,80,1,0.031799,9.375000
smooth,Convex only,not-perturbed,80,1,0.178185,
smooth,Smooth,not-perturbed,80,1,0.085870,8.203125
smooth,Additive,not-perturbed,80,2,0.018430,
smooth,Additive+Smooth,not-perturbed,80,2,0.013257,9.375000
smooth,Convex only,not-perturbed,80,2,0.192994,
smooth,Smooth,not-perturbed,80,2,0.085917,8.203125
smooth,Additive,not-perturbed,80,3,0.030485,
smooth,Additive+Smooth,not-perturbed,80,3,0.025335,8.789062
smooth,Convex only,not-perturbed,80,3,0.202043,
smooth,Smooth,not-perturbed,80,3,0.103462,8.203125
smooth,Additive,not-perturbed,80,4,0.034797,
smooth,Additive+Smooth,not-perturbed,80,4,0.029587,8.789062
smooth,Convex only,not-perturbed,80,4,0.186574,
smooth,Smooth,not-perturbed,80,4,0.076342,7.617188
smooth,Additive,not-perturbed,80,5,0.022197,
smooth,Additive+Smooth,not-perturbed,80,5,0.016553,9.375000
smooth,Convex only,not-perturbed,80,5,0.181055,
smooth,Smooth,not-perturbed,80,5,0.087031,8.203125
smooth,Additive,not-perturbed,80,6,0.045571,
smooth,Additive+Smooth,not-perturbed,80,6,0.039989,9.375000
smooth,Convex only,not-perturbed,80,6,0.186602,
smooth,Smooth,not-perturbed,80,6,0.089766,8.203125
smooth,Additive,not-perturbed,80,7,0.031083,
smooth,Additive+Smooth,not-perturbed,80,7,0.026686,8.203125
smooth,Convex only,not-perturbed,80,7,0.185085,
smooth,Smooth,not-perturbed,80,7,0.080457,7.617188
smooth,Additive,not-perturbed,80,8,0.057854,
smooth,Additive+Smooth,not-perturbed,80,8,0.053219,9.375000
smooth,Convex only,not-perturbed,80,8,0.183678,
smooth,Smooth,not-perturbed,80,8,0.084478,8.203125
smooth,Additive,not-perturbed,80,9,0.021373,
smooth,Additive+Smooth,not-perturbed,80,9,0.015468,9.375000
smooth,Convex only,not-perturbed,80,9,0.180785,
smooth,Smooth,not-perturbed,80,9,0.084790,8.203125
smooth,Additive,not-perturbed,80,10,0.037889,
smooth,Additive+Smooth,not-perturbed,80,10,0.032086,9.375000
smooth,Convex only,not-perturbed,80,10,0.186178,
smooth,Smooth,not-perturbed,80,10,0.085008,8.203125
smooth,Additive,not-perturbed,80,11,0.038353,
smooth,Additive+Smooth,not-perturbed,80,11,0.033416,9.375000
smooth,Convex only,not-perturbed,80,11,0.181844,
smooth,Smooth,not-perturbed,80,11,0.087044,8.203125
smooth,Additive,not-perturbed,80,12,0.032975,
smooth,Additive+Smooth,not-perturbed,80,12,0.023959,8.203125
smooth,Convex only,not-perturbed,80,12,0.192411,
smooth,Smooth,not-perturbed,80,12,0.083234,8.203125
smooth,Additive,not-perturbed,80,13,0.036393,
smooth,Additive+Smooth,not-perturbed,80,13,0.031081,9.375000
smooth,Convex only,not-perturbed,80,13,0.189281,
smooth,Smooth,not-perturbed,80,13,0.076720,7.617188
smooth,Additive,not-perturbed,80,14,0.050606,
smooth,Additive+Smooth,not-perturbed,80,14,0.045660,9.375000
smooth,Convex only,not-perturbed,80,14,0.196793,
smooth,Smooth,not-perturbed,80,14,0.094329,8.203125
smooth,Additive,not-perturbed,80,15,0.030856,
smooth,Additive+Smooth,not-perturbed,80,15,0.024932,9.375000
smooth,Convex only,not-perturbed,80,15,0.197407,
smooth,Smooth,not-perturbed,80,15,0.086658,7.617188
smooth,Additive,not-perturbed,80,16,0.051311,
smooth,Additive+Smooth,not-perturbed,80,16,0.046195,9.375000
smooth,Convex only,not-perturbed,80,16,0.179368,
smooth,Smooth,not-perturbed,80,16,0.084330,8.203125
smooth,Additive,not-perturbed,80,17,0.037515,
smooth,Additive+Smooth,not-perturbed,80,17,0.032263,9.375000
smooth,Convex only,not-perturbed,80,17,0.199055,
smooth,Smooth,not-perturbed,80,17,0.092958,8.789062
smooth,Additive,not-perturbed,80,18,0.025067,
smooth,Additive+Smooth,not-perturbed,80,18,0.019603,9.375000
smooth,Convex only,not-perturbed,80,18,0.181283,
smooth,Smooth,not-perturbed,80,18,0.085323,8.203125
smooth,Additive,not-perturbed,80,19,0.032829,
smooth,Additive+Smooth,not-perturbed,80,19,0.028481,8.203125
smooth,Convex only,not-perturbed,80,19,0.189824,
smooth,Smooth,not-perturbed,80,19,0.064524,7.617188
smooth,Additive,not-perturbed,100,0,0.030354,
smooth,Additive+Smooth,not-perturbed,100,0,0.026093,9.375000
smooth,Convex only,not-perturbed,100,0,0.184512,
smooth,Smooth,not-perturbed,100,0,0.083426,8.203125
smooth,Additive,not-perturbed,100,1,0.034948,
smooth,Additive+Smooth,not-perturbed,100,1,0.030649,9.375000
smooth,Convex only,not-perturbed,100,1,0.171384,
smooth,Smooth,not-perturbed,100,1,0.086106,8.789062
smooth,Additive,not-perturbed,100,2,0.014662,
smooth,Additive+Smooth,not-perturbed,100,2,0.004096,8.300781
smooth,Convex only,not-perturbed,100,2,0.177696,
smooth,Smooth,not-perturbed,100,2,0.078790,8.203125
smooth,Additive,not-perturbed,100,3,0.019061,
smooth,Additive+Smooth,not-perturbed,100,3,0.019110,7.617188
smooth,Convex only,not-perturbed,100,3,0.189043,
smooth,Smooth,not-perturbed,100,3,0.089189,8.203125
smooth,Additive,not-perturbed,100,4,0.030807,
smooth,Additive+Smooth,not-perturbed,100,4,0.026407,9.375000
smooth,Convex only,not-perturbed,100,4,0.177826,
smooth,Smooth,not-perturbed,100,4,0.069004,7.617188
smooth,Additive,not-perturbed,100,5,0.019459,
smooth,Additive+Smooth,not-perturbed,100,5,0.004469,8.300781
smooth,Convex only,not-perturbed,100,5,0.170037,
smooth,Smooth,not-perturbed,100,5,0.080469,8.203125
smooth,Additive,not-perturbed,100,6,0.041024,
smooth,Additive+Smooth,not-perturbed,100,6,0.037329,9.375000
smooth,Convex only,not-perturbed,100,6,0.179921,
smooth,Smooth,not-perturbed,100,6,0.080799,8.203125
smooth,Additive,not-perturbed,100,7,0.028546,
smooth,Additive+Smooth,not-perturbed,100,7,0.024000,9.375000
smooth,Convex only,not-perturbed,100,7,0.181973,
smooth,Smooth,not-perturbed,100,7,0.082343,8.203125
smooth,Additive,not-perturbed,100,8,0.035933,
smooth,Additive+Smooth,not-perturbed,100,8,0.031797,9.375000
smooth,Convex only,not-perturbed,100,8,0.177220,
smooth,Smooth,not-perturbed,100,8,0.087114,8.789062
smooth,Additive,not-perturbed,100,9,0.018976,
smooth,Additive+Smooth,not-perturbed,100,9,0.014122,9.375000
smooth,Convex only,not-perturbed,100,9,0.175615,
smooth,Smooth,not-perturbed,100,9,0.079070,8.203125
smooth,Additive,not-perturbed,100,10,0.024269,
smooth,Additive+Smooth,not-perturbed,100,10,0.020613,8.203125
smooth,Convex only,not-perturbed,100,10,0.181770,
smooth,Smooth,not-perturbed,100,10,0.083210,8.203125
smooth,Additive,not-perturbed,100,11,0.022894,
smooth,Additive+Smooth,not-perturbed,100,11,0.018668,9.375000
smooth,Convex only,not-perturbed,100,11,0.173221,
smooth,Smooth,not-perturbed,100,11,0.079921,8.203125
smooth,Additive,not-perturbed,100,12,0.031459,
smooth,Additive+Smooth,not-perturbed,100,12,0.027767,8.203125
smooth,Convex only,not-perturbed,100,12,0.188400,
smooth,Smooth,not-perturbed,100,12,0.080141,8.203125
smooth,Additive,not-perturbed,100,13,0.033432,
smooth,Additive+Smooth,not-perturbed,100,13,0.028942,9.375000
smooth,Convex only,not-perturbed,100,13,0.173984,
smooth,Smooth,not-perturbed,100,13,0.070465,7.617188
smooth,Additive,not-perturbed,100,14,0.026737,
smooth,Additive+Smooth,not-perturbed,100,14,0.022876,8.789062
smooth,Convex only,not-perturbed,100,14,0.189759,
smooth,Smooth,not-perturbed,100,14,0.089083,8.203125
smooth,Additive,not-perturbed,100,15,0.027889,
smooth,Additive+Smooth,not-perturbed,100,15,0.023605,9.375000
smooth,Convex only,not-perturbed,100,15,0.186741,
smooth,Smooth,not-perturbed,100,15,0.076517,7.617188
smooth,Additive,not-perturbed,100,16,0.047899,
smooth,Additive+Smooth,not-perturbed,100,16,0.043609,9.375000
smooth,Convex only,not-perturbed,100,16,0.170978,
smooth,Smooth,not-perturbed,100,16,0.079960,8.203125
smooth,Additive,not-perturbed,100,17,0.030300,
smooth,Additive+Smooth,not-perturbed,100,17,0.026041,9.375000
smooth,Convex only,not-perturbed,100,17,0.179198,
smooth,Smooth,not-perturbed,100,17,0.086462,8.789062
smooth,Additive,not-perturbed,100,18,0.019605,
smooth,Additive+Smooth,not-perturbed,100,18,0.016313,8.203125
smooth,Convex only,not-perturbed,100,18,0.171393,
smooth,Smooth,not-perturbed,100,18,0.080348,8.203125
smooth,Additive,not-perturbed,100,19,0.030153,
smooth,Additive+Smooth,not-perturbed,100,19,0.025869,9.375000
smooth,Convex only,not-perturbed,100,19,0.182356,
smooth,Smooth,not-perturbed,100,19,0.080945,8.203125
smooth,Additive,not-perturbed,120,0,0.018360,
smooth,Additive+Smooth,not-perturbed,120,0,0.016563,8.203125
smooth,Convex only,not-perturbed,120,0,0.177382,
smooth,Smooth,not-perturbed,120,0,0.080474,8.203125
smooth,Additive,not-perturbed,120,1,0.033737,
smooth,Additive+Smooth,not-perturbed,120,1,0.030095,9.375000
smooth,Convex only,not-perturbed,120,1,0.166877,
smooth,Smooth,not-perturbed,120,1,0.085510,8.789062
smooth,Additive,not-perturbed,120,2,0.013062,
smooth,Additive+Smooth,not-perturbed,120,2,0.011311,8.203125
smooth,Convex only,not-perturbed,120,2,0.169851,
smooth,Smooth,not-perturbed,120,2,0.072380,8.203125
smooth,Additive,not-perturbed,120,3,0.017560,
smooth,Additive+Smooth,not-perturbed,120,3,0.015135,8.203125
smooth,Convex only,not-perturbed,120,3,0.180450,
smooth,Smooth,not-perturbed,120,3,0.086303,8.203125
smooth,Additive,not-perturbed,120,4,0.027847,
smooth,Additive+Smooth,not-perturbed,120,4,0.024174,9.375000
smooth,Convex only,not-perturbed,120,4,0.173196,
smooth,Smooth,not-perturbed,120,4,0.074016,8.203125
smooth,Additive,not-perturbed,120,5,0.017663,
smooth,Additive+Smooth,not-perturbed,120,5,0.014086,9.375000
smooth,Convex only,not-perturbed,120,5,0.163854,
smooth,Smooth,not-perturbed,120,5,0.078069,8.203125
smooth,Additive,not-perturbed,120,6,0.020920,
smooth,Additive+Smooth,not-perturbed,120,6,0.017746,9.375000
smooth,Convex only,not-perturbed,120,6,0.178190,
smooth,Smooth,not-perturbed,120,6,0.078638,8.203125
smooth,Additive,not-perturbed,120,7,0.016240,
smooth,Additive+Smooth,not-perturbed,120,7,0.014526,8.203125
smooth,Convex only,not-perturbed,120,7,0.168868,
smooth,Smooth,not-perturbed,120,7,0.085891,8.789062
smooth,Additive,not-perturbed,120,8,0.034499,
smooth,Additive+Smooth,not-perturbed,120,8,0.030981,9.375000
smooth,Convex only,not-perturbed,120,8,0.170308,
smooth,Smooth,not-perturbed,120,8,0.083969,8.789062
smooth,Additive,not-perturbed,120,9,0.016841,
smooth,Additive+Smooth,not-perturbed,120,9,0.012839,9.375000
smooth,Convex only,not-perturbed,120,9,0.166797,
smooth,Smooth,not-perturbed,120,9,0.076062,8.203125
smooth,Additive,not-perturbed,120,10,0.021127,
smooth,Additive+Smooth,not-perturbed,120,10,0.017238,9.375000
smooth,Convex only,not-perturbed,120,10,0.170752,
smooth,Smooth,not-perturbed,120,10,0.076019,8.203125
smooth,Additive,not-perturbed,120,11,0.021381,
smooth,Additive+Smooth,not-perturbed,120,11,0.017789,9.375000
smooth,Convex only,not-perturbed,120,11,0.168865,
smooth,Smooth,not-perturbed,120,11,0.074788,8.203125
smooth,Additive,not-perturbed,120,12,0.017994,
smooth,Additive+Smooth,not-perturbed,120,12,0.017252,7.617188
smooth,Convex only,not-perturbed,120,12,0.179091,
smooth,Smooth,not-perturbed,120,12,0.086504,8.789062
smooth,Additive,not-perturbed,120,13,0.030661,
smooth,Additive+Smooth,not-perturbed,120,13,0.004743,7.812500
smooth,Convex only,not-perturbed,120,13,0.167596,
smooth,Smooth,not-perturbed,120,13,0.070180,7.617188
smooth,Additive,not-perturbed,120,14,0.016672,
smooth,Additive+Smooth,not-perturbed,120,14,0.013973,8.203125
smooth,Convex only,not-perturbed,120,14,0.176995,
smooth,Smooth,not-perturbed,120,14,0.086012,8.203125
smooth,Additive,not-perturbed,120,15,0.018802,
smooth,Additive+Smooth,not-perturbed,120,15,0.015347,8.789062
smooth,Convex only,not-perturbed,120,15,0.182062,
smooth,Smooth,not-perturbed,120,15,0.075184,7.617188
smooth,Additive,not-perturbed,120,16,0.031455,
smooth,Additive+Smooth,not-perturbed,120,16,0.005388,7.812500
smooth,Convex only,not-perturbed,120,16,0.167027,
smooth,Smooth,not-perturbed,120,16,0.080559,8.203125
smooth,Additive,not-perturbed,120,17,0.027587,
smooth,Additive+Smooth,not-perturbed,120,17,0.024409,9.375000
smooth,Convex only,not-perturbed,120,17,0.161578,
smooth,Smooth,not-perturbed,120,17,0.080777,8.789062
smooth,Additive,not-perturbed,120,18,0.017820,
smooth,Additive+Smooth,not-perturbed,120,18,0.013920,9.375000
smooth,Convex only,not-perturbed,120,18,0.166311,
smooth,Smooth,not-perturbed,120,18,0.075677,8.203125
smooth,Additive,not-perturbed,120,19,0.018800,
smooth,Additive+Smooth,not-perturbed,120,19,0.015025,9.375000
smooth,Convex only,not-perturbed,120,19,0.171405,
smooth,Smooth,not-perturbed,120,19,0.079413,8.203125
smooth,Additive,not-perturbed,140,0,0.016619,
smooth,Additive+Smooth,not-perturbed,140,0,0.015384,8.203125
smooth,Convex only,not-perturbed,140,0,0.171694,
smooth,Smooth,not-perturbed,140,0,0.077745,8.203125
smooth,Additive,not-perturbed,140,1,0.021841,
smooth,Additive+Smooth,not-perturbed,140,1,0.018586,9.375000
smooth,Convex only,not-perturbed,140,1,0.162426,
smooth,Smooth,not-perturbed,140,1,0.081272,8.789062
smooth,Additive,not-perturbed,140,2,0.011955,
smooth,Additive+Smooth,not-perturbed,140,2,0.009608,8.789062
smooth,Convex only,not-perturbed,140,2,0.158826,
smooth,Smooth,not-perturbed,140,2,0.069298,8.203125
smooth,Additive,not-perturbed,140,3,0.011566,
smooth,Additive+Smooth,not-perturbed,140,3,0.010735,8.203125
smooth,Convex only,not-perturbed,140,3,0.175073,
smooth,Smooth,not-perturbed,140,3,0.084668,8.203125
smooth,Additive,not-perturbed,140,4,0.026772,
smooth,Additive+Smooth,not-perturbed,140,4,0.026490,7.617188
smooth,Convex only,not-perturbed,140,4,0.161913,
smooth,Smooth,not-perturbed,140,4,0.071877,8.203125
smooth,Additive,not-perturbed,140,5,0.016512,
smooth,Additive+Smooth,not-perturbed,140,5,0.013806,9.375000
smooth,Convex only,not-perturbed,140,5,0.159692,
smooth,Smooth,not-perturbed,140,5,0.076099,8.203125
smooth,Additive,not-perturbed,140,6,0.014717,
smooth,Additive+Smooth,not-perturbed,140,6,0.011969,9.375000
smooth,Convex only,not-perturbed,140,6,0.171524,
smooth,Smooth,not-perturbed,140,6,0.074957,8.203125
smooth,Additive,not-perturbed,140,7,0.015484,
smooth,Additive+Smooth,not-perturbed,140,7,0.011786,8.789062
smooth,Convex only,not-perturbed,140,7,0.168120,
smooth,Smooth,not-perturbed,140,7,0.082775,8.789062
smooth,Additive,not-perturbed,140,8,0.027992,
smooth,Additive+Smooth,not-perturbed,140,8,0.025052,9.375000
smooth,Convex only,not-perturbed,140,8,0.164318,
smooth,Smooth,not-perturbed,140,8,0.080378,8.789062
smooth,Additive,not-perturbed,140,9,0.015234,
smooth,Additive+Smooth,not-perturbed,140,9,0.012562,9.375000
smooth,Convex only,not-perturbed,140,9,0.165083,
smooth,Smooth,not-perturbed,140,9,0.072738,8.203125
smooth,Additive,not-perturbed,140,10,0.018267,
smooth,Additive+Smooth,not-perturbed,140,10,0.019927,7.617188
smooth,Convex only,not-perturbed,140,10,0.166462,
smooth,Smooth,not-perturbed,140,10,0.073519,8.203125
smooth,Additive,not-perturbed,140,11,0.018468,
smooth,Additive+Smooth,not-perturbed,140,11,0.003832,8.300781
smooth,Convex only,not-perturbed,140,11,0.167050,
smooth,Smooth,not-perturbed,140,11,0.072366,8.203125
smooth,Additive,not-perturbed,140,12,0.014706,
smooth,Additive+Smooth,not-perturbed,140,12,0.013350,8.203125
smooth,Convex only,not-perturbed,140,12,0.173553,
smooth,Smooth,not-perturbed,140,12,0.082915,8.789062
smooth,Additive,not-perturbed,140,13,0.029121,
smooth,Additive+Smooth,not-perturbed,140,13,0.004372,7.812500
smooth,Convex only,not-perturbed,140,13,0.161308,
smooth,Smooth,not-perturbed,140,13,0.066884,7.617188
smooth,Additive,not-perturbed,140,14,0.015904,
smooth,Additive+Smooth,not-perturbed,140,14,0.014485,8.203125
smooth,Convex only,not-perturbed,140,14,0.173410,
smooth,Smooth,not-perturbed,140,14,0.077758,8.203125
smooth,Additive,not-perturbed,140,15,0.017569,
smooth,Additive+Smooth,not-perturbed,140,15,0.017718,7.617188
smooth,Convex only,not-perturbed,140,15,0.173170,
smooth,Smooth,not-perturbed,140,15,0.073432,7.617188
smooth,Additive,not-perturbed,140,16,0.028372,
smooth,Additive+Smooth,not-perturbed,140,16,0.026869,8.203125
smooth,Convex only,not-perturbed,140,16,0.163394,
smooth,Smooth,not-perturbed,140,16,0.078596,8.203125
smooth,Additive,not-perturbed,140,17,0.024811,
smooth,Additive+Smooth,not-perturbed,140,17,0.022027,9.375000
smooth,Convex only,not-perturbed,140,17,0.161094,
smooth,Smooth,not-perturbed,140,17,0.078708,8.789062
smooth,Additive,not-perturbed,140,18,0.016667,
smooth,Additive+Smooth,not-perturbed,140,18,0.012604,8.789062
smooth,Convex only,not-perturbed,140,18,0.157499,
smooth,Smooth,not-perturbed,140,18,0.073672,8.203125
smooth,Additive,not-perturbed,140,19,0.014323,
smooth,Additive+Smooth,not-perturbed,140,19,0.012519,8.203125
smooth,Convex only,not-perturbed,140,19,0.169326,
smooth,Smooth,not-perturbed,140,19,0.076770,8.203125
smooth,Additive,not-perturbed,160,0,0.015918,
smooth,Additive+Smooth,not-perturbed,160,0,0.014316,8.789062
smooth,Convex only,not-perturbed,160,0,0.164986,
smooth,Smooth,not-perturbed,160,0,0.079142,8.789062
smooth,Additive,not-perturbed,160,1,0.019606,
smooth,Additive+Smooth,not-perturbed,160,1,0.018493,8.203125
smooth,Convex only,not-perturbed,160,1,0.160639,
smooth,Smooth,not-perturbed,160,1,0.078635,8.789062
smooth,Additive,not-perturbed,180,0,0.013069,
smooth,Additive+Smooth,not-perturbed,180,0,0.003329,7.812500
smooth,Convex only,not-perturbed,180,0,0.160140,
smooth,Smooth,not-perturbed,180,0,0.076959,8.789062
smooth,Additive,not-perturbed,180,1,0.013234,
smooth,Additive+Smooth,not-perturbed,180,1,0.003582,7.812500
smooth,Convex only,not-perturbed,180,1,0.156262,
smooth,Smooth,not-perturbed,180,1,0.076782,8.789062
smooth,Additive,not-perturbed,200,0,0.012275,
smooth,Additive+Smooth,not-perturbed,200,0,0.002449,8.300781
smooth,Convex only,not-perturbed,200,0,0.156667,
smooth,Smooth,not-perturbed,200,0,0.075276,8.789062
smooth,Additive,not-perturbed,200,1,0.012469,
smooth,Additive+Smooth,not-perturbed,200,1,0.002501,8.300781
smooth,Convex only,not-perturbed,200,1,0.154272,
smooth,Smooth,not-perturbed,200,1,0.076981,8.789062
smooth,Additive,not-perturbed,200,2,0.009021,
smooth,Additive+Smooth,not-perturbed,200,2,0.007445,9.375000
smooth,Convex only,not-perturbed,200,2,0.149670,
smooth,Smooth,not-perturbed,200,2,0.073113,8.789062
smooth,Additive,not-perturbed,200,3,0.009177,
smooth,Additive+Smooth,not-perturbed,200,3,0.007384,8.789062
smooth,Convex only,not-perturbed,200,3,0.153696,
smooth,Smooth,not-perturbed,200,3,0.068334,8.203125
smooth,Additive,not-perturbed,200,4,0.008328,
smooth,Additive+Smooth,not-perturbed,200,4,0.008924,8.203125
smooth,Convex only,not-perturbed,200,4,0.149144,
smooth,Smooth,not-perturbed,200,4,0.066118,8.203125
smooth,Additive,not-perturbed,200,5,0.010892,
smooth,Additive+Smooth,not-perturbed,200,5,0.009234,9.375000
smooth,Convex only,not-perturbed,200,5,0.151118,
smooth,Smooth,not-perturbed,200,5,0.074189,8.789062
smooth,Additive,not-perturbed,200,6,0.012570,
smooth,Additive+Smooth,not-perturbed,200,6,0.002775,8.300781
smooth,Convex only,not-perturbed,200,6,0.156639,
smooth,Smooth,not-perturbed,200,6,0.069972,8.203125
smooth,Additive,not-perturbed,200,7,0.010847,
smooth,Additive+Smooth,not-perturbed,200,7,0.002900,8.300781
smooth,Convex only,not-perturbed,200,7,0.154530,
smooth,Smooth,not-perturbed,200,7,0.074569,8.789062
smooth,Additive,not-perturbed,200,8,0.015943,
smooth,Additive+Smooth,not-perturbed,200,8,0.002803,8.300781
smooth,Convex only,not-perturbed,200,8,0.160373,
smooth,Smooth,not-perturbed,200,8,0.073812,8.789062
smooth,Additive,not-perturbed,200,9,0.012356,
smooth,Additive+Smooth,not-perturbed,200,9,0.010773,9.375000
smooth,Convex only,not-perturbed,200,9,0.157629,
smooth,Smooth,not-perturbed,200,9,0.075287,8.789062
smooth,Additive,not-perturbed,200,10,0.008160,
smooth,Additive+Smooth,not-perturbed,200,10,0.009060,8.203125
smooth,Convex only,not-perturbed,200,10,0.151360,
smooth,Smooth,not-perturbed,200,10,0.067475,8.203125
smooth,Additive,not-perturbed,200,11,0.010894,
smooth,Convex only,not-perturbed,200,11,0.149660,
smooth,Smooth,not-perturbed,200,11,0.066621,8.203125
smooth,Additive,not-perturbed,200,12,0.011069,
smooth,Additive+Smooth,not-perturbed,200,12,0.012140,7.617188
smooth,Convex only,not-perturbed,200,12,0.153400,
smooth,Smooth,not-perturbed,200,12,0.076044,8.789062
smooth,Additive,not-perturbed,200,13,0.020387,
smooth,Additive+Smooth,not-perturbed,200,13,0.019836,8.203125
smooth,Convex only,not-perturbed,200,13,0.143811,
smooth,Smooth,not-perturbed,200,13,0.072940,8.789062
smooth,Additive,not-perturbed,200,14,0.013304,
smooth,Additive+Smooth,not-perturbed,200,14,0.011068,9.375000
smooth,Convex only,not-perturbed,200,14,0.164360,
smooth,Smooth,not-perturbed,200,14,0.079452,8.789062
smooth,Additive,not-perturbed,200,15,0.014706,
smooth,Additive+Smooth,not-perturbed,200,15,0.002751,8.300781
smooth,Convex only,not-perturbed,200,15,0.151653,
smooth,Smooth,not-perturbed,200,15,0.074208,8.789062
smooth,Additive,not-perturbed,200,16,0.025053,
smooth,Convex only,not-perturbed,200,16,0.148066,
smooth,Smooth,not-perturbed,200,16,0.069880,8.203125
smooth,Additive,not-perturbed,200,17,0.010605,
smooth,Additive+Smooth,not-perturbed,200,17,0.009139,9.375000
smooth,Convex only,not-perturbed,200,17,0.151110,
smooth,Smooth,not-perturbed,200,17,0.075002,8.789062
smooth,Additive,not-perturbed,200,18,0.013112,
smooth,Convex only,not-perturbed,200,18,0.145405,
smooth,Smooth,not-perturbed,200,18,0.064596,8.203125
smooth,Additive,not-perturbed,200,19,0.010599,
smooth,Additive+Smooth,not-perturbed,200,19,0.009545,8.789062
smooth,Convex only,not-perturbed,200,19,0.155707,
smooth,Smooth,not-perturbed,200,19,0.069173,8.203125
smooth,Additive,perturbed,20,0,0.105996,
smooth,Additive+Smooth,perturbed,20,0,0.031032,67.382812
smooth,Convex only,perturbed,20,0,0.272809,
smooth,Smooth,perturbed,20,0,0.157668,9.960938
smooth,Additive,perturbed,20,1,0.099500,
smooth,Additive+Smooth,perturbed,20,1,0.097239,70.898438
smooth,Convex only,perturbed,20,1,0.245008,
smooth,Smooth,perturbed,20,1,0.106727,7.617188
smooth,Additive,perturbed,20,2,0.093908,
smooth,Additive+Smooth,perturbed,20,2,0.084533,17.578125
smooth,Convex only,perturbed,20,2,0.261544,
smooth,Smooth,perturbed,20,2,0.110986,7.617188
smooth,Additive,perturbed,20,3,0.132603,
smooth,Additive+Smooth,perturbed,20,3,0.127899,56.835938
smooth,Convex only,perturbed,20,3,0.272045,
smooth,Smooth,perturbed,20,3,0.130620,7.031250
smooth,Additive,perturbed,20,4,0.127221,
smooth,Additive+Smooth,perturbed,20,4,0.116270,15.234375
smooth,Convex only,perturbed,20,4,0.455547,
smooth,Smooth,perturbed,20,4,0.287208,7.031250
smooth,Additive,perturbed,20,5,0.089774,
smooth,Additive+Smooth,perturbed,20,5,0.081193,22.265625
smooth,Convex only,perturbed,20,5,0.247518,
smooth,Smooth,perturbed,20,5,0.112080,7.617188
smooth,Additive,perturbed,20,6,0.101906,
smooth,Additive+Smooth,perturbed,20,6,0.098796,56.835938
smooth,Convex only,perturbed,20,6,0.276380,
smooth,Smooth,perturbed,20,6,0.159178,8.789062
smooth,Additive,perturbed,20,7,0.107246,
smooth,Additive+Smooth,perturbed,20,7,0.099812,19.921875
smooth,Convex only,perturbed,20,7,0.246113,
smooth,Smooth,perturbed,20,7,0.129919,9.375000
smooth,Additive,perturbed,20,8,0.162259,
smooth,Additive+Smooth,perturbed,20,8,0.153121,15.820312
smooth,Convex only,perturbed,20,8,0.258879,
smooth,Smooth,perturbed,20,8,0.118240,8.203125
smooth,Additive,perturbed,20,9,0.161372,
smooth,Additive+Smooth,perturbed,20,9,0.153847,21.093750
smooth,Convex only,perturbed,20,9,0.305903,
smooth,Smooth,perturbed,20,9,0.167396,7.031250
smooth,Additive,perturbed,20,10,0.159587,
smooth,Additive+Smooth,perturbed,20,10,0.157611,70.898438
smooth,Convex only,perturbed,20,10,0.283367,
smooth,Smooth,perturbed,20,10,0.154908,8.203125
smooth,Additive,perturbed,20,11,0.112016,
smooth,Additive+Smooth,perturbed,20,11,0.105001,22.851562
smooth,Convex only,perturbed,20,11,0.255057,
smooth,Smooth,perturbed,20,11,0.097946,7.031250
smooth,Additive,perturbed,20,12,0.095513,
smooth,Additive+Smooth,perturbed,20,12,0.094434,91.796875
smooth,Convex only,perturbed,20,12,0.322882,
smooth,Smooth,perturbed,20,12,0.171677,7.031250
smooth,Additive,perturbed,20,13,0.103527,
smooth,Additive+Smooth,perturbed,20,13,0.043897,47.363281
smooth,Convex only,perturbed,20,13,0.255653,
smooth,Smooth,perturbed,20,13,0.089383,6.445312
smooth,Additive,perturbed,20,14,0.113317,
smooth,Additive+Smooth,perturbed,20,14,0.109535,42.773438
smooth,Convex only,perturbed,20,14,0.254070,
smooth,Smooth,perturbed,20,14,0.093476,7.031250
smooth,Additive,perturbed,20,15,0.114499,
smooth,Additive+Smooth,perturbed,20,15,0.050125,113.769531
smooth,Convex only,perturbed,20,15,0.276143,
smooth,Smooth,perturbed,20,15,0.105343,6.445312
smooth,Additive,perturbed,20,16,0.115869,
smooth,Additive+Smooth,perturbed,20,16,0.114328,66.796875
smooth,Convex only,perturbed,20,16,0.278123,
smooth,Smooth,perturbed,20,16,0.137204,7.617188
smooth,Additive,perturbed,20,17,0.126603,
smooth,Additive+Smooth,perturbed,20,17,0.055447,22.460938
smooth,Convex only,perturbed,20,17,0.257126,
smooth,Smooth,perturbed,20,17,0.079373,6.445312
smooth,Additive,perturbed,20,18,0.100067,
smooth,Additive+Smooth,perturbed,20,18,0.092892,78.613281
smooth,Convex only,perturbed,20,18,0.233414,
smooth,Smooth,perturbed,20,18,0.091765,7.031250
smooth,Additive,perturbed,20,19,0.111289,
smooth,Additive+Smooth,perturbed,20,19,0.042340,47.851562
smooth,Convex only,perturbed,20,19,0.241770,
smooth,Smooth,perturbed,20,19,0.079228,6.445312
smooth,Additive,perturbed,40,0,0.065455,
smooth,Additive+Smooth,perturbed,40,0,0.064498,263.671875
smooth,Convex only,perturbed,40,0,0.243424,
smooth,Smooth,perturbed,40,0,0.141854,9.960938
smooth,Additive,perturbed,40,1,0.068427,
smooth,Additive+Smooth,perturbed,40,1,0.028355,59.082031
smooth,Convex only,perturbed,40,1,0.204235,
smooth,Smooth,perturbed,40,1,0.090437,7.617188
smooth,Additive,perturbed,40,2,0.042311,
smooth,Additive+Smooth,perturbed,40,2,0.041621,185.546875
smooth,Convex only,perturbed,40,2,0.226431,
smooth,Smooth,perturbed,40,2,0.112229,8.789062
smooth,Additive,perturbed,40,3,0.078337,
smooth,Additive+Smooth,perturbed,40,3,0.077470,333.007812
smooth,Convex only,perturbed,40,3,0.227069,
smooth,Smooth,perturbed,40,3,0.121183,8.203125
smooth,Additive,perturbed,40,4,0.059152,
smooth,Additive+Smooth,perturbed,40,4,0.031269,24.414062
smooth,Convex only,perturbed,40,4,0.269491,
smooth,Smooth,perturbed,40,4,0.131567,7.617188
smooth,Additive,perturbed,40,5,0.049935,
smooth,Additive+Smooth,perturbed,40,5,0.049389,134.765625
smooth,Convex only,perturbed,40,5,0.207843,
smooth,Smooth,perturbed,40,5,0.107383,9.140625
smooth,Additive,perturbed,40,6,0.073780,
smooth,Additive+Smooth,perturbed,40,6,0.072407,84.960938
smooth,Convex only,perturbed,40,6,0.220411,
smooth,Smooth,perturbed,40,6,0.110136,8.789062
smooth,Additive,perturbed,40,7,0.062706,
smooth,Additive+Smooth,perturbed,40,7,0.061592,73.730469
smooth,Convex only,perturbed,40,7,0.213040,
smooth,Smooth,perturbed,40,7,0.122696,9.960938
smooth,Additive,perturbed,40,8,0.082687,
smooth,Additive+Smooth,perturbed,40,8,0.039190,33.691406
smooth,Convex only,perturbed,40,8,0.221253,
smooth,Smooth,perturbed,40,8,0.101375,8.203125
smooth,Additive,perturbed,40,9,0.088213,
smooth,Additive+Smooth,perturbed,40,9,0.087018,65.429688
smooth,Convex only,perturbed,40,9,0.208826,
smooth,Smooth,perturbed,40,9,0.086350,7.617188
smooth,Additive,perturbed,40,10,0.060250,
smooth,Additive+Smooth,perturbed,40,10,0.059550,238.281250
smooth,Convex only,perturbed,40,10,0.215911,
smooth,Smooth,perturbed,40,10,0.121542,9.375000
smooth,Additive,perturbed,40,11,0.079358,
smooth,Additive+Smooth,perturbed,40,11,0.040585,31.738281
smooth,Convex only,perturbed,40,11,0.208951,
smooth,Smooth,perturbed,40,11,0.090381,7.617188
smooth,Additive,perturbed,40,12,0.060611,
smooth,Additive+Smooth,perturbed,40,12,0.059209,646.484375
smooth,Convex only,perturbed,40,12,0.216470,
smooth,Smooth,perturbed,40,12,0.086335,7.617188
smooth,Additive,perturbed,40,13,0.076723,
smooth,Additive+Smooth,perturbed,40,13,0.075228,180.664062
smooth,Convex only,perturbed,40,13,0.220118,
smooth,Smooth,perturbed,40,13,0.147159,13.476562
smooth,Additive,perturbed,40,14,0.070817,
smooth,Additive+Smooth,perturbed,40,14,0.070118,334.960938
smooth,Convex only,perturbed,40,14,0.222592,
smooth,Smooth,perturbed,40,14,0.097685,7.617188
smooth,Additive,perturbed,40,15,0.067534,
smooth,Additive+Smooth,perturbed,40,15,0.065590,66.894531
smooth,Convex only,perturbed,40,15,0.222689,
smooth,Smooth,perturbed,40,15,0.097119,7.617188
smooth,Additive,perturbed,40,16,0.077066,
smooth,Additive+Smooth,perturbed,40,16,0.076406,428.222656
smooth,Convex only,perturbed,40,16,0.205123,
smooth,Smooth,perturbed,40,16,0.138848,13.476562
smooth,Additive,perturbed,40,17,0.067180,
smooth,Additive+Smooth,perturbed,40,17,0.066406,218.261719
smooth,Convex only,perturbed,40,17,0.219564,
smooth,Smooth,perturbed,40,17,0.074673,8.203125
smooth,Additive,perturbed,40,18,0.066773,
smooth,Additive+Smooth,perturbed,40,18,0.066210,255.371094
smooth,Convex only,perturbed,40,18,0.208177,
smooth,Smooth,perturbed,40,18,0.112860,9.375000
smooth,Additive,perturbed,40,19,0.068442,
smooth,Additive+Smooth,perturbed,40,19,0.066530,108.398438
smooth,Convex only,perturbed,40,19,0.211950,
smooth,Smooth,perturbed,40,19,0.126517,11.132812
smooth,Additive,perturbed,60,0,0.058378,
smooth,Additive+Smooth,perturbed,60,0,0.056285,526.855469
smooth,Convex only,perturbed,60,0,0.222708,
smooth,Smooth,perturbed,60,0,0.128499,9.960938
smooth,Additive,perturbed,60,1,0.049110,
smooth,Additive+Smooth,perturbed,60,1,0.027508,39.550781
smooth,Convex only,perturbed,60,1,0.186677,
smooth,Smooth,perturbed,60,1,0.107704,9.960938
smooth,Additive,perturbed,60,2,0.038895,
smooth,Additive+Smooth,perturbed,60,2,0.016151,17.578125
smooth,Convex only,perturbed,60,2,0.198019,
smooth,Smooth,perturbed,60,2,0.099504,8.789062
smooth,Additive,perturbed,60,3,0.055831,
smooth,Additive+Smooth,perturbed,60,3,0.053566,450.195312
smooth,Convex only,perturbed,60,3,0.222684,
smooth,Smooth,perturbed,60,3,0.128004,9.375000
smooth,Additive,perturbed,60,4,0.048144,
smooth,Additive+Smooth,perturbed,60,4,0.043684,681.640625
smooth,Convex only,perturbed,60,4,0.229517,
smooth,Smooth,perturbed,60,4,0.133470,9.843750
smooth,Additive,perturbed,60,5,0.037147,
smooth,Additive+Smooth,perturbed,60,5,0.036162,331.054688
smooth,Convex only,perturbed,60,5,0.188463,
smooth,Smooth,perturbed,60,5,0.101148,9.375000
smooth,Additive,perturbed,60,6,0.053814,
smooth,Additive+Smooth,perturbed,60,6,0.053233,216.796875
smooth,Convex only,perturbed,60,6,0.202248,
smooth,Smooth,perturbed,60,6,0.141320,13.359375
smooth,Additive,perturbed,60,7,0.059085,
smooth,Additive+Smooth,perturbed,60,7,0.058301,305.664062
smooth,Convex only,perturbed,60,7,0.191747,
smooth,Smooth,perturbed,60,7,0.108684,9.960938
smooth,Additive,perturbed,60,8,0.072295,
smooth,Additive+Smooth,perturbed,60,8,0.071702,80.078125
smooth,Convex only,perturbed,60,8,0.198036,
smooth,Smooth,perturbed,60,8,0.103631,9.375000
smooth,Additive,perturbed,60,9,0.043758,
smooth,Additive+Smooth,perturbed,60,9,0.041659,541.992188
smooth,Convex only,perturbed,60,9,0.192426,
smooth,Smooth,perturbed,60,9,0.094768,8.789062
smooth,Additive,perturbed,60,10,0.048839,
smooth,Additive+Smooth,perturbed,60,10,0.048214,485.839844
smooth,Convex only,perturbed,60,10,0.200804,
smooth,Smooth,perturbed,60,10,0.108264,9.375000
smooth,Additive,perturbed,60,11,0.056964,
smooth,Additive+Smooth,perturbed,60,11,0.056340,271.484375
smooth,Convex only,perturbed,60,11,0.190304,
smooth,Smooth,perturbed,60,11,0.113854,10.546875
smooth,Additive,perturbed,60,12,0.049102,
smooth,Additive+Smooth,perturbed,60,12,0.047017,618.652344
smooth,Convex only,perturbed,60,12,0.197562,
smooth,Smooth,perturbed,60,12,0.103501,9.960938
smooth,Additive,perturbed,60,13,0.053794,
smooth,Additive+Smooth,perturbed,60,13,0.052067,535.156250
smooth,Convex only,perturbed,60,13,0.199561,
smooth,Smooth,perturbed,60,13,0.138258,13.476562
smooth,Additive,perturbed,60,14,0.057935,
smooth,Additive+Smooth,perturbed,60,14,0.055276,650.878906
smooth,Convex only,perturbed,60,14,0.199467,
smooth,Smooth,perturbed,60,14,0.103812,8.789062
smooth,Additive,perturbed,60,15,0.044295,
smooth,Additive+Smooth,perturbed,60,15,0.042197,563.476562
smooth,Convex only,perturbed,60,15,0.214131,
smooth,Smooth,perturbed,60,15,0.118573,9.960938
smooth,Additive,perturbed,60,16,0.059322,
smooth,Additive+Smooth,perturbed,60,16,0.057713,509.277344
smooth,Convex only,perturbed,60,16,0.188967,
smooth,Smooth,perturbed,60,16,0.128156,13.476562
smooth,Additive,perturbed,60,17,0.058533,
smooth,Additive+Smooth,perturbed,60,17,0.056768,436.523438
smooth,Convex only,perturbed,60,17,0.193656,
smooth,Smooth,perturbed,60,17,0.099810,9.375000
smooth,Additive,perturbed,60,18,0.052878,
smooth,Additive+Smooth,perturbed,60,18,0.050911,496.093750
smooth,Convex only,perturbed,60,18,0.190503,
smooth,Smooth,perturbed,60,18,0.112999,10.546875
smooth,Additive,perturbed,60,19,0.056468,
smooth,Additive+Smooth,perturbed,60,19,0.052709,18.164062
smooth,Convex only,perturbed,60,19,0.192086,
smooth,Smooth,perturbed,60,19,0.126266,12.890625
smooth,Additive,perturbed,80,0,0.038670,
smooth,Additive+Smooth,perturbed,80,0,0.035934,555.175781
smooth,Convex only,perturbed,80,0,0.196405,
smooth,Smooth,perturbed,80,0,0.103133,9.960938
smooth,Additive,perturbed,80,1,0.045017,
smooth,Additive+Smooth,perturbed,80,1,0.044586,179.687500
smooth,Convex only,perturbed,80,1,0.176100,
smooth,Smooth,perturbed,80,1,0.102279,9.960938
smooth,Additive,perturbed,80,2,0.028876,
smooth,Additive+Smooth,perturbed,80,2,0.017910,31.250000
smooth,Convex only,perturbed,80,2,0.194935,
smooth,Smooth,perturbed,80,2,0.131134,13.476562
smooth,Additive,perturbed,80,3,0.036025,
smooth,Additive+Smooth,perturbed,80,3,0.034122,571.289062
smooth,Convex only,perturbed,80,3,0.198940,
smooth,Smooth,perturbed,80,3,0.113422,9.375000
smooth,Additive,perturbed,80,4,0.045581,
smooth,Additive+Smooth,perturbed,80,4,0.041640,594.238281
smooth,Convex only,perturbed,80,4,0.190413,
smooth,Smooth,perturbed,80,4,0.094339,8.789062
smooth,Additive,perturbed,80,5,0.029963,
smooth,Additive+Smooth,perturbed,80,5,0.027878,667.480469
smooth,Convex only,perturbed,80,5,0.183050,
smooth,Smooth,perturbed,80,5,0.096316,9.375000
smooth,Additive,perturbed,80,6,0.049025,
smooth,Additive+Smooth,perturbed,80,6,0.046038,452.636719
smooth,Convex only,perturbed,80,6,0.189309,
smooth,Smooth,perturbed,80,6,0.114212,11.718750
smooth,Additive,perturbed,80,7,0.034509,
smooth,Additive+Smooth,perturbed,80,7,0.034176,161.621094
smooth,Convex only,perturbed,80,7,0.188968,
smooth,Smooth,perturbed,80,7,0.105189,9.960938
smooth,Additive,perturbed,80,8,0.064357,
smooth,Additive+Smooth,perturbed,80,8,0.058880,36.621094
smooth,Convex only,perturbed,80,8,0.182359,
smooth,Smooth,perturbed,80,8,0.113356,11.132812
smooth,Additive,perturbed,80,9,0.034390,
smooth,Additive+Smooth,perturbed,80,9,0.020409,18.554688
smooth,Convex only,perturbed,80,9,0.180709,
smooth,Smooth,perturbed,80,9,0.102762,9.960938
smooth,Additive,perturbed,80,10,0.041757,
smooth,Additive+Smooth,perturbed,80,10,0.040821,467.773438
smooth,Convex only,perturbed,80,10,0.190473,
smooth,Smooth,perturbed,80,10,0.100800,9.960938
smooth,Additive,perturbed,80,11,0.046808,
smooth,Additive+Smooth,perturbed,80,11,0.044737,429.199219
smooth,Convex only,perturbed,80,11,0.180841,
smooth,Smooth,perturbed,80,11,0.102739,10.546875
smooth,Additive,perturbed,80,12,0.038200,
smooth,Additive+Smooth,perturbed,80,12,0.036069,714.843750
smooth,Convex only,perturbed,80,12,0.189894,
smooth,Smooth,perturbed,80,12,0.101150,9.960938
smooth,Additive,perturbed,80,13,0.047740,
smooth,Additive+Smooth,perturbed,80,13,0.046849,61.523438
smooth,Convex only,perturbed,80,13,0.188384,
smooth,Smooth,perturbed,80,13,0.125736,13.476562
smooth,Additive,perturbed,80,14,0.056383,
smooth,Additive+Smooth,perturbed,80,14,0.053818,556.640625
smooth,Convex only,perturbed,80,14,0.192673,
smooth,Smooth,perturbed,80,14,0.108787,9.960938
smooth,Additive,perturbed,80,15,0.041564,
smooth,Additive+Smooth,perturbed,80,15,0.038230,601.074219
smooth,Convex only,perturbed,80,15,0.202978,
smooth,Smooth,perturbed,80,15,0.112147,9.960938
smooth,Additive,perturbed,80,16,0.056888,
smooth,Additive+Smooth,perturbed,80,16,0.050231,16.113281
smooth,Convex only,perturbed,80,16,0.177601,
smooth,Smooth,perturbed,80,16,0.118534,13.476562
smooth,Additive,perturbed,80,17,0.047380,
smooth,Additive+Smooth,perturbed,80,17,0.044417,601.074219
smooth,Convex only,perturbed,80,17,0.187704,
smooth,Smooth,perturbed,80,17,0.092300,9.375000
smooth,Additive,perturbed,80,18,0.033102,
smooth,Additive+Smooth,perturbed,80,18,0.029238,468.750000
smooth,Convex only,perturbed,80,18,0.180558,
smooth,Smooth,perturbed,80,18,0.074966,9.375000
smooth,Additive,perturbed,80,19,0.038963,
smooth,Additive+Smooth,perturbed,80,19,0.038267,318.847656
smooth,Convex only,perturbed,80,19,0.184440,
smooth,Smooth,perturbed,80,19,0.122240,12.890625
smooth,Additive,perturbed,100,0,0.035849,
smooth,Additive+Smooth,perturbed,100,0,0.033122,645.996094
smooth,Convex only,perturbed,100,0,0.187129,
smooth,Smooth,perturbed,100,0,0.141539,17.578125
smooth,Additive,perturbed,100,1,0.043823,
smooth,Additive+Smooth,perturbed,100,1,0.043279,205.566406
smooth,Convex only,perturbed,100,1,0.167168,
smooth,Smooth,perturbed,100,1,0.095660,9.960938
smooth,Additive,perturbed,100,2,0.024199,
smooth,Additive+Smooth,perturbed,100,2,0.023616,137.695312
smooth,Convex only,perturbed,100,2,0.170193,
smooth,Smooth,perturbed,100,2,0.113156,13.476562
smooth,Additive,perturbed,100,3,0.029655,
smooth,Additive+Smooth,perturbed,100,3,0.029053,166.015625
smooth,Convex only,perturbed,100,3,0.191111,
smooth,Smooth,perturbed,100,3,0.121133,11.718750
smooth,Additive,perturbed,100,4,0.043554,
smooth,Additive+Smooth,perturbed,100,4,0.040799,469.238281
smooth,Convex only,perturbed,100,4,0.183266,
smooth,Smooth,perturbed,100,4,0.086574,8.789062
smooth,Additive,perturbed,100,5,0.027820,
smooth,Additive+Smooth,perturbed,100,5,0.024510,703.125000
smooth,Convex only,perturbed,100,5,0.170054,
smooth,Smooth,perturbed,100,5,0.101757,11.132812
smooth,Additive,perturbed,100,6,0.047150,
smooth,Additive+Smooth,perturbed,100,6,0.045336,515.625000
smooth,Convex only,perturbed,100,6,0.179242,
smooth,Smooth,perturbed,100,6,0.103341,11.718750
smooth,Additive,perturbed,100,7,0.032325,
smooth,Additive+Smooth,perturbed,100,7,0.028349,611.328125
smooth,Convex only,perturbed,100,7,0.184044,
smooth,Smooth,perturbed,100,7,0.101374,9.960938
smooth,Additive,perturbed,100,8,0.042929,
smooth,Additive+Smooth,perturbed,100,8,0.040127,607.421875
smooth,Convex only,perturbed,100,8,0.178044,
smooth,Smooth,perturbed,100,8,0.105483,11.132812
smooth,Additive,perturbed,100,9,0.029586,
smooth,Additive+Smooth,perturbed,100,9,0.026779,604.492188
smooth,Convex only,perturbed,100,9,0.175176,
smooth,Smooth,perturbed,100,9,0.109059,11.718750
smooth,Additive,perturbed,100,10,0.028436,
smooth,Additive+Smooth,perturbed,100,10,0.025896,360.839844
smooth,Convex only,perturbed,100,10,0.181435,
smooth,Smooth,perturbed,100,10,0.114185,12.890625
smooth,Additive,perturbed,100,11,0.032064,
smooth,Additive+Smooth,perturbed,100,11,0.029572,637.207031
smooth,Convex only,perturbed,100,11,0.172664,
smooth,Smooth,perturbed,100,11,0.116130,13.476562
smooth,Additive,perturbed,100,12,0.038035,
smooth,Additive+Smooth,perturbed,100,12,0.035460,562.988281
smooth,Convex only,perturbed,100,12,0.183867,
smooth,Smooth,perturbed,100,12,0.094601,9.960938
smooth,Additive,perturbed,100,13,0.044528,
smooth,Additive+Smooth,perturbed,100,13,0.043020,61.523438
smooth,Convex only,perturbed,100,13,0.177044,
smooth,Smooth,perturbed,100,13,0.118935,13.476562
smooth,Additive,perturbed,100,14,0.033097,
smooth,Additive+Smooth,perturbed,100,14,0.031056,542.480469
smooth,Convex only,perturbed,100,14,0.185372,
smooth,Smooth,perturbed,100,14,0.099970,9.960938
smooth,Additive,perturbed,100,15,0.040299,
smooth,Additive+Smooth,perturbed,100,15,0.036607,369.140625
smooth,Convex only,perturbed,100,15,0.185481,
smooth,Smooth,perturbed,100,15,0.111544,11.132812
smooth,Additive,perturbed,100,16,0.052961,
smooth,Additive+Smooth,perturbed,100,16,0.045803,21.972656
smooth,Convex only,perturbed,100,16,0.168491,
smooth,Smooth,perturbed,100,16,0.132197,19.921875
smooth,Additive,perturbed,100,17,0.039983,
smooth,Additive+Smooth,perturbed,100,17,0.037030,608.398438
smooth,Convex only,perturbed,100,17,0.173766,
smooth,Smooth,perturbed,100,17,0.092154,9.960938
smooth,Additive,perturbed,100,18,0.025386,
smooth,Additive+Smooth,perturbed,100,18,0.021522,516.113281
smooth,Convex only,perturbed,100,18,0.171055,
smooth,Smooth,perturbed,100,18,0.071244,9.375000
smooth,Additive,perturbed,100,19,0.037003,
smooth,Additive+Smooth,perturbed,100,19,0.034465,600.097656
smooth,Convex only,perturbed,100,19,0.178063,
smooth,Smooth,perturbed,100,19,0.119537,12.890625
smooth,Additive,perturbed,120,0,0.026729,
smooth,Additive+Smooth,perturbed,120,0,0.024000,572.265625
smooth,Convex only,perturbed,120,0,0.179120,
smooth,Smooth,perturbed,120,0,0.133033,17.578125
smooth,Additive,perturbed,120,1,0.041124,
smooth,Additive+Smooth,perturbed,120,1,0.038105,672.363281
smooth,Convex only,perturbed,120,1,0.164172,
smooth,Smooth,perturbed,120,1,0.100736,11.132812
smooth,Additive,perturbed,120,2,0.022833,
smooth,Additive+Smooth,perturbed,120,2,0.019869,337.402344
smooth,Convex only,perturbed,120,2,0.162130,
smooth,Smooth,perturbed,120,2,0.107930,13.476562
smooth,Additive,perturbed,120,3,0.024514,
smooth,Additive+Smooth,perturbed,120,3,0.021949,404.296875
smooth,Convex only,perturbed,120,3,0.178838,
smooth,Smooth,perturbed,120,3,0.112343,11.718750
smooth,Additive,perturbed,120,4,0.037669,
smooth,Additive+Smooth,perturbed,120,4,0.034207,701.171875
smooth,Convex only,perturbed,120,4,0.175538,
smooth,Smooth,perturbed,120,4,0.134171,17.578125
smooth,Additive,perturbed,120,5,0.025723,
smooth,Additive+Smooth,perturbed,120,5,0.023338,611.328125
smooth,Convex only,perturbed,120,5,0.165116,
smooth,Smooth,perturbed,120,5,0.111281,13.476562
smooth,Additive,perturbed,120,6,0.030706,
smooth,Additive+Smooth,perturbed,120,6,0.028341,531.250000
smooth,Convex only,perturbed,120,6,0.172004,
smooth,Smooth,perturbed,120,6,0.126796,17.578125
smooth,Additive,perturbed,120,7,0.021595,
smooth,Additive+Smooth,perturbed,120,7,0.018002,685.546875
smooth,Convex only,perturbed,120,7,0.173821,
smooth,Smooth,perturbed,120,7,0.091056,9.960938
smooth,Additive,perturbed,120,8,0.042879,
smooth,Additive+Smooth,perturbed,120,8,0.039756,553.222656
smooth,Convex only,perturbed,120,8,0.168923,
smooth,Smooth,perturbed,120,8,0.099422,11.132812
smooth,Additive,perturbed,120,9,0.028349,
smooth,Additive+Smooth,perturbed,120,9,0.025604,693.847656
smooth,Convex only,perturbed,120,9,0.165025,
smooth,Smooth,perturbed,120,9,0.103043,11.718750
smooth,Additive,perturbed,120,10,0.026771,
smooth,Additive+Smooth,perturbed,120,10,0.024150,666.015625
smooth,Convex only,perturbed,120,10,0.167195,
smooth,Smooth,perturbed,120,10,0.106509,12.890625
smooth,Additive,perturbed,120,11,0.030264,
smooth,Additive+Smooth,perturbed,120,11,0.028180,591.796875
smooth,Convex only,perturbed,120,11,0.166005,
smooth,Smooth,perturbed,120,11,0.109453,13.476562
smooth,Additive,perturbed,120,12,0.025510,
smooth,Additive+Smooth,perturbed,120,12,0.023134,673.828125
smooth,Convex only,perturbed,120,12,0.173697,
smooth,Smooth,perturbed,120,12,0.088177,12.304688
smooth,Additive,perturbed,120,13,0.040681,
smooth,Additive+Smooth,perturbed,120,13,0.038227,750.488281
smooth,Convex only,perturbed,120,13,0.172075,
smooth,Smooth,perturbed,120,13,0.115705,13.476562
smooth,Additive,perturbed,120,14,0.024654,
smooth,Additive+Smooth,perturbed,120,14,0.020772,624.511719
smooth,Convex only,perturbed,120,14,0.173966,
smooth,Smooth,perturbed,120,14,0.097688,9.960938
smooth,Additive,perturbed,120,15,0.027497,
smooth,Additive+Smooth,perturbed,120,15,0.023703,594.726562
smooth,Convex only,perturbed,120,15,0.177959,
smooth,Smooth,perturbed,120,15,0.106918,11.132812
smooth,Additive,perturbed,120,16,0.037123,
smooth,Additive+Smooth,perturbed,120,16,0.034425,654.785156
smooth,Convex only,perturbed,120,16,0.165325,
smooth,Smooth,perturbed,120,16,0.131347,19.921875
smooth,Additive,perturbed,120,17,0.035645,
smooth,Additive+Smooth,perturbed,120,17,0.032905,645.507812
smooth,Convex only,perturbed,120,17,0.163311,
smooth,Smooth,perturbed,120,17,0.086970,9.960938
smooth,Additive,perturbed,120,18,0.026889,
smooth,Additive+Smooth,perturbed,120,18,0.021045,675.292969
smooth,Convex only,perturbed,120,18,0.166395,
smooth,Smooth,perturbed,120,18,0.099574,11.132812
smooth,Additive,perturbed,120,19,0.027687,
smooth,Additive+Smooth,perturbed,120,19,0.025770,683.105469
smooth,Convex only,perturbed,120,19,0.167553,
smooth,Smooth,perturbed,120,19,0.108956,12.890625
smooth,Additive,perturbed,140,0,0.026951,
smooth,Additive+Smooth,perturbed,140,0,0.024000,688.476562
smooth,Convex only,perturbed,140,0,0.167667,
smooth,Smooth,perturbed,140,0,0.122510,17.578125
smooth,Additive,perturbed,140,1,0.029979,
smooth,Additive+Smooth,perturbed,140,1,0.026497,689.941406
smooth,Convex only,perturbed,140,1,0.158298,
smooth,Smooth,perturbed,140,1,0.124596,19.921875
smooth,Additive,perturbed,140,2,0.021112,
smooth,Additive+Smooth,perturbed,140,2,0.017954,623.535156
smooth,Convex only,perturbed,140,2,0.156151,
smooth,Smooth,perturbed,140,2,0.104163,13.476562
smooth,Additive,perturbed,140,3,0.020533,
smooth,Additive+Smooth,perturbed,140,3,0.016153,596.679688
smooth,Convex only,perturbed,140,3,0.168967,
smooth,Smooth,perturbed,140,3,0.106724,11.718750
smooth,Additive,perturbed,140,4,0.035655,
smooth,Additive+Smooth,perturbed,140,4,0.032694,643.554688
smooth,Convex only,perturbed,140,4,0.163579,
smooth,Smooth,perturbed,140,4,0.124343,17.578125
smooth,Additive,perturbed,140,5,0.025437,
smooth,Additive+Smooth,perturbed,140,5,0.021544,648.437500
smooth,Convex only,perturbed,140,5,0.160871,
smooth,Smooth,perturbed,140,5,0.108790,13.476562
smooth,Additive,perturbed,140,6,0.025694,
smooth,Additive+Smooth,perturbed,140,6,0.021740,542.480469
smooth,Convex only,perturbed,140,6,0.166016,
smooth,Smooth,perturbed,140,6,0.122160,17.578125
smooth,Additive,perturbed,140,7,0.020882,
smooth,Additive+Smooth,perturbed,140,7,0.017254,500.488281
smooth,Convex only,perturbed,140,7,0.169787,
smooth,Smooth,perturbed,140,7,0.098548,11.132812
smooth,Additive,perturbed,140,8,0.036715,
smooth,Additive+Smooth,perturbed,140,8,0.034344,587.402344
smooth,Convex only,perturbed,140,8,0.163736,
smooth,Smooth,perturbed,140,8,0.126564,19.921875
smooth,Additive,perturbed,140,9,0.027745,
smooth,Additive+Smooth,perturbed,140,9,0.023871,639.648438
smooth,Convex only,perturbed,140,9,0.162920,
smooth,Smooth,perturbed,140,9,0.098893,11.718750
smooth,Additive,perturbed,140,10,0.025370,
smooth,Additive+Smooth,perturbed,140,10,0.022315,672.363281
smooth,Convex only,perturbed,140,10,0.160297,
smooth,Smooth,perturbed,140,10,0.103143,12.890625
smooth,Additive,perturbed,140,11,0.027869,
smooth,Additive+Smooth,perturbed,140,11,0.025366,630.859375
smooth,Convex only,perturbed,140,11,0.161429,
smooth,Smooth,perturbed,140,11,0.105106,13.476562
smooth,Additive,perturbed,140,12,0.024813,
smooth,Additive+Smooth,perturbed,140,12,0.022115,587.402344
smooth,Convex only,perturbed,140,12,0.167555,
smooth,Smooth,perturbed,140,12,0.129360,19.921875
smooth,Additive,perturbed,140,13,0.035188,
smooth,Additive+Smooth,perturbed,140,13,0.032715,635.253906
smooth,Convex only,perturbed,140,13,0.166352,
smooth,Smooth,perturbed,140,13,0.110839,13.476562
smooth,Additive,perturbed,140,14,0.024679,
smooth,Additive+Smooth,perturbed,140,14,0.020335,665.039062
smooth,Convex only,perturbed,140,14,0.168749,
smooth,Smooth,perturbed,140,14,0.087250,9.960938
smooth,Additive,perturbed,140,15,0.025025,
smooth,Additive+Smooth,perturbed,140,15,0.022645,560.058594
smooth,Convex only,perturbed,140,15,0.170329,
smooth,Smooth,perturbed,140,15,0.097288,11.132812
smooth,Additive,perturbed,140,16,0.035092,
smooth,Additive+Smooth,perturbed,140,16,0.032299,687.988281
smooth,Convex only,perturbed,140,16,0.161478,
smooth,Smooth,perturbed,140,16,0.127105,19.921875
smooth,Additive,perturbed,140,17,0.034239,
smooth,Additive+Smooth,perturbed,140,17,0.030956,623.535156
smooth,Convex only,perturbed,140,17,0.159780,
smooth,Smooth,perturbed,140,17,0.085228,9.960938
smooth,Additive,perturbed,140,18,0.026547,
smooth,Additive+Smooth,perturbed,140,18,0.020810,543.457031
smooth,Convex only,perturbed,140,18,0.157034,
smooth,Smooth,perturbed,140,18,0.094613,11.132812
smooth,Additive,perturbed,140,19,0.028069,
smooth,Additive+Smooth,perturbed,140,19,0.025252,613.281250
smooth,Convex only,perturbed,140,19,0.164739,
smooth,Smooth,perturbed,140,19,0.128429,19.921875
smooth,Additive,perturbed,160,0,0.025605,
smooth,Additive+Smooth,perturbed,160,0,0.022680,746.582031
smooth,Convex only,perturbed,160,0,0.158659,
smooth,Smooth,perturbed,160,0,0.118430,17.578125
smooth,Additive,perturbed,160,1,0.028637,
smooth,Additive+Smooth,perturbed,160,1,0.025665,720.703125
smooth,Convex only,perturbed,160,1,0.157705,
smooth,Smooth,perturbed,160,1,0.121826,19.921875
smooth,Additive,perturbed,180,0,0.025030,
smooth,Additive+Smooth,perturbed,180,0,0.020619,656.738281
smooth,Convex only,perturbed,180,0,0.154792,
smooth,Smooth,perturbed,180,0,0.114649,17.578125
smooth,Additive,perturbed,180,1,0.022856,
smooth,Additive+Smooth,perturbed,180,1,0.019660,654.296875
smooth,Convex only,perturbed,180,1,0.154683,
smooth,Smooth,perturbed,180,1,0.118704,19.921875
smooth,Additive,perturbed,200,0,0.023965,
smooth,Additive+Smooth,perturbed,200,0,0.021225,659.179688
smooth,Convex only,perturbed,200,0,0.151216,
smooth,Smooth,perturbed,200,0,0.112054,17.578125
smooth,Additive,perturbed,200,1,0.023344,
smooth,Convex only,perturbed,200,1,0.150617,
smooth,Smooth,perturbed,200,1,0.117220,19.921875
smooth,Additive,perturbed,200,2,0.017467,
smooth,Additive+Smooth,perturbed,200,2,0.014990,617.675781
smooth,Convex only,perturbed,200,2,0.151988,
smooth,Smooth,perturbed,200,2,0.112809,19.921875
smooth,Additive,perturbed,200,3,0.020124,
smooth,Additive+Smooth,perturbed,200,3,0.019090,139.160156
smooth,Convex only,perturbed,200,3,0.151216,
smooth,Smooth,perturbed,200,3,0.117801,19.921875
smooth,Additive,perturbed,200,4,0.019019,
smooth,Additive+Smooth,perturbed,200,4,0.013711,663.085938
smooth,Convex only,perturbed,200,4,0.149390,
smooth,Smooth,perturbed,200,4,0.115501,17.578125
smooth,Additive,perturbed,200,5,0.020366,
smooth,Additive+Smooth,perturbed,200,5,0.016148,567.382812
smooth,Convex only,perturbed,200,5,0.151092,
smooth,Smooth,perturbed,200,5,0.116682,19.921875
smooth,Additive,perturbed,200,6,0.024973,
smooth,Additive+Smooth,perturbed,200,6,0.022258,655.761719
smooth,Convex only,perturbed,200,6,0.151330,
smooth,Smooth,perturbed,200,6,0.111891,17.578125
smooth,Additive,perturbed,200,7,0.019399,
smooth,Additive+Smooth,perturbed,200,7,0.016518,565.429688
smooth,Convex only,perturbed,200,7,0.154374,
smooth,Smooth,perturbed,200,7,0.113311,17.578125
smooth,Additive,perturbed,200,8,0.026588,
smooth,Additive+Smooth,perturbed,200,8,0.023159,699.707031
smooth,Convex only,perturbed,200,8,0.153939,
smooth,Smooth,perturbed,200,8,0.119412,19.921875
smooth,Additive,perturbed,200,9,0.022292,
smooth,Additive+Smooth,perturbed,200,9,0.018246,659.667969
smooth,Convex only,perturbed,200,9,0.153861,
smooth,Smooth,perturbed,200,9,0.117911,19.921875
smooth,Additive,perturbed,200,10,0.017463,
smooth,Additive+Smooth,perturbed,200,10,0.013183,751.464844
smooth,Convex only,perturbed,200,10,0.149321,
smooth,Smooth,perturbed,200,10,0.107687,17.578125
smooth,Additive,perturbed,200,11,0.021937,
smooth,Additive+Smooth,perturbed,200,11,0.019298,555.175781
smooth,Convex only,perturbed,200,11,0.150021,
smooth,Smooth,perturbed,200,11,0.095528,13.476562
smooth,Additive,perturbed,200,12,0.021870,
smooth,Additive+Smooth,perturbed,200,12,0.018646,263.671875
smooth,Convex only,perturbed,200,12,0.153585,
smooth,Smooth,perturbed,200,12,0.117884,19.921875
smooth,Additive,perturbed,200,13,0.027558,
smooth,Additive+Smooth,perturbed,200,13,0.024819,644.042969
smooth,Convex only,perturbed,200,13,0.146567,
smooth,Smooth,perturbed,200,13,0.098666,13.476562
smooth,Additive,perturbed,200,14,0.023242,
smooth,Convex only,perturbed,200,14,0.161493,
smooth,Smooth,perturbed,200,14,0.088227,11.132812
smooth,Additive,perturbed,200,15,0.025047,
smooth,Convex only,perturbed,200,15,0.152139,
smooth,Smooth,perturbed,200,15,0.098119,13.476562
smooth,Additive,perturbed,200,16,0.034255,
smooth,Convex only,perturbed,200,16,0.148650,
smooth,Additive,perturbed,200,17,0.021744,
smooth,Convex only,perturbed,200,17,0.151713,
smooth,Additive,perturbed,200,18,0.021275,
smooth,Convex only,perturbed,200,18,0.144842,
smooth,Additive,perturbed,200,19,0.025005,
smooth,Convex only,perturbed,200,19,0.150759,
smooth,Convex only,not-perturbed,160,3,0.166651,
smooth,Convex only,not-perturbed,160,2,0.162229,
smooth,Convex only,not-perturbed,160,4,0.156008,
smooth,Convex only,not-perturbed,160,5,0.158001,
smooth,Additive,not-perturbed,160,4,0.016662,
smooth,Additive,not-perturbed,160,3,0.010433,
smooth,Additive,not-perturbed,160,2,0.011043,
smooth,Convex only,not-perturbed,160,6,0.164730,
smooth,Additive,not-perturbed,160,5,0.015621,
smooth,Additive,not-perturbed,160,6,0.013792,
smooth,Additive+Smooth,not-perturbed,160,5,0.002984,8.300781
smooth,Convex only,not-perturbed,160,7,0.159375,
smooth,Additive,not-perturbed,160,7,0.014635,
smooth,Additive+Smooth,not-perturbed,160,3,0.010368,8.203125
smooth,Additive+Smooth,not-perturbed,160,4,0.014106,8.789062
smooth,Convex only,not-perturbed,160,8,0.160866,
smooth,Additive,not-perturbed,160,8,0.020579,
smooth,Additive+Smooth,not-perturbed,160,2,0.008655,9.375000
smooth,Additive+Smooth,not-perturbed,160,6,0.011429,9.375000
smooth,Convex only,not-perturbed,160,9,0.160344,
smooth,Additive,not-perturbed,160,9,0.013963,
smooth,Smooth,not-perturbed,160,5,0.074618,8.203125
smooth,Smooth,not-perturbed,160,4,0.068781,8.203125
smooth,Convex only,not-perturbed,160,10,0.160048,
smooth,Additive,not-perturbed,160,10,0.017260,
smooth,Smooth,not-perturbed,160,2,0.068971,8.203125
smooth,Smooth,not-perturbed,160,6,0.073326,8.203125
smooth,Convex only,not-perturbed,160,11,0.162732,
smooth,Additive,not-perturbed,160,11,0.013811,
smooth,Smooth,not-perturbed,160,3,0.080402,8.203125
smooth,Additive+Smooth,not-perturbed,160,7,0.011789,9.375000
smooth,Convex only,not-perturbed,160,12,0.168005,
smooth,Additive,not-perturbed,160,12,0.012676,
smooth,Additive+Smooth,not-perturbed,160,9,0.003160,8.300781
smooth,Additive+Smooth,not-perturbed,160,8,0.018025,9.375000
smooth,Convex only,not-perturbed,160,13,0.153819,
smooth,Additive,not-perturbed,160,13,0.022824,
smooth,Smooth,not-perturbed,160,7,0.078618,8.789062
smooth,Additive+Smooth,not-perturbed,160,10,0.017624,8.203125
smooth,Convex only,not-perturbed,160,14,0.166648,
smooth,Additive,not-perturbed,160,14,0.014928,
smooth,Additive+Smooth,not-perturbed,160,11,0.012784,8.203125
smooth,Smooth,not-perturbed,160,8,0.077846,8.789062
smooth,Convex only,not-perturbed,160,15,0.169002,
smooth,Additive,not-perturbed,160,15,0.015974,
smooth,Smooth,not-perturbed,160,9,0.069877,8.203125
smooth,Additive+Smooth,not-perturbed,160,12,0.011810,8.203125
smooth,Convex only,not-perturbed,160,16,0.158520,
smooth,Additive,not-perturbed,160,16,0.027118,
smooth,Smooth,not-perturbed,160,10,0.070919,8.203125
smooth,Additive+Smooth,not-perturbed,160,13,0.003737,7.812500
smooth,Convex only,not-perturbed,160,17,0.159338,
smooth,Additive,not-perturbed,160,17,0.021701,
smooth,Smooth,not-perturbed,160,11,0.069855,8.203125
smooth,Additive+Smooth,not-perturbed,160,14,0.008752,7.617188
smooth,Convex only,not-perturbed,160,18,0.151795,
smooth,Additive,not-perturbed,160,18,0.015793,
smooth,Additive+Smooth,not-perturbed,160,15,0.013355,9.375000
smooth,Smooth,not-perturbed,160,12,0.081989,8.789062
smooth,Convex only,not-perturbed,160,19,0.165642,
smooth,Additive,not-perturbed,160,19,0.012953,
smooth,Smooth,not-perturbed,160,13,0.074975,8.789062
smooth,Smooth,not-perturbed,160,15,0.071152,7.617188
smooth,Convex only,perturbed,160,2,0.159524,
smooth,Additive,perturbed,160,2,0.019447,
smooth,Additive+Smooth,not-perturbed,160,17,0.019646,8.789062
smooth,Smooth,not-perturbed,160,14,0.074431,8.203125
smooth,Additive+Smooth,not-perturbed,160,16,0.003646,7.812500
smooth,Convex only,perturbed,160,3,0.161829,
smooth,Additive,perturbed,160,3,0.020987,
smooth,Smooth,not-perturbed,160,16,0.075534,8.203125
smooth,Convex only,perturbed,160,4,0.156592,
smooth,Additive,perturbed,160,4,0.026747,
smooth,Additive+Smooth,not-perturbed,160,18,0.012591,8.789062
smooth,Additive+Smooth,not-perturbed,160,19,0.011616,8.203125
smooth,Convex only,perturbed,160,5,0.158698,
smooth,Additive,perturbed,160,5,0.026957,
smooth,Smooth,not-perturbed,160,18,0.068963,8.203125
smooth,Smooth,not-perturbed,160,17,0.078727,8.789062
smooth,Convex only,perturbed,160,6,0.161980,
smooth,Additive,perturbed,160,6,0.023655,
smooth,Smooth,not-perturbed,160,19,0.074744,8.203125
smooth,Smooth,perturbed,160,3,0.100330,11.718750
smooth,Convex only,perturbed,160,7,0.163074,
smooth,Smooth,perturbed,160,2,0.103041,13.476562
smooth,Additive,perturbed,160,7,0.019532,
smooth,Smooth,perturbed,160,5,0.123999,19.921875
smooth,Convex only,perturbed,160,8,0.158570,
smooth,Additive,perturbed,160,8,0.030981,
smooth,Additive+Smooth,perturbed,160,2,0.017138,624.023438
smooth,Smooth,perturbed,160,4,0.118540,17.578125
smooth,Convex only,perturbed,160,9,0.156551,
smooth,Additive,perturbed,160,9,0.026188,
smooth,Additive+Smooth,perturbed,160,4,0.023105,682.128906
smooth,Smooth,perturbed,160,6,0.120243,17.578125
smooth,Convex only,perturbed,160,10,0.157066,
smooth,Additive,perturbed,160,10,0.023841,
smooth,Additive+Smooth,perturbed,160,3,0.017848,747.558594
smooth,Smooth,perturbed,160,7,0.092786,11.132812
smooth,Convex only,perturbed,160,11,0.154598,
smooth,Additive,perturbed,160,11,0.027046,
smooth,Additive+Smooth,perturbed,160,5,0.022191,702.636719
smooth,Additive+Smooth,perturbed,160,6,0.019571,643.066406
smooth,Convex only,perturbed,160,12,0.162307,
smooth,Additive,perturbed,160,12,0.022637,
smooth,Smooth,perturbed,160,8,0.124611,19.921875
smooth,Smooth,perturbed,160,9,0.094863,11.718750
smooth,Convex only,perturbed,160,13,0.155931,
smooth,Additive,perturbed,160,13,0.029451,
smooth,Additive+Smooth,perturbed,160,7,0.016934,515.136719
smooth,Additive+Smooth,perturbed,160,8,0.028422,507.324219
smooth,Convex only,perturbed,160,14,0.164164,
smooth,Additive,perturbed,160,14,0.023328,
smooth,Smooth,perturbed,160,10,0.100987,12.890625
smooth,Smooth,perturbed,160,11,0.100603,13.476562
smooth,Convex only,perturbed,160,15,0.170879,
smooth,Additive,perturbed,160,15,0.026356,
smooth,Smooth,perturbed,160,12,0.127326,19.921875
smooth,Additive+Smooth,perturbed,160,9,0.021895,636.718750
smooth,Convex only,perturbed,160,16,0.157452,
smooth,Additive,perturbed,160,16,0.036051,
smooth,Additive+Smooth,perturbed,160,10,0.020897,689.453125
smooth,Smooth,perturbed,160,13,0.107949,13.476562
smooth,Convex only,perturbed,160,17,0.156433,
smooth,Additive,perturbed,160,17,0.034293,
smooth,Additive+Smooth,perturbed,160,11,0.023562,640.625000
smooth,Smooth,perturbed,160,14,0.093585,11.132812
smooth,Convex only,perturbed,160,18,0.153073,
smooth,Additive,perturbed,160,18,0.024290,
smooth,Smooth,perturbed,160,15,0.097574,11.132812
smooth,Additive+Smooth,perturbed,160,12,0.019721,639.648438
smooth,Convex only,perturbed,160,19,0.164755,
smooth,Additive,perturbed,160,19,0.027424,
smooth,Additive+Smooth,perturbed,160,13,0.027344,594.726562
smooth,Smooth,perturbed,160,17,0.088819,10.546875
kicks3,Convex only,not-perturbed,160,2,0.157925,
kicks3,Additive,not-perturbed,160,2,0.121540,
smooth,Smooth,perturbed,160,16,0.124188,19.921875
smooth,Additive+Smooth,perturbed,160,14,0.020240,706.542969
kicks3,Convex only,not-perturbed,160,3,0.184897,
kicks3,Additive,not-perturbed,160,3,0.114349,
smooth,Smooth,perturbed,160,18,0.092020,11.132812
smooth,Additive+Smooth,perturbed,160,15,0.023420,643.554688
kicks3,Convex only,not-perturbed,160,4,0.158589,
kicks3,Additive,not-perturbed,160,4,0.147197,
smooth,Additive+Smooth,perturbed,160,18,0.023166,104.492188
smooth,Smooth,perturbed,160,19,0.127465,19.921875
kicks3,Convex only,not-perturbed,160,5,0.177443,
kicks3,Additive+Smooth,not-perturbed,160,2,0.079707,12.695312
kicks3,Additive,not-perturbed,160,5,0.135345,
smooth,Additive+Smooth,perturbed,160,17,0.026862,663.574219
kicks3,Convex only,not-perturbed,160,6,0.169468,
kicks3,Additive,not-perturbed,160,6,0.106115,
smooth,Additive+Smooth,perturbed,160,16,0.031154,628.906250
kicks3,Additive+Smooth,not-perturbed,160,4,0.117274,5.859375
kicks3,Convex only,not-perturbed,160,7,0.173361,
kicks3,Additive,not-perturbed,160,7,0.108549,
kicks3,Smooth,not-perturbed,160,2,0.095020,10.546875
kicks3,Smooth,not-perturbed,160,3,0.110049,10.546875
kicks3,Convex only,not-perturbed,160,8,0.189965,
kicks3,Additive,not-perturbed,160,8,0.107572,
kicks3,Smooth,not-perturbed,160,4,0.091668,10.546875
smooth,Additive+Smooth,perturbed,160,19,0.024331,689.453125
kicks3,Convex only,not-perturbed,160,9,0.166664,
kicks3,Additive,not-perturbed,160,9,0.121440,
kicks3,Additive+Smooth,not-perturbed,160,3,0.111481,814.453125
kicks3,Smooth,not-perturbed,160,5,0.112709,10.546875
kicks3,Convex only,not-perturbed,160,10,0.187933,
kicks3,Additive+Smooth,not-perturbed,160,5,0.132034,557.128906
kicks3,Additive,not-perturbed,160,10,0.139398,
kicks3,Smooth,not-perturbed,160,8,0.103327,9.960938
kicks3,Convex only,not-perturbed,160,11,0.162831,
kicks3,Additive,not-perturbed,160,11,0.116997,
kicks3,Smooth,not-perturbed,160,7,0.093428,10.546875
kicks3,Smooth,not-perturbed,160,6,0.100910,11.132812
kicks3,Convex only,not-perturbed,160,12,0.164250,
kicks3,Additive,not-perturbed,160,12,0.115382,
kicks3,Additive+Smooth,not-perturbed,160,6,0.103944,664.550781
kicks3,Additive+Smooth,not-perturbed,160,9,0.083727,21.972656
kicks3,Convex only,not-perturbed,160,13,0.171272,
kicks3,Additive,not-perturbed,160,13,0.147407,
kicks3,Smooth,not-perturbed,160,9,0.096704,10.546875
kicks3,Additive+Smooth,not-perturbed,160,7,0.105926,778.808594
kicks3,Convex only,not-perturbed,160,14,0.161128,
kicks3,Additive,not-perturbed,160,14,0.129940,
kicks3,Additive+Smooth,not-perturbed,160,8,0.105152,770.019531
kicks3,Smooth,not-perturbed,160,10,0.111621,9.960938
kicks3,Convex only,not-perturbed,160,15,0.189224,
kicks3,Additive,not-perturbed,160,15,0.114111,
kicks3,Additive+Smooth,not-perturbed,160,10,0.089257,11.230469
kicks3,Additive+Smooth,not-perturbed,160,11,0.085199,21.972656
kicks3,Convex only,not-perturbed,160,16,0.159730,
kicks3,Additive,not-perturbed,160,16,0.120809,
kicks3,Additive+Smooth,not-perturbed,160,13,0.109753,5.273438
kicks3,Smooth,not-perturbed,160,12,0.130149,19.921875
kicks3,Smooth,not-perturbed,160,11,0.123199,16.406250
kicks3,Convex only,not-perturbed,160,17,0.193324,
kicks3,Additive,not-perturbed,160,17,0.115683,
kicks3,Smooth,not-perturbed,160,13,0.098236,10.546875
kicks3,Convex only,not-perturbed,160,18,0.179437,
kicks3,Additive,not-perturbed,160,18,0.118890,
kicks3,Additive+Smooth,not-perturbed,160,14,0.087353,14.648438
kicks3,Smooth,not-perturbed,160,14,0.092034,10.546875
kicks3,Convex only,not-perturbed,160,19,0.164427,
kicks3,Additive,not-perturbed,160,19,0.120766,
kicks3,Additive+Smooth,not-perturbed,160,12,0.113132,744.140625
kicks3,Smooth,not-perturbed,160,16,0.089982,10.546875
kicks3,Convex only,perturbed,160,2,0.161479,
kicks3,Additive,perturbed,160,2,0.109351,
kicks3,Additive+Smooth,not-perturbed,160,16,0.092306,25.390625
kicks3,Smooth,not-perturbed,160,15,0.120327,11.718750
kicks3,Convex only,perturbed,160,3,0.188236,
kicks3,Additive,perturbed,160,3,0.114509,
kicks3,Additive+Smooth,not-perturbed,160,15,0.111534,807.617188
kicks3,Additive+Smooth,not-perturbed,160,18,0.085674,35.156250
kicks3,Convex only,perturbed,160,4,0.164524,
kicks3,Additive,perturbed,160,4,0.153734,
kicks3,Smooth,not-perturbed,160,18,0.112795,10.546875
kicks3,Smooth,not-perturbed,160,19,0.096092,11.132812
kicks3,Convex only,perturbed,160,5,0.175376,
kicks3,Additive,perturbed,160,5,0.124851,
kicks3,Smooth,not-perturbed,160,17,0.154467,19.921875
kicks3,Additive+Smooth,not-perturbed,160,17,0.114189,808.593750
kicks3,Convex only,perturbed,160,6,0.167732,
kicks3,Additive,perturbed,160,6,0.113132,
kicks3,Additive+Smooth,perturbed,160,3,0.090891,12.695312
kicks3,Additive+Smooth,not-perturbed,160,19,0.105623,817.871094
kicks3,Convex only,perturbed,160,7,0.169190,
kicks3,Additive,perturbed,160,7,0.122829,
kicks3,Additive+Smooth,perturbed,160,2,0.102603,806.152344
kicks3,Smooth,perturbed,160,3,0.134292,15.234375
kicks3,Convex only,perturbed,160,8,0.181558,
kicks3,Additive,perturbed,160,8,0.106661,
kicks3,Smooth,perturbed,160,2,0.121314,16.992188
kicks3,Additive+Smooth,perturbed,160,4,0.112274,205.566406
kicks3,Convex only,perturbed,160,9,0.165803,
kicks3,Additive,perturbed,160,9,0.106843,
kicks3,Smooth,perturbed,160,4,0.106251,13.476562
kicks3,Smooth,perturbed,160,5,0.117419,12.304688
kicks3,Convex only,perturbed,160,10,0.181862,
kicks3,Additive,perturbed,160,10,0.138908,
kicks3,Additive+Smooth,perturbed,160,5,0.122699,761.230469
kicks3,Smooth,perturbed,160,6,0.133469,22.851562
kicks3,Convex only,perturbed,160,11,0.164383,
kicks3,Additive,perturbed,160,11,0.112310,
kicks3,Additive+Smooth,perturbed,160,7,0.087525,21.972656
kicks3,Smooth,perturbed,160,7,0.118679,15.234375
kicks3,Convex only,perturbed,160,12,0.165389,
kicks3,Additive,perturbed,160,12,0.114929,
kicks3,Additive+Smooth,perturbed,160,6,0.108466,801.757812
kicks3,Smooth,perturbed,160,8,0.119347,12.890625
kicks3,Convex only,perturbed,160,13,0.169933,
kicks3,Additive,perturbed,160,13,0.148443,
kicks3,Additive+Smooth,perturbed,160,8,0.102833,802.734375
kicks3,Smooth,perturbed,160,9,0.122985,16.992188
kicks3,Convex only,perturbed,160,14,0.160800,
kicks3,Additive,perturbed,160,14,0.128135,
kicks3,Smooth,perturbed,160,10,0.136909,15.234375
kicks3,Additive+Smooth,perturbed,160,10,0.096456,98.144531
kicks3,Convex only,perturbed,160,15,0.185590,
kicks3,Additive,perturbed,160,15,0.116151,
kicks3,Additive+Smooth,perturbed,160,9,0.102153,808.105469
kicks3,Additive+Smooth,perturbed,160,11,0.111373,90.820312
kicks3,Convex only,perturbed,160,16,0.165306,
kicks3,Additive,perturbed,160,16,0.120096,
kicks3,Smooth,perturbed,160,11,0.124385,16.992188
kicks3,Smooth,perturbed,160,12,0.103231,12.890625
kicks3,Convex only,perturbed,160,17,0.185997,
kicks3,Additive,perturbed,160,17,0.109834,
kicks3,Additive+Smooth,perturbed,160,13,0.102052,200.683594
kicks3,Smooth,perturbed,160,13,0.115757,14.648438
kicks3,Convex only,perturbed,160,18,0.175822,
kicks3,Additive,perturbed,160,18,0.126440,
kicks3,Additive+Smooth,perturbed,160,12,0.112550,770.019531
kicks3,Additive+Smooth,perturbed,160,14,0.126485,786.132812
kicks3,Convex only,perturbed,160,19,0.159963,
kicks3,Additive,perturbed,160,19,0.111136,
kicks3,Smooth,perturbed,160,14,0.112718,15.234375
kicks3,Smooth,perturbed,160,15,0.120023,12.304688
kicks3,Smooth,perturbed,160,16,0.104401,12.890625
kicks3,Additive+Smooth,perturbed,160,15,0.113803,761.718750
kicks3,Additive+Smooth,perturbed,160,18,0.088620,13.183594
kicks3,Additive+Smooth,perturbed,160,16,0.117303,630.859375
kicks3,Smooth,perturbed,160,17,0.142101,15.820312
kicks3,Smooth,perturbed,160,18,0.131617,15.234375
kicks3,Additive+Smooth,perturbed,160,17,0.108579,769.042969
kicks3,Smooth,perturbed,160,19,0.106704,13.476562
kicks3,Additive+Smooth,perturbed,160,19,0.108433,806.640625
smooth,Convex only,not-perturbed,180,4,0.154790,
smooth,Convex only,not-perturbed,180,3,0.160446,
smooth,Convex only,not-perturbed,180,2,0.154442,
smooth,Convex only,not-perturbed,180,5,0.155177,
smooth,Additive,not-perturbed,180,3,0.010060,
smooth,Additive,not-perturbed,180,2,0.009982,
smooth,Additive,not-perturbed,180,4,0.015491,
smooth,Convex only,not-perturbed,180,6,0.158623,
smooth,Additive,not-perturbed,180,5,0.014809,
smooth,Additive,not-perturbed,180,6,0.013278,
smooth,Additive+Smooth,not-perturbed,180,4,0.002676,8.300781
smooth,Convex only,not-perturbed,180,7,0.156328,
smooth,Additive+Smooth,not-perturbed,180,5,0.002701,8.300781
smooth,Additive,not-perturbed,180,7,0.011635,
smooth,Additive+Smooth,not-perturbed,180,6,0.003179,8.300781
smooth,Convex only,not-perturbed,180,8,0.160475,
smooth,Additive,not-perturbed,180,8,0.016280,
smooth,Additive+Smooth,not-perturbed,180,3,0.009569,8.203125
smooth,Additive+Smooth,not-perturbed,180,2,0.008013,9.375000
smooth,Convex only,not-perturbed,180,9,0.157273,
smooth,Additive,not-perturbed,180,9,0.012914,
smooth,Smooth,not-perturbed,180,3,0.072274,8.203125
smooth,Smooth,not-perturbed,180,2,0.066292,8.203125
smooth,Convex only,not-perturbed,180,10,0.154165,
smooth,Additive,not-perturbed,180,10,0.008733,
smooth,Smooth,not-perturbed,180,5,0.077170,8.789062
smooth,Smooth,not-perturbed,180,6,0.071802,8.203125
smooth,Convex only,not-perturbed,180,11,0.154050,
smooth,Smooth,not-perturbed,180,4,0.068289,8.203125
smooth,Additive,not-perturbed,180,11,0.012607,
smooth,Additive+Smooth,not-perturbed,180,8,0.002852,8.300781
smooth,Convex only,not-perturbed,180,12,0.157920,
smooth,Additive,not-perturbed,180,12,0.011521,
smooth,Additive+Smooth,not-perturbed,180,7,0.009474,9.375000
smooth,Additive+Smooth,not-perturbed,180,9,0.002557,8.300781
smooth,Convex only,not-perturbed,180,13,0.146608,
smooth,Additive,not-perturbed,180,13,0.022177,
smooth,Additive+Smooth,not-perturbed,180,11,0.002733,8.300781
smooth,Smooth,not-perturbed,180,7,0.075798,8.789062
smooth,Convex only,not-perturbed,180,14,0.165543,
smooth,Additive,not-perturbed,180,14,0.014131,
smooth,Smooth,not-perturbed,180,8,0.076630,8.789062
smooth,Additive+Smooth,not-perturbed,180,10,0.012062,7.617188
smooth,Convex only,not-perturbed,180,15,0.160702,
smooth,Additive,not-perturbed,180,15,0.015188,
smooth,Additive+Smooth,not-perturbed,180,12,0.012505,7.617188
smooth,Smooth,not-perturbed,180,9,0.076230,8.789062
smooth,Convex only,not-perturbed,180,16,0.152181,
smooth,Additive,not-perturbed,180,16,0.026164,
smooth,Additive+Smooth,not-perturbed,180,13,0.021256,8.203125
smooth,Smooth,not-perturbed,180,10,0.067573,8.203125
smooth,Convex only,not-perturbed,180,17,0.153632,
smooth,Additive+Smooth,not-perturbed,180,14,0.013265,8.203125
smooth,Additive+Smooth,not-perturbed,180,15,0.016507,7.617188
smooth,Additive,not-perturbed,180,17,0.017951,
smooth,Convex only,not-perturbed,180,18,0.146544,
smooth,Additive,not-perturbed,180,18,0.013621,
smooth,Smooth,not-perturbed,180,11,0.068317,8.203125
smooth,Smooth,not-perturbed,180,12,0.076610,8.789062
smooth,Convex only,not-perturbed,180,19,0.162652,
smooth,Additive,not-perturbed,180,19,0.011299,
smooth,Smooth,not-perturbed,180,15,0.066956,7.617188
smooth,Additive+Smooth,not-perturbed,180,17,0.002937,8.300781
smooth,Convex only,perturbed,180,2,0.156007,
smooth,Additive,perturbed,180,2,0.019049,
smooth,Smooth,not-perturbed,180,13,0.073224,8.789062
smooth,Smooth,not-perturbed,180,14,0.074422,8.203125
smooth,Convex only,perturbed,180,3,0.160147,
smooth,Additive,perturbed,180,3,0.020919,
smooth,Additive+Smooth,not-perturbed,180,18,0.012766,8.203125
smooth,Additive+Smooth,not-perturbed,180,16,0.003382,7.812500
smooth,Convex only,perturbed,180,4,0.153079,
smooth,Additive,perturbed,180,4,0.027262,
smooth,Smooth,not-perturbed,180,16,0.072961,8.203125
smooth,Smooth,not-perturbed,180,18,0.065810,8.203125
smooth,Convex only,perturbed,180,5,0.153281,
smooth,Additive,perturbed,180,5,0.025417,
smooth,Additive+Smooth,not-perturbed,180,19,0.009124,9.375000
smooth,Smooth,not-perturbed,180,17,0.075937,8.789062
smooth,Convex only,perturbed,180,6,0.155990,
smooth,Additive,perturbed,180,6,0.024766,
smooth,Smooth,not-perturbed,180,19,0.073149,8.203125
smooth,Smooth,perturbed,180,2,0.100147,13.476562
smooth,Convex only,perturbed,180,7,0.158293,
smooth,Additive,perturbed,180,7,0.019688,
smooth,Smooth,perturbed,180,3,0.091394,11.718750
smooth,Smooth,perturbed,180,4,0.117551,17.578125
smooth,Convex only,perturbed,180,8,0.157082,
smooth,Additive,perturbed,180,8,0.026966,
smooth,Additive+Smooth,perturbed,180,2,0.016597,550.781250
smooth,Smooth,perturbed,180,5,0.121095,19.921875
smooth,Convex only,perturbed,180,9,0.155005,
smooth,Additive,perturbed,180,9,0.024694,
smooth,Additive+Smooth,perturbed,180,3,0.017968,653.320312
smooth,Additive+Smooth,perturbed,180,4,0.020157,716.308594
smooth,Convex only,perturbed,180,10,0.152241,
smooth,Additive,perturbed,180,10,0.017344,
smooth,Smooth,perturbed,180,6,0.114890,17.578125
smooth,Additive+Smooth,perturbed,180,5,0.020971,666.015625
smooth,Convex only,perturbed,180,11,0.154206,
smooth,Additive,perturbed,180,11,0.022282,
smooth,Smooth,perturbed,180,7,0.116377,17.578125
smooth,Additive+Smooth,perturbed,180,6,0.019172,493.164062
smooth,Convex only,perturbed,180,12,0.155956,
smooth,Additive,perturbed,180,12,0.022745,
smooth,Smooth,perturbed,180,8,0.123299,19.921875
smooth,Additive+Smooth,perturbed,180,7,0.016742,712.402344
smooth,Convex only,perturbed,180,13,0.150010,
smooth,Additive,perturbed,180,13,0.031306,
smooth,Smooth,perturbed,180,9,0.118163,19.921875
smooth,Additive+Smooth,perturbed,180,8,0.024163,636.718750
smooth,Convex only,perturbed,180,14,0.161810,
smooth,Additive,perturbed,180,14,0.023969,
smooth,Additive+Smooth,perturbed,180,9,0.020882,574.707031
smooth,Smooth,perturbed,180,10,0.096749,12.890625
smooth,Convex only,perturbed,180,15,0.160731,
smooth,Additive,perturbed,180,15,0.025480,
smooth,Smooth,perturbed,180,11,0.097614,13.476562
smooth,Smooth,perturbed,180,12,0.122322,19.921875
smooth,Convex only,perturbed,180,16,0.149082,
smooth,Additive,perturbed,180,16,0.034033,
smooth,Additive+Smooth,perturbed,180,10,0.014469,750.000000
smooth,Additive+Smooth,perturbed,180,12,0.021280,195.312500
smooth,Convex only,perturbed,180,17,0.153020,
smooth,Additive+Smooth,perturbed,180,11,0.019678,589.355469
smooth,Additive,perturbed,180,17,0.029050,
smooth,Smooth,perturbed,180,15,0.094207,11.132812
smooth,Convex only,perturbed,180,18,0.146864,
smooth,Additive,perturbed,180,18,0.023550,
smooth,Smooth,perturbed,180,14,0.092614,11.132812
smooth,Smooth,perturbed,180,13,0.101711,13.476562
smooth,Convex only,perturbed,180,19,0.158886,
smooth,Additive,perturbed,180,19,0.024578,
smooth,Smooth,perturbed,180,16,0.117905,19.921875
smooth,Additive+Smooth,perturbed,180,13,0.027313,697.753906
kicks3,Convex only,not-perturbed,180,2,0.159591,
kicks3,Additive,not-perturbed,180,2,0.121099,
smooth,Additive+Smooth,perturbed,180,15,0.021538,644.531250
smooth,Additive+Smooth,perturbed,180,14,0.019834,725.097656
kicks3,Convex only,not-perturbed,180,3,0.161749,
kicks3,Additive,not-perturbed,180,3,0.127033,
smooth,Additive+Smooth,perturbed,180,18,0.022449,109.863281
smooth,Smooth,perturbed,180,18,0.085502,11.132812
kicks3,Convex only,not-perturbed,180,4,0.158496,
kicks3,Additive,not-perturbed,180,4,0.147857,
kicks3,Additive+Smooth,not-perturbed,180,2,0.079530,12.695312
smooth,Smooth,perturbed,180,17,0.097081,12.890625
kicks3,Convex only,not-perturbed,180,5,0.156225,
kicks3,Additive,not-perturbed,180,5,0.116697,
smooth,Smooth,perturbed,180,19,0.124129,19.921875
smooth,Additive+Smooth,perturbed,180,17,0.023768,715.820312
kicks3,Convex only,not-perturbed,180,6,0.166358,
kicks3,Additive,not-perturbed,180,6,0.106132,
kicks3,Smooth,not-perturbed,180,2,0.090756,10.546875
smooth,Additive+Smooth,perturbed,180,16,0.030673,657.714844
kicks3,Convex only,not-perturbed,180,7,0.162669,
kicks3,Additive,not-perturbed,180,7,0.105213,
kicks3,Additive+Smooth,not-perturbed,180,3,0.119227,8.203125
kicks3,Smooth,not-perturbed,180,3,0.092933,10.546875
kicks3,Convex only,not-perturbed,180,8,0.177775,
kicks3,Additive,not-perturbed,180,8,0.103957,
kicks3,Additive+Smooth,not-perturbed,180,4,0.116008,5.859375
smooth,Additive+Smooth,perturbed,180,19,0.021767,687.988281
kicks3,Convex only,not-perturbed,180,9,0.162480,
kicks3,Additive,not-perturbed,180,9,0.122742,
kicks3,Smooth,not-perturbed,180,4,0.094899,11.718750
kicks3,Smooth,not-perturbed,180,5,0.088700,10.546875
kicks3,Convex only,not-perturbed,180,10,0.167048,
kicks3,Additive,not-perturbed,180,10,0.129233,
kicks3,Smooth,not-perturbed,180,8,0.098765,9.960938
kicks3,Smooth,not-perturbed,180,6,0.097284,11.132812
kicks3,Convex only,not-perturbed,180,11,0.160550,
kicks3,Additive,not-perturbed,180,11,0.116259,
kicks3,Smooth,not-perturbed,180,7,0.091129,10.546875
kicks3,Additive+Smooth,not-perturbed,180,6,0.103509,825.195312
kicks3,Convex only,not-perturbed,180,12,0.156730,
kicks3,Additive,not-perturbed,180,12,0.111683,
kicks3,Additive+Smooth,not-perturbed,180,8,0.101926,770.507812
kicks3,Additive+Smooth,not-perturbed,180,7,0.103688,771.972656
kicks3,Convex only,not-perturbed,180,13,0.162085,
kicks3,Additive,not-perturbed,180,13,0.147014,
kicks3,Additive+Smooth,not-perturbed,180,9,0.085168,21.972656
kicks3,Smooth,not-perturbed,180,9,0.094750,10.546875
kicks3,Convex only,not-perturbed,180,14,0.158862,
kicks3,Additive,not-perturbed,180,14,0.127700,
kicks3,Additive+Smooth,not-perturbed,180,5,0.113589,799.804688
kicks3,Smooth,not-perturbed,180,10,0.086634,9.960938
kicks3,Convex only,not-perturbed,180,15,0.159185,
kicks3,Additive,not-perturbed,180,15,0.114290,
kicks3,Additive+Smooth,not-perturbed,180,13,0.109659,5.273438
kicks3,Convex only,not-perturbed,180,16,0.159119,
kicks3,Additive+Smooth,not-perturbed,180,10,0.087976,14.648438
kicks3,Additive,not-perturbed,180,16,0.121115,
kicks3,Additive+Smooth,not-perturbed,180,12,0.082980,75.683594
kicks3,Convex only,not-perturbed,180,17,0.189954,
kicks3,Additive,not-perturbed,180,17,0.114373,
kicks3,Smooth,not-perturbed,180,12,0.123729,19.921875
kicks3,Smooth,not-perturbed,180,13,0.095734,10.546875
kicks3,Convex only,not-perturbed,180,18,0.177607,
kicks3,Additive,not-perturbed,180,18,0.116842,
kicks3,Smooth,not-perturbed,180,11,0.119232,16.406250
kicks3,Smooth,not-perturbed,180,14,0.096052,11.718750
kicks3,Convex only,not-perturbed,180,19,0.159214,
kicks3,Additive,not-perturbed,180,19,0.120665,
kicks3,Additive+Smooth,not-perturbed,180,16,0.093911,25.390625
kicks3,Smooth,not-perturbed,180,16,0.089188,10.546875
kicks3,Convex only,perturbed,180,2,0.160625,
kicks3,Additive,perturbed,180,2,0.104422,
kicks3,Additive+Smooth,not-perturbed,180,14,0.087021,14.648438
kicks3,Additive+Smooth,not-perturbed,180,15,0.111439,798.828125
kicks3,Convex only,perturbed,180,3,0.159175,
kicks3,Additive,perturbed,180,3,0.126248,
kicks3,Smooth,not-perturbed,180,15,0.098518,11.718750
kicks3,Smooth,not-perturbed,180,17,0.151933,19.921875
kicks3,Convex only,perturbed,180,4,0.160108,
kicks3,Additive,perturbed,180,4,0.151203,
kicks3,Smooth,not-perturbed,180,18,0.111251,10.546875
kicks3,Additive+Smooth,not-perturbed,180,17,0.112455,798.339844
kicks3,Convex only,perturbed,180,5,0.158730,
kicks3,Additive,perturbed,180,5,0.111668,
kicks3,Smooth,not-perturbed,180,19,0.093998,11.132812
kicks3,Additive+Smooth,not-perturbed,180,19,0.111690,818.847656
kicks3,Convex only,perturbed,180,6,0.161681,
kicks3,Additive,perturbed,180,6,0.109773,
kicks3,Additive+Smooth,not-perturbed,180,18,0.109004,771.972656
kicks3,Smooth,perturbed,180,2,0.112694,16.992188
kicks3,Convex only,perturbed,180,7,0.157891,
kicks3,Additive,perturbed,180,7,0.121221,
kicks3,Additive+Smooth,perturbed,180,3,0.122907,9.375000
kicks3,Additive+Smooth,perturbed,180,2,0.101643,819.824219
kicks3,Convex only,perturbed,180,8,0.174409,
kicks3,Additive,perturbed,180,8,0.106390,
kicks3,Smooth,perturbed,180,4,0.119358,16.992188
kicks3,Convex only,perturbed,180,9,0.162905,
kicks3,Additive,perturbed,180,9,0.114382,
kicks3,Smooth,perturbed,180,3,0.111300,15.234375
kicks3,Smooth,perturbed,180,5,0.100019,13.476562
kicks3,Convex only,perturbed,180,10,0.163639,
kicks3,Additive,perturbed,180,10,0.129790,
kicks3,Additive+Smooth,perturbed,180,7,0.087889,21.972656
kicks3,Additive+Smooth,perturbed,180,5,0.108576,785.644531
kicks3,Convex only,perturbed,180,11,0.157591,
kicks3,Additive,perturbed,180,11,0.110407,
kicks3,Smooth,perturbed,180,6,0.128675,22.851562
kicks3,Smooth,perturbed,180,8,0.116348,12.890625
kicks3,Convex only,perturbed,180,12,0.160837,
kicks3,Additive,perturbed,180,12,0.114492,
kicks3,Smooth,perturbed,180,7,0.109536,15.234375
kicks3,Additive+Smooth,perturbed,180,6,0.107355,810.546875
kicks3,Convex only,perturbed,180,13,0.162988,
kicks3,Additive,perturbed,180,13,0.147586,
kicks3,Additive+Smooth,perturbed,180,9,0.089878,24.414062
kicks3,Additive+Smooth,perturbed,180,8,0.104174,803.222656
kicks3,Convex only,perturbed,180,14,0.160685,
kicks3,Additive,perturbed,180,14,0.124838,
kicks3,Smooth,perturbed,180,10,0.112007,15.234375
kicks3,Smooth,perturbed,180,9,0.123484,16.992188
kicks3,Convex only,perturbed,180,15,0.157899,
kicks3,Additive,perturbed,180,15,0.115321,
kicks3,Additive+Smooth,perturbed,180,10,0.127864,802.734375
kicks3,Additive+Smooth,perturbed,180,13,0.104767,204.589844
kicks3,Convex only,perturbed,180,16,0.164113,
kicks3,Additive,perturbed,180,16,0.121325,
kicks3,Smooth,perturbed,180,11,0.115716,16.992188
kicks3,Additive+Smooth,perturbed,180,11,0.108022,786.621094
kicks3,Convex only,perturbed,180,17,0.182832,
kicks3,Smooth,perturbed,180,13,0.114875,14.648438
kicks3,Additive,perturbed,180,17,0.108573,
kicks3,Smooth,perturbed,180,12,0.109332,15.820312
kicks3,Convex only,perturbed,180,18,0.173591,
kicks3,Additive,perturbed,180,18,0.122240,
kicks3,Additive+Smooth,perturbed,180,12,0.107477,808.593750
kicks3,Additive+Smooth,perturbed,180,14,0.122463,735.351562
kicks3,Convex only,perturbed,180,19,0.154636,
kicks3,Additive,perturbed,180,19,0.112299,
kicks3,Smooth,perturbed,180,14,0.110584,15.234375
kicks3,Smooth,perturbed,180,15,0.100039,12.304688
kicks3,Additive+Smooth,perturbed,180,15,0.112468,786.621094
kicks3,Additive+Smooth,perturbed,180,18,0.085559,18.066406
kicks3,Smooth,perturbed,180,16,0.109763,14.648438
kicks3,Additive+Smooth,perturbed,180,16,0.116804,639.160156
kicks3,Smooth,perturbed,180,17,0.138842,15.820312
kicks3,Smooth,perturbed,180,18,0.125896,15.234375
kicks3,Additive+Smooth,perturbed,180,17,0.104462,809.082031
kicks3,Smooth,perturbed,180,19,0.104169,13.476562
kicks3,Additive+Smooth,perturbed,180,19,0.109601,780.273438
kicks3,Smooth,not-perturbed,200,2,0.090847,10.546875
smooth,Smooth,perturbed,200,18,0.084814,11.132812
kicks3,Convex only,not-perturbed,200,3,0.159979,
kicks3,Additive,not-perturbed,200,3,0.126074,
smooth,Smooth,perturbed,200,19,0.117715,19.921875
smooth,Smooth,perturbed,200,16,0.117604,19.921875
kicks3,Convex only,not-perturbed,200,4,0.157060,
kicks3,Additive,not-perturbed,200,4,0.142260,
smooth,Smooth,perturbed,200,17,0.095675,12.890625
smooth,Additive+Smooth,perturbed,200,17,0.017758,634.765625
smooth,Additive+Smooth,perturbed,200,15,0.022398,615.234375
kicks3,Convex only,not-perturbed,200,5,0.155364,
kicks3,Additive,not-perturbed,200,5,0.107548,
smooth,Additive+Smooth,perturbed,200,18,0.018480,468.261719
kicks3,Convex only,not-perturbed,200,6,0.161776,
kicks3,Additive,not-perturbed,200,6,0.104015,
smooth,Additive+Smooth,perturbed,200,16,0.029814,681.640625
kicks3,Additive+Smooth,not-perturbed,200,2,0.081958,12.695312
kicks3,Convex only,not-perturbed,200,7,0.158335,
kicks3,Additive,not-perturbed,200,7,0.105113,
smooth,Additive+Smooth,perturbed,200,19,0.022139,670.410156
kicks3,Additive+Smooth,not-perturbed,200,4,0.114739,5.859375
kicks3,Convex only,not-perturbed,200,8,0.176937,
kicks3,Additive,not-perturbed,200,8,0.105469,
kicks3,Additive+Smooth,not-perturbed,200,3,0.116918,8.203125
kicks3,Smooth,not-perturbed,200,3,0.090487,10.546875
kicks3,Convex only,not-perturbed,200,9,0.159992,
kicks3,Additive,not-perturbed,200,9,0.120285,
kicks3,Smooth,not-perturbed,200,5,0.088912,10.546875
kicks3,Convex only,not-perturbed,200,10,0.164973,
kicks3,Additive,not-perturbed,200,10,0.139958,
kicks3,Smooth,not-perturbed,200,6,0.091935,11.132812
kicks3,Smooth,not-perturbed,200,7,0.092441,11.718750
kicks3,Convex only,not-perturbed,200,11,0.155187,
kicks3,Additive,not-perturbed,200,11,0.118465,
kicks3,Smooth,not-perturbed,200,4,0.107170,14.062500
kicks3,Smooth,not-perturbed,200,8,0.096585,9.960938
kicks3,Convex only,not-perturbed,200,12,0.155800,
kicks3,Additive,not-perturbed,200,12,0.114418,
kicks3,Additive+Smooth,not-perturbed,200,10,0.116390,6.445312
kicks3,Additive+Smooth,not-perturbed,200,6,0.101554,790.039062
kicks3,Convex only,not-perturbed,200,13,0.156845,
kicks3,Additive,not-perturbed,200,13,0.140548,
kicks3,Additive+Smooth,not-perturbed,200,7,0.103623,780.761719
kicks3,Smooth,not-perturbed,200,10,0.090381,10.546875
kicks3,Convex only,not-perturbed,200,14,0.158060,
kicks3,Smooth,not-perturbed,200,9,0.093300,10.546875
kicks3,Additive,not-perturbed,200,14,0.119124,
kicks3,Additive+Smooth,not-perturbed,200,9,0.116079,437.988281
kicks3,Convex only,not-perturbed,200,15,0.157581,
kicks3,Additive,not-perturbed,200,15,0.126122,
kicks3,Additive+Smooth,not-perturbed,200,8,0.103504,795.898438
kicks3,Additive+Smooth,not-perturbed,200,13,0.118168,5.859375
kicks3,Convex only,not-perturbed,200,16,0.150569,
kicks3,Additive,not-perturbed,200,16,0.121762,
kicks3,Additive+Smooth,not-perturbed,200,11,0.083504,21.972656
kicks3,Smooth,not-perturbed,200,11,0.115864,16.406250
kicks3,Convex only,not-perturbed,200,17,0.189704,
kicks3,Additive,not-perturbed,200,17,0.114282,
kicks3,Smooth,not-perturbed,200,13,0.098414,11.718750
kicks3,Convex only,not-perturbed,200,18,0.154899,
kicks3,Additive,not-perturbed,200,18,0.110918,
kicks3,Additive+Smooth,not-perturbed,200,15,0.115442,8.789062
kicks3,Additive+Smooth,not-perturbed,200,12,0.112272,718.750000
kicks3,Convex only,not-perturbed,200,19,0.153150,
kicks3,Additive,not-perturbed,200,19,0.118342,
kicks3,Smooth,not-perturbed,200,12,0.121653,19.921875
kicks3,Smooth,not-perturbed,200,15,0.097509,11.718750
kicks3,Convex only,perturbed,200,2,0.158155,
kicks3,Additive,perturbed,200,2,0.109660,
kicks3,Smooth,not-perturbed,200,14,0.107423,14.062500
kicks3,Additive+Smooth,not-perturbed,200,16,0.121692,39.062500
kicks3,Convex only,perturbed,200,3,0.151803,
kicks3,Additive,perturbed,200,3,0.124272,
kicks3,Smooth,not-perturbed,200,16,0.092156,11.718750
kicks3,Smooth,not-perturbed,200,18,0.089115,10.546875
kicks3,Convex only,perturbed,200,4,0.154698,
kicks3,Additive,perturbed,200,4,0.147750,
kicks3,Smooth,not-perturbed,200,17,0.150885,19.921875
kicks3,Smooth,not-perturbed,200,19,0.090058,11.132812
kicks3,Convex only,perturbed,200,5,0.157210,
kicks3,Additive,perturbed,200,5,0.107040,
kicks3,Additive+Smooth,not-perturbed,200,18,0.094733,302.734375
kicks3,Additive+Smooth,not-perturbed,200,17,0.112423,797.363281
kicks3,Convex only,perturbed,200,6,0.156374,
kicks3,Additive,perturbed,200,6,0.106012,
kicks3,Additive+Smooth,perturbed,200,3,0.121929,9.375000
kicks3,Smooth,perturbed,200,2,0.111933,16.992188
kicks3,Convex only,perturbed,200,7,0.154042,
kicks3,Additive,perturbed,200,7,0.121117,
kicks3,Additive+Smooth,not-perturbed,200,19,0.116071,810.058594
kicks3,Additive+Smooth,perturbed,200,2,0.107507,767.578125
kicks3,Convex only,perturbed,200,8,0.173987,
kicks3,Additive,perturbed,200,8,0.114336,
kicks3,Additive+Smooth,perturbed,200,4,0.110431,202.636719
kicks3,Smooth,perturbed,200,3,0.113176,16.992188
kicks3,Convex only,perturbed,200,9,0.162465,
kicks3,Additive,perturbed,200,9,0.114210,
kicks3,Smooth,perturbed,200,4,0.111901,16.992188
kicks3,Smooth,perturbed,200,5,0.098433,13.476562
kicks3,Convex only,perturbed,200,10,0.159704,
kicks3,Additive,perturbed,200,10,0.142494,
kicks3,Smooth,perturbed,200,6,0.121956,22.851562
kicks3,Additive+Smooth,perturbed,200,7,0.087723,21.972656
kicks3,Convex only,perturbed,200,11,0.155463,
kicks3,Additive,perturbed,200,11,0.107971,
kicks3,Additive+Smooth,perturbed,200,8,0.109794,68.847656
kicks3,Smooth,perturbed,200,7,0.105350,15.234375
kicks3,Convex only,perturbed,200,12,0.157892,
kicks3,Additive,perturbed,200,12,0.111594,
kicks3,Additive+Smooth,perturbed,200,6,0.103201,809.082031
kicks3,Smooth,perturbed,200,8,0.114686,12.890625
kicks3,Convex only,perturbed,200,13,0.156333,
kicks3,Additive,perturbed,200,13,0.149449,
kicks3,Additive+Smooth,perturbed,200,5,0.104629,785.644531
kicks3,Smooth,perturbed,200,9,0.131952,22.851562
kicks3,Convex only,perturbed,200,14,0.159760,
kicks3,Additive,perturbed,200,14,0.124355,
kicks3,Smooth,perturbed,200,10,0.111382,15.820312
kicks3,Additive+Smooth,perturbed,200,9,0.111295,813.964844
kicks3,Convex only,perturbed,200,15,0.155235,
kicks3,Additive,perturbed,200,15,0.129120,
kicks3,Additive+Smooth,perturbed,200,10,0.108370,202.636719
kicks3,Convex only,perturbed,200,16,0.151931,
kicks3,Additive,perturbed,200,16,0.118221,
kicks3,Additive+Smooth,perturbed,200,13,0.103069,200.683594
kicks3,Smooth,perturbed,200,11,0.112822,16.992188
kicks3,Convex only,perturbed,200,17,0.182243,
kicks3,Additive,perturbed,200,17,0.106877,
kicks3,Smooth,perturbed,200,12,0.104605,15.820312
kicks3,Smooth,perturbed,200,13,0.110963,14.648438
kicks3,Convex only,perturbed,200,18,0.158219,
kicks3,Additive,perturbed,200,18,0.124124,
kicks3,Additive+Smooth,perturbed,200,11,0.105191,745.117188
kicks3,Additive+Smooth,perturbed,200,15,0.121411,9.960938
kicks3,Convex only,perturbed,200,19,0.156560,
kicks3,Additive,perturbed,200,19,0.111600,
kicks3,Additive+Smooth,perturbed,200,14,0.120824,786.621094
kicks3,Smooth,perturbed,200,15,0.107125,14.648438
kicks3,Smooth,perturbed,200,14,0.112031,15.820312
kicks3,Additive+Smooth,perturbed,200,18,0.085823,18.066406
kicks3,Smooth,perturbed,200,16,0.100626,14.648438
kicks3,Smooth,perturbed,200,17,0.137741,15.820312
kicks3,Smooth,perturbed,200,19,0.101723,13.476562
kicks3,Smooth,perturbed,200,18,0.123205,22.851562
kicks3,Additive+Smooth,perturbed,200,16,0.110171,812.011719
kicks3,Additive+Smooth,perturbed,200,19,0.109380,786.621094
kicks3,Additive+Smooth,not-perturbed,140,13,0.085532,45.898438
smooth,Additive+Smooth,not-perturbed,200,11,0.009197,9.375000
smooth,Additive+Smooth,not-perturbed,200,18,0.011790,8.789062
kicks3,Additive+Smooth,not-perturbed,180,11,0.084516,21.484375
kicks3,Additive+Smooth,perturbed,180,4,0.099561,179.199219
kicks3,Additive+Smooth,not-perturbed,200,14,0.087223,14.648438
smooth,Additive+Smooth,perturbed,200,1,0.019768,200.683594
smooth,Additive+Smooth,perturbed,200,14,0.021790,172.851562
kicks3,Additive+Smooth,perturbed,200,12,0.104246,521.972656
kicks3,Additive+Smooth,perturbed,200,17,0.101917,558.593750
kicks3,Additive+Smooth,not-perturbed,200,5,0.101777,678.222656
